recap_id,game_id,text
1,100001,"On October 21, 2025, the Spokane Outlaws traveled to face the Baton Rouge Falcons. The Spokane Outlaws came away with a 101-94 victory over the Baton Rouge Falcons. Ellison-Reyes (KER) led the Spokane Outlaws with 23 points. On the losing side, Godfrey scored 26 points. At the break, the Baton Rouge Falcons were up 50-42 after the opening two quarters. The Spokane Outlaws rallied back from a 12-point deficit to come away with the win. The go-ahead bucket late in the game came from Thackeray of the Spokane Outlaws. On the boards, Brennan finished with 12 rebounds. At one stretch of the game, the Spokane Outlaws were ahead by 14 points."
2,100002,"On October 21, 2025, the ANC and the TUL met, with the Tulsa Admirals on the road. The Anchorage Herons came away with a 122-88 victory over the Tulsa Admirals. For the winners, Wolfe scored 21 points. For the Tulsa Admirals, Mercer scored a team-high 21 points. At the break, the Anchorage Herons were up 59-45 after the opening two quarters. The Anchorage Herons never trailed at any point in the game. Wolfe set the pace with 10 assists. The Anchorage Herons led by as many as 40 points at one stage of the game."
3,100003,"Mateo Pemberton shook off foul trouble to deliver the decisive basket in the closing minutes as the Boise Glaciers held off the Missoula Anchors 118-114 on October 22, 2025. Boise trailed by just 1 point at its worst moment, in a game they led just 61-60 at halftime. McAllister erupted for 41 points to carry Boise, but Thackeray's 29 points on the losing side weren't enough to offset it. The Glaciers rained in 15 threes down the stretch, riding that shooting to seal the win over the Anchors."
4,100004,"The Tacoma Talons never trailed on October 22, 2025, riding a 55-52 halftime edge over the visiting Austin Sentinels to a 131-118 win. Gallagher topped the Talons with 25 points, while Bellamy answered for Austin with 23 in a losing effort. Tacoma stretched its advantage to as much as 19 points at one stage of the contest, and 13 turnovers by the Sentinels only made the deficit harder to climb out of as the hosts controlled the pace from start to finish."
5,100005,"On the road on October 22, 2025, the BAK took on the ANC at the Anchorage Herons' arena. The Anchorage Herons won, 133-111, over the Bakersfield Wranglers. Fairbanks was the top scorer for the Anchorage Herons, going for 23 points. Brennan paced the Bakersfield Wranglers with 31 points despite the loss. Heading into halftime, the Anchorage Herons led 67-57 through two quarters of play. The Anchorage Herons were in front the entire game, never trailing once. The Anchorage Herons got 44 points off the bench. Rivera battled foul trouble for stretches of the game."
6,100006,"Down by 14 points at one stretch, the Spokane Outlaws still found a way past the visiting El Paso Ospreys on October 22, 2025, escaping with a 125-124 win. Samir Zimmer supplied the late go-ahead score for Spokane, whose Ellison-Reyes (KER) scored 35. Carver was even better for the Ospreys, posting 39 points and 7 assists, and El Paso had led 58-56 at the break. Carver, Zimmer, Salazar and Brennan all fought foul trouble in a game decided by a single point."
7,100007,"The Buffalo Marshals visited the Baton Rouge Falcons on October 22, 2025. The final score was Baton Rouge Falcons 139, Buffalo Marshals 129. Godfrey topped all scorers for the Baton Rouge Falcons with 25 points. On the losing side, Redmond scored 33 points. The Buffalo Marshals held a 66-60 edge at the half of a closely contested game. After facing a 9-point deficit earlier in the game, the Baton Rouge Falcons came all the way back. Godfrey provided the go-ahead points for the Baton Rouge Falcons in the closing minutes. The margin of victory was 10 points. The Baton Rouge Falcons' largest lead of the game was 20 points."
8,100008,"The Missoula Anchors visited the Cheyenne Pioneers on October 23, 2025. The MIS beat the CHE, 136-134. For the winners, Rutledge scored 27 points. Cheyenne Pioneers scorer Bellamy put up 32 points. The Missoula Anchors led 75-63 at the half after two competitive quarters. The Missoula Anchors controlled the game from start to finish, never trailing. Keller came up with the go-ahead basket in the final stretch of the game. McAllister did not suit up for the Missoula Anchors. Foul trouble limited Thackeray and Jennings for parts of the game."
9,100009,"The Spokane Outlaws hosted the Reno Ridgebacks on October 23, 2025. The Spokane Outlaws defeated the Reno Ridgebacks by a score of 107-101. Ellison-Reyes was the top scorer for the Spokane Outlaws, going for 31 points. For the Reno Ridgebacks, Kirby scored a team-high 23 points. At halftime, the Spokane Outlaws were ahead 62-55 following the first two periods. The Spokane Outlaws erased a 11-point hole along the way to close out the win. Ramsey provided the go-ahead points for the Spokane Outlaws in the closing minutes. On the boards, Brennan finished with 18 rebounds. Thackeray picked up enough fouls during the game to be in foul trouble."
10,100010,"On October 24, 2025, the Anchorage Herons traveled to face the Boise Glaciers. The Anchorage Herons won, 127-114, over the Boise Glaciers. Fairbanks topped all scorers for the Anchorage Herons with 43 points. On the losing side, Sawyer scored 25 points. The Boise Glaciers led 62-59 at the half after two competitive quarters. Down by as many as 8 points during the game, the Anchorage Herons still found a way to win. The go-ahead bucket late in the game came from Moreno of the Anchorage Herons. Distributing the ball, Wolfe finished with 10 assists. The Anchorage Herons led by as many as 19 points at one stage of the game."
11,100011,"On October 24, 2025, the Bakersfield Wranglers welcomed the Reno Ridgebacks at home. The Bakersfield Wranglers defeated the Reno Ridgebacks by a score of 120-116. Brennan paced the Bakersfield Wranglers attack, scoring 31 points. Kirby scored 30 points to lead the Reno Ridgebacks. The Bakersfield Wranglers led 62-61 at the half after two competitive quarters. The Bakersfield Wranglers overcame a 4-point deficit at one stage to win the game. The go-ahead bucket late in the game came from Brennan of the Bakersfield Wranglers. The Bakersfield Wranglers knocked down 10 shots from deep. 8 lead changes kept the outcome in doubt until late in the game."
12,100012,"Never trailing at any point, the Birmingham Foxes beat the Baton Rouge Falcons 117-107 on October 24, 2025, thanks to a 58-54 cushion built by halftime. Brennan poured in a game-high 34 points for Birmingham despite battling foul trouble, and Godfrey answered with 27 for Baton Rouge. The difference showed up on the other end of the floor too, where the Falcons coughed the ball up 21 times and never recovered from the deficit the Foxes had established early. Birmingham controlled the tempo from the opening whistle, and the Falcons never found the answer that might have let them climb back into it."
13,100013,"The Albany Condors visited the Tulsa Admirals on October 24, 2025. The ALB beat the TUL, 122-90. Cortez was the top scorer for the Albany Condors, going for 25 points. Tulsa Admirals scorer Hargrove put up 22 points. Heading into halftime, the Albany Condors led 59-40 through two quarters of play. The Albany Condors led wire-to-wire from the opening tip. Reserves for the Albany Condors scored 57 points. The Albany Condors built a lead as big as 38 points during the game."
14,100014,"On the road on October 24, 2025, the HON took on the AUS at the Austin Sentinels' arena. The HON beat the AUS, 117-112. Sinclair was the top scorer for the Honolulu Miners, going for 44 points. For the Austin Sentinels, Dupree and Whitaker scored a team-high 16 points. Heading into halftime, the Honolulu Miners led 63-52 through two quarters of play. The Honolulu Miners did not trail at any point in the game. It was Sinclair who put the Honolulu Miners ahead for good late in the fourth. Sinclair posted a double-double with 44 points and 12 rebounds. Pruitt and Bellamy dealt with foul trouble over the course of the game."
15,100015,"The Providence Skylarks visited the El Paso Ospreys on October 24, 2025. The El Paso Ospreys defeated the Providence Skylarks by a score of 137-109. For the winners, Rivera scored 22 points. Providence Skylarks scorer Donnelly put up 21 points. At the break, the El Paso Ospreys were up 66-57 after the opening two quarters. Down by as many as 4 points during the game, the El Paso Ospreys still found a way to win. It was Carver who put the El Paso Ospreys ahead for good late in the fourth. The margin of victory was 28 points. Abbott dealt with foul trouble over the course of the game."
16,100016,"On the road on October 24, 2025, the FRE took on the TAC at the Tacoma Talons' arena. The final score was Tacoma Talons 98, Fresno Bison 79. Vance paced the Tacoma Talons attack, scoring 21 points. For the Fresno Bison, Ellison scored a team-high 20 points. The Tacoma Talons held a 48-41 edge at the half of a closely contested game. The Tacoma Talons erased a 3-point hole along the way to close out the win. Rhodes delivered the decisive go-ahead score for the Tacoma Talons down the stretch. Donnelly (TAC), a rotation regular, did not appear in the box score. The Tacoma Talons opened up a 26-point advantage at one point in the game."
17,100017,"On October 24, 2025, the ALE and the BUF met, with the Buffalo Marshals on the road. The Albuquerque Lancers defeated the Buffalo Marshals by a score of 121-103. For the winners, Salazar scored 24 points. Buffalo Marshals scorer Thornton put up 25 points. At the break, the Albuquerque Lancers were up 56-50 after the opening two quarters. The Albuquerque Lancers never trailed at any point in the game. Salazar pulled down a game-high 15 rebounds. The Albuquerque Lancers opened up a 19-point advantage at one point in the game."
18,100018,"On October 25, 2025, the Columbus Voyagers welcomed the Tacoma Talons at home. The Columbus Voyagers came away with a 120-110 victory over the Tacoma Talons. Sinclair paced the Columbus Voyagers attack, scoring 32 points. Bellamy scored 27 points to lead the Tacoma Talons. Heading into halftime, the Columbus Voyagers led 60-48 through two quarters of play. The Columbus Voyagers never trailed at any point in the game. Sinclair dished out a team-high 8 assists. Ramsey and Sinclair battled foul trouble for stretches of the game."
19,100019,"The Cheyenne Pioneers hosted the Fresno Bison on October 25, 2025. The Cheyenne Pioneers topped the Fresno Bison, 129-108. Salazar was the top scorer for the Cheyenne Pioneers, going for 22 points. For the Fresno Bison, Barnett scored a team-high 19 points. The Cheyenne Pioneers took a 63-60 lead into the locker room at the break. Down by as many as 5 points during the game, the Cheyenne Pioneers still found a way to win. The go-ahead bucket late in the game came from Radford of the Cheyenne Pioneers. 17 made threes came from the Cheyenne Pioneers. The Cheyenne Pioneers built a lead as big as 24 points during the game."
20,100020,"The Honolulu Miners hosted the Boise Glaciers on October 25, 2025. The Honolulu Miners won, 128-110, over the Boise Glaciers. Honolulu Miners scorer Sinclair finished with a game-high 49 points. McAllister scored 31 points to lead the Boise Glaciers. The Honolulu Miners took a 67-51 lead into the locker room at the break. The Honolulu Miners did not trail at any point in the game. 12 turnovers plagued the Boise Glaciers. Sawyer picked up enough fouls during the game to be in foul trouble."
21,100021,"On October 26, 2025, the Bakersfield Wranglers welcomed the Austin Sentinels at home. The Austin Sentinels won, 114-113, over the Bakersfield Wranglers. Bellamy was the top scorer for the Austin Sentinels, going for 28 points. Brennan paced the Bakersfield Wranglers with 32 points despite the loss. At the break, the Austin Sentinels were up 58-53 after the opening two quarters. The Austin Sentinels erased a 4-point hole along the way to close out the win. Emerson delivered the decisive go-ahead score for the Austin Sentinels down the stretch. The Austin Sentinels bench unit produced 42 points. The Austin Sentinels built a lead as big as 5 points during the game."
22,100022,"On October 26, 2025, the BOI and the DES met, with the Des Moines Vultures on the road. The Boise Glaciers defeated the Des Moines Vultures by a score of 114-110. Montgomery was the top scorer for the Boise Glaciers, going for 31 points. For the Des Moines Vultures, Redmond scored a team-high 33 points. The Boise Glaciers led 63-53 at the half after two competitive quarters. The Boise Glaciers erased a 3-point hole along the way to close out the win. Montgomery came up with the go-ahead basket in the final stretch of the game. Redmond recorded a double-double at 33 points and 8 assists. The Boise Glaciers led by as many as 13 points at one stage of the game."
23,100023,"The Albuquerque Lancers hosted the Raleigh Wardens on October 26, 2025. The Albuquerque Lancers defeated the Raleigh Wardens by a score of 107-101. Salazar led the Albuquerque Lancers with 27 points. Raleigh Wardens scorer Ramsey put up 31 points. The Albuquerque Lancers took a 60-45 lead into the locker room at the break. The Albuquerque Lancers led wire-to-wire from the opening tip. The margin of victory was 6 points. The Albuquerque Lancers' largest lead of the game was 20 points."
24,100024,"On the road on October 26, 2025, the SPO took on the JAC at the Jacksonville Cobras' arena. The SPO beat the JAC, 117-100. Zimmer was the top scorer for the Spokane Outlaws, going for 31 points. Jacksonville Cobras scorer Brennan put up 17 points. At the break, the Jacksonville Cobras were up 55-51 after the opening two quarters. The Spokane Outlaws trailed by 6 points at one stage before pulling away for good. The go-ahead bucket late in the game came from Ellison-Reyes of the Spokane Outlaws. Radford (SPO), a rotation regular, did not appear in the box score. Foul trouble limited Vasquez for parts of the game."
25,100025,"On October 26, 2025, the Missoula Anchors traveled to face the Honolulu Miners. The Missoula Anchors topped the Honolulu Miners, 122-108. Missoula Anchors scorer Keller finished with a game-high 25 points. Zimmer led the Honolulu Miners with 41 points in the loss. The Missoula Anchors led 64-48 at the half after two competitive quarters. The Missoula Anchors did not trail at any point in the game. Oakley paced the glass work with 14 boards. The Missoula Anchors led by as many as 18 points at one stage of the game."
26,100026,"On October 27, 2025, the BAT and the ALE met, with the Albuquerque Lancers on the road. The Albuquerque Lancers came away with a 125-92 victory over the Baton Rouge Falcons. Salazar paced the Albuquerque Lancers attack, scoring 40 points. Godfrey scored 22 points to lead the Baton Rouge Falcons. Heading into halftime, the Albuquerque Lancers led 64-45 through two quarters of play. Down by as many as 6 points during the game, the Albuquerque Lancers still found a way to win. Salazar came up with the go-ahead basket in the final stretch of the game. Ball movement ran through Dalton, who had 6 assists. The two teams traded the lead 7 times during the contest."
27,100027,"On October 27, 2025, the MIS and the ANC met, with the Anchorage Herons on the road. The Missoula Anchors defeated the Anchorage Herons by a score of 109-107. Keller paced the Missoula Anchors attack, scoring 23 points. Fairbanks led the Anchorage Herons with 22 points in the loss. The Missoula Anchors held a 58-55 edge at the half of a closely contested game. The Missoula Anchors did not trail at any point in the game. The go-ahead bucket late in the game came from Castellano of the Missoula Anchors. The Missoula Anchors knocked down 11 shots from deep. Foul trouble was an issue at times for Keller and Keller and Sawyer."
28,100028,"El Paso Ospreys erased a 3-point hole and rode a 65-56 halftime lead to a 139-121 road win over the Buffalo Marshals on October 27, 2025, with Damian Stanton supplying the decisive go-ahead score down the stretch. Salazar scored 31 for the winners, matching Redmond's team-high 31 for Buffalo, and El Paso pushed the margin as high as 20 points along the way. The Marshals' 10 turnovers didn't help their cause as the visitors pulled away late. El Paso's balance up front made the difference once the Marshals started giving the ball away in bunches down the stretch."
29,100029,"The Grand Rapids Drifters hosted the Reno Ridgebacks on October 27, 2025. The final score was Grand Rapids Drifters 126, Reno Ridgebacks 113. Grand Rapids Drifters scorer Salazar finished with a game-high 27 points. Reno Ridgebacks scorer Kirby put up 30 points. The Grand Rapids Drifters took a 69-54 lead into the locker room at the break. The Grand Rapids Drifters trailed by 3 points at one stage before pulling away for good. Kirby delivered the decisive go-ahead score for the Grand Rapids Drifters down the stretch. 46 bench points helped the Grand Rapids Drifters. The lead changed hands 3 times during the course of the game."
30,100030,"On October 27, 2025, the Fresno Bison welcomed the Tulsa Admirals at home. The FRE beat the TUL, 126-124. Pruitt topped all scorers for the Fresno Bison with 34 points. Hargrove scored 30 points to lead the Tulsa Admirals. Heading into halftime, the Tulsa Admirals led 65-63 through two quarters of play. Down by as many as 5 points during the game, the Fresno Bison still found a way to win. The go-ahead bucket late in the game came from Boone of the Fresno Bison. Barnett added a double-double, going for 14 points and 1 assists. Barnett battled foul trouble for stretches of the game."
31,100031,"On the road on October 27, 2025, the BIR took on the SPO at the Spokane Outlaws' arena. The Spokane Outlaws defeated the Birmingham Foxes by a score of 127-108. Spokane Outlaws scorer Ellison-Reyes (KER) finished with a game-high 31 points. Brennan led the Birmingham Foxes with 19 points in the loss. At the break, the Spokane Outlaws were up 65-54 after the opening two quarters. The Spokane Outlaws rallied back from a 5-point deficit to come away with the win. Brennan came up with the go-ahead basket in the final stretch of the game. The final margin was 19 points. The Spokane Outlaws led by up to 22 points along the way to the win."
32,100032,"On October 27, 2025, the Honolulu Miners welcomed the Tacoma Talons at home. The Tacoma Talons defeated the Honolulu Miners by a score of 119-109. Vance led the Tacoma Talons with 31 points. Sinclair led the Honolulu Miners with 43 points in the loss. The Tacoma Talons led 63-54 at the half after two competitive quarters. Down by as many as 4 points during the game, the Tacoma Talons still found a way to win. It was Navarro who put the Tacoma Talons ahead for good late in the fourth. Langford, normally in the rotation for the Tacoma Talons, did not play. The game featured 18 lead changes before it was finally decided."
33,100033,"Trent Whitaker's go-ahead basket down the stretch put the Austin Sentinels in front for good as they beat the Des Moines Vultures 128-103 at home on October 27, 2025. Austin had briefly trailed by 1 point despite taking a 63-53 lead into the break, and Dalton led the way with 27 points against Bellamy's 26 for Des Moines. Rivera grabbed a team-best 9 rebounds, and foul trouble limited Godfrey for stretches as the Sentinels pulled away. Austin's response after that brief scare set the tone for the rest of the night in front of the home crowd."
34,100034,"On October 28, 2025, the Baton Rouge Falcons welcomed the Des Moines Vultures at home. The final score was Baton Rouge Falcons 107, Des Moines Vultures 105. Sheffield topped all scorers for the Baton Rouge Falcons with 20 points. Redmond scored 27 points to lead the Des Moines Vultures. At the break, the Baton Rouge Falcons were up 55-47 after the opening two quarters. The Baton Rouge Falcons were in front the entire game, never trailing once. The go-ahead bucket late in the game came from Thackeray of the Baton Rouge Falcons. Ball movement ran through Navarro, who had 5 assists. The Baton Rouge Falcons built a lead as big as 14 points during the game."
35,100035,"On October 28, 2025, the Cheyenne Pioneers traveled to face the Reno Ridgebacks. The Reno Ridgebacks came away with a 105-104 victory over the Cheyenne Pioneers. Reno Ridgebacks scorer Kirby finished with a game-high 31 points. For the Cheyenne Pioneers, Bellamy scored a team-high 33 points. The Cheyenne Pioneers led 57-53 at the half after two competitive quarters. The Reno Ridgebacks erased a 9-point hole along the way to close out the win. Pruitt delivered the decisive go-ahead score for the Reno Ridgebacks down the stretch. 14 made threes came from the Reno Ridgebacks. It was a back-and-forth affair, with 5 lead changes along the way."
36,100036,"On the road on October 29, 2025, the BAK took on the CHE at the Cheyenne Pioneers' arena. The Cheyenne Pioneers came away with a 138-134 victory over the Bakersfield Wranglers. For the winners, Bellamy scored 51 points. Brennan led the Bakersfield Wranglers with 34 points in the loss. At the break, the Bakersfield Wranglers were up 67-64 after the opening two quarters. The Cheyenne Pioneers overcame a 5-point deficit at one stage to win the game. Jennings hit the go-ahead jumper late in the fourth quarter. Ball security was a problem, with the Bakersfield Wranglers turning it over 14 times. Foul trouble limited Kirby and Salazar and Jennings and Ellison and Yates for parts of the game."
37,100037,"On October 29, 2025, the Reno Ridgebacks welcomed the Honolulu Miners at home. The Honolulu Miners came away with a 127-120 victory over the Reno Ridgebacks. Zimmer led the Honolulu Miners with 51 points. On the losing side, Kirby scored 32 points. At the break, the Honolulu Miners were up 67-64 after the opening two quarters. The Honolulu Miners erased a 3-point hole along the way to close out the win. Ocampo hit the go-ahead jumper late in the fourth quarter. 22 bench points helped the Honolulu Miners. The Honolulu Miners built a lead as big as 10 points during the game."
38,100038,"On October 29, 2025, the Louisville Nomads traveled to face the El Paso Ospreys. The final score was Louisville Nomads 115, El Paso Ospreys 111. Louisville Nomads scorer Vance finished with a game-high 21 points. Salazar led the El Paso Ospreys with 37 points in the loss. Heading into halftime, the El Paso Ospreys led 58-57 through two quarters of play. Down by as many as 2 points during the game, the Louisville Nomads still found a way to win. It was Salazar who put the Louisville Nomads ahead for good late in the fourth. Stanton turned in a double-double with 11 points and 10 rebounds. The game featured 18 lead changes before it was finally decided."
39,100039,"The Des Moines Vultures hosted the Spokane Outlaws on October 29, 2025. The final score was Spokane Outlaws 141, Des Moines Vultures 135. For the winners, Ellison-Reyes scored 55 points. Bellamy scored 36 points to lead the Des Moines Vultures. The Spokane Outlaws took a 69-62 lead into the locker room at the break. The Spokane Outlaws trailed by 8 points at one stage before pulling away for good. The go-ahead bucket late in the game came from Thackeray of the Spokane Outlaws. The Spokane Outlaws came out on top by 6 points. Larkin and Bellamy and Brennan and Winslow spent stretches of the game in foul trouble."
40,100040,"On October 29, 2025, the Missoula Anchors traveled to face the Fresno Bison. The Fresno Bison defeated the Missoula Anchors by a score of 114-107. Pruitt topped all scorers for the Fresno Bison with 30 points. Keller paced the Missoula Anchors with 23 points despite the loss. Heading into halftime, the Fresno Bison led 59-57 through two quarters of play. The Fresno Bison overcame a 5-point deficit at one stage to win the game. The go-ahead bucket late in the game came from Boone of the Fresno Bison. The Missoula Anchors were without regular contributor McAllister. The Fresno Bison opened up a 14-point advantage at one point in the game."
41,100041,"Kofi Salazar hit the go-ahead jumper late in the fourth as the Albuquerque Lancers erased a 5-point deficit to beat the Tulsa Admirals 120-116 on the road on October 29, 2025. Salazar finished with a game-high 29 points, while Carver led Tulsa with 27; the Admirals had actually held a 60-59 edge at halftime. Dalton grabbed a game-high 12 rebounds, and with only 1 lead change the whole way, the outcome stayed in doubt deep into the fourth quarter. It stayed a coin-flip contest until Salazar's late heroics finally tilted things Albuquerque's way for good."
42,100042,"Derek Jennings put the Raleigh Wardens ahead for good late in the fourth as they ran past the Austin Sentinels 146-114 on the road on October 29, 2025, despite trailing by 6 points earlier in the game. Ramsey led Raleigh with a game-high 24 points, Pruitt answered with a team-high 19 for Austin, and the Wardens had already built a 74-62 halftime cushion. Dominic Emerson dished 8 assists for Austin, and Raleigh's lead ballooned to 36 points at its peak. Raleigh's offense hummed from wire to wire once the Wardens shook off that early deficit and found their rhythm."
43,100043,"On October 30, 2025, the Anchorage Herons traveled to face the Tacoma Talons. The Tacoma Talons defeated the Anchorage Herons by a score of 137-131. Bellamy led the Tacoma Talons with 42 points. Anchorage Herons scorer Rivera put up 50 points. The Tacoma Talons took a 78-67 lead into the locker room at the break. The Tacoma Talons did not trail at any point in the game. The Tacoma Talons knocked down 18 shots from deep. The Tacoma Talons built a lead as big as 14 points during the game."
44,100044,"On October 30, 2025, the BAK and the CHE met, with the Cheyenne Pioneers on the road. The Bakersfield Wranglers topped the Cheyenne Pioneers, 118-96. Brennan was the top scorer for the Bakersfield Wranglers, going for 36 points. Cheyenne Pioneers scorer Bellamy put up 33 points. The Bakersfield Wranglers led 59-48 at the half after two competitive quarters. The Bakersfield Wranglers did not trail at any point in the game. 21 turnovers plagued the Cheyenne Pioneers. Rivera dealt with foul trouble over the course of the game."
45,100045,"Albuquerque Lancers overcame an early 6-point deficit and got the late go-ahead bucket from Kofi Salazar, who scored a game-high 31 points, to beat the visiting Providence Skylarks 118-107 on October 30, 2025. Salazar's Lancers had led 59-50 at the break, and 41 points off their bench proved decisive even though Jennings dropped 41 of his own for Providence. Abbott and Mercer both picked up enough fouls to land in foul trouble along the way. Providence simply could not match the depth Albuquerque brought off its bench once the lead changed hands for good."
46,100046,"On October 31, 2025, the Austin Sentinels welcomed the Tulsa Admirals at home. The Austin Sentinels defeated the Tulsa Admirals by a score of 128-122. Bellamy was the top scorer for the Austin Sentinels, going for 35 points. Tulsa Admirals scorer Carver put up 27 points. At halftime, the Tulsa Admirals were ahead 65-64 following the first two periods. The Austin Sentinels overcame a 8-point deficit at one stage to win the game. It was Whitaker who put the Austin Sentinels ahead for good late in the fourth. The Austin Sentinels won it by 6. The Austin Sentinels led by as many as 9 points at one stage of the game."
47,100047,"On October 31, 2025, the MIS and the TAC met, with the Tacoma Talons on the road. The Missoula Anchors won, 139-119, over the Tacoma Talons. Keller paced the Missoula Anchors attack, scoring 26 points. For the Tacoma Talons, Bellamy scored a team-high 35 points. The Missoula Anchors led 62-57 at the half after two competitive quarters. The Missoula Anchors overcame a 4-point deficit at one stage to win the game. It was Mercer who put the Missoula Anchors ahead for good late in the fourth. The margin of victory was 20 points. The lead changed hands 12 times during the course of the game."
48,100048,"On October 31, 2025, the Boise Glaciers welcomed the Honolulu Miners at home. The Honolulu Miners topped the Boise Glaciers, 116-115. Zimmer was the top scorer for the Honolulu Miners, going for 28 points. Boise Glaciers scorer Montgomery put up 33 points. Heading into halftime, the Honolulu Miners led 59-54 through two quarters of play. The Honolulu Miners did not trail at any point in the game. It was Ocampo who put the Honolulu Miners ahead for good late in the fourth. Sinclair sat out for the Honolulu Miners, absent from the box score. Foul trouble limited Hastings and Radford for parts of the game."
49,100049,"On October 31, 2025, the Fresno Bison welcomed the Bakersfield Wranglers at home. The final score was Fresno Bison 129, Bakersfield Wranglers 102. For the winners, Ellison scored 30 points. Bakersfield Wranglers scorer Wakefield put up 21 points. The Fresno Bison held a 68-46 edge at the half of a closely contested game. The Fresno Bison controlled the game from start to finish, never trailing. Boone paced the glass work with 7 boards. The Fresno Bison' largest lead of the game was 28 points."
50,100050,"On November 1, 2025, the TAC and the DES met, with the Des Moines Vultures on the road. The Tacoma Talons topped the Des Moines Vultures, 114-83. For the winners, Vance scored 21 points. Lockhart paced the Des Moines Vultures with 14 points despite the loss. The Tacoma Talons led 60-43 at the half after two competitive quarters. The Tacoma Talons trailed by 2 points at one stage before pulling away for good. Marlow provided the go-ahead points for the Tacoma Talons in the closing minutes. Lockhart handed out 9 assists to lead all passers. The lead changed hands 2 times during the course of the game."
51,100051,"The Tulsa Admirals hosted the Missoula Anchors on November 1, 2025. The Missoula Anchors won, 125-117, over the Tulsa Admirals. Castellano was the top scorer for the Missoula Anchors, going for 35 points. Gentry paced the Tulsa Admirals with 26 points despite the loss. At the break, the Missoula Anchors were up 63-53 after the opening two quarters. The Missoula Anchors rallied back from a 1-point deficit to come away with the win. Abbott provided the go-ahead points for the Missoula Anchors in the closing minutes. The Missoula Anchors knocked down 13 shots from deep. Keller spent stretches of the game in foul trouble."
52,100052,"Carlos Navarro provided the go-ahead points down the stretch as the Albany Condors blew past the Austin Sentinels 131-95 at home on November 1, 2025, after briefly trailing by 3 points. Navarro finished with 24 for the winners against Pruitt's 18 for Austin, and Albany's 69-44 halftime lead only grew from there, eventually reaching 43 points. Foul trouble dogged Pruitt as the Sentinels turned it over 10 times in a game that got away from them early. Albany's balance up and down the roster turned a competitive first half into a laugher by the final horn."
53,100053,"On November 1, 2025, the Spokane Outlaws welcomed the Reno Ridgebacks at home. The final score was Spokane Outlaws 113, Reno Ridgebacks 99. Ellison-Reyes led the Spokane Outlaws with 33 points. Easton paced the Reno Ridgebacks with 21 points despite the loss. The Spokane Outlaws held a 54-44 edge at the half of a closely contested game. The Spokane Outlaws controlled the game from start to finish, never trailing. The Spokane Outlaws got 29 points off the bench. Brennan picked up enough fouls during the game to be in foul trouble."
54,100054,"On November 1, 2025, the Baton Rouge Falcons traveled to face the El Paso Ospreys. The El Paso Ospreys topped the Baton Rouge Falcons, 110-102. Zimmer was the top scorer for the El Paso Ospreys, going for 27 points. McAllister scored 29 points to lead the Baton Rouge Falcons. The El Paso Ospreys held a 54-50 edge at the half of a closely contested game. The El Paso Ospreys did not trail at any point in the game. Carver recorded a double-double at 26 points and 6 assists. Carver picked up enough fouls during the game to be in foul trouble."
55,100055,"On November 2, 2025, the RAL and the MIS met, with the Missoula Anchors on the road. The RAL beat the MIS, 136-131. Jennings topped all scorers for the Raleigh Wardens with 29 points. Keller paced the Missoula Anchors with 33 points despite the loss. The Raleigh Wardens led 71-64 at the half after two competitive quarters. The Raleigh Wardens never trailed at any point in the game. Quigley delivered the decisive go-ahead score for the Raleigh Wardens down the stretch. The Raleigh Wardens won it by 5. At one stretch of the game, the Raleigh Wardens were ahead by 17 points."
56,100056,"The Cheyenne Pioneers hosted the Spokane Outlaws on November 2, 2025. The Spokane Outlaws came away with a 144-112 victory over the Cheyenne Pioneers. Spokane Outlaws scorer Ellison-Reyes (KER) finished with a game-high 31 points. For the Cheyenne Pioneers, Kirby scored a team-high 20 points. At the break, the Spokane Outlaws were up 73-62 after the opening two quarters. Down by as many as 3 points during the game, the Spokane Outlaws still found a way to win. Zimmer hit the go-ahead jumper late in the fourth quarter. Pruitt, normally in the rotation for the Cheyenne Pioneers, did not play. It was a back-and-forth affair, with 18 lead changes along the way."
57,100057,"On November 2, 2025, the BOI and the ANC met, with the Anchorage Herons on the road. The ANC beat the BOI, 123-112. Anchorage Herons scorer Wolfe finished with a game-high 27 points. On the losing side, Montgomery and McAllister scored 26 points. The Boise Glaciers led 60-57 at the half after two competitive quarters. The Anchorage Herons rallied back from a 9-point deficit to come away with the win. Fairbanks delivered the decisive go-ahead score for the Anchorage Herons down the stretch. Wolfe cleaned up 12 rebounds to lead all players. Foul trouble limited Sawyer and Rivera and Emerson for parts of the game."
58,100058,"On the road on November 2, 2025, the ALE took on the BAK at the Bakersfield Wranglers' arena. The final score was Bakersfield Wranglers 111, Albuquerque Lancers 102. Wakefield led the Bakersfield Wranglers with 25 points. Holloway led the Albuquerque Lancers with 26 points in the loss. The Bakersfield Wranglers held a 55-52 edge at the half of a closely contested game. The Bakersfield Wranglers erased a 9-point hole along the way to close out the win. Wakefield hit the go-ahead jumper late in the fourth quarter. Distributing the ball, Brennan finished with 7 assists. The Bakersfield Wranglers opened up a 16-point advantage at one point in the game."
59,100059,"On November 2, 2025, the El Paso Ospreys traveled to face the Tacoma Talons. The El Paso Ospreys came away with a 104-100 victory over the Tacoma Talons. Sinclair paced the El Paso Ospreys attack, scoring 31 points. Vance scored 21 points to lead the Tacoma Talons. Heading into halftime, the El Paso Ospreys led 49-44 through two quarters of play. After facing a 2-point deficit earlier in the game, the El Paso Ospreys came all the way back. Garner delivered the decisive go-ahead score for the El Paso Ospreys down the stretch. The El Paso Ospreys connected on 11 threes. The lead changed hands 5 times during the course of the game."
60,100060,"On November 3, 2025, the Cincinnati Stallions welcomed the Fresno Bison at home. The Cincinnati Stallions defeated the Fresno Bison by a score of 120-105. McAllister led the Cincinnati Stallions with 37 points. Barnett led the Fresno Bison with 33 points in the loss. Heading into halftime, the Fresno Bison led 62-59 through two quarters of play. The Cincinnati Stallions overcame a 11-point deficit at one stage to win the game. The go-ahead bucket late in the game came from McAllister of the Cincinnati Stallions. The Fresno Bison coughed it up 15 times. The Cincinnati Stallions built a lead as big as 16 points during the game."
61,100061,"The Reno Ridgebacks hosted the Spokane Outlaws on November 3, 2025. The SPO beat the REN, 132-101. Brennan topped all scorers for the Spokane Outlaws with 33 points. Jennings led the Reno Ridgebacks with 24 points in the loss. Heading into halftime, the Spokane Outlaws led 57-51 through two quarters of play. The Spokane Outlaws trailed by 4 points at one stage before pulling away for good. Brennan hit the go-ahead jumper late in the fourth quarter. Non-starters for the Spokane Outlaws combined for 26 points. The Spokane Outlaws opened up a 38-point advantage at one point in the game."
62,100062,"On November 3, 2025, the ALE and the AUS met, with the Austin Sentinels on the road. The Albuquerque Lancers defeated the Austin Sentinels by a score of 111-101. Holloway topped all scorers for the Albuquerque Lancers with 26 points. Dalton scored 19 points to lead the Austin Sentinels. At halftime, the Albuquerque Lancers were ahead 53-51 following the first two periods. The Albuquerque Lancers rallied back from a 5-point deficit to come away with the win. It was Donnelly who put the Albuquerque Lancers ahead for good late in the fourth. Dalton turned in a double-double with 19 points and 11 rebounds. The two teams traded the lead 9 times during the contest."
63,100063,"On November 3, 2025, the El Paso Ospreys traveled to face the Cheyenne Pioneers. The El Paso Ospreys won, 129-101, over the Cheyenne Pioneers. El Paso Ospreys scorer Carver finished with a game-high 27 points. Radford scored 19 points to lead the Cheyenne Pioneers. The El Paso Ospreys led 56-54 at the half after two competitive quarters. The El Paso Ospreys did not trail at any point in the game. The El Paso Ospreys won it by 28. Foul trouble limited Yates for parts of the game."
64,100064,"Chase Donnelly hit the go-ahead jumper late in the fourth quarter as the Jacksonville Cobras beat the Tulsa Admirals 115-98 on the road on November 3, 2025. Donnelly's 30 points led Jacksonville after the Cobras trailed by 7 points and still took a 57-50 lead into the break. Gentry countered with 20 for Tulsa, Thackeray was absent from Jacksonville's box score entirely, and the Cobras' advantage swelled to 22 points before the final buzzer sounded. Jacksonville leaned on its depth once Donnelly's jumper put the Cobras in front for good down the stretch."
65,100065,"On November 3, 2025, the Honolulu Miners traveled to face the Richmond Kestrels. The Honolulu Miners topped the Richmond Kestrels, 121-111. Honolulu Miners scorer Sinclair finished with a game-high 38 points. For the Richmond Kestrels, Ashby scored a team-high 34 points. At the break, the Honolulu Miners were up 64-54 after the opening two quarters. The Honolulu Miners overcame a 5-point deficit at one stage to win the game. The go-ahead bucket late in the game came from Hastings of the Honolulu Miners. Gallagher pulled down a game-high 10 rebounds. The game featured 17 lead changes before it was finally decided."
66,100066,"On November 3, 2025, the Bakersfield Wranglers welcomed the Des Moines Vultures at home. The final score was Bakersfield Wranglers 133, Des Moines Vultures 98. Brennan topped all scorers for the Bakersfield Wranglers with 33 points. For the Des Moines Vultures, Lockhart scored a team-high 21 points. At the break, the Bakersfield Wranglers were up 63-54 after the opening two quarters. The Bakersfield Wranglers rallied back from a 6-point deficit to come away with the win. Sawyer delivered the decisive go-ahead score for the Bakersfield Wranglers down the stretch. Lockhart handed out 8 assists to lead all passers. At one stretch of the game, the Bakersfield Wranglers were ahead by 42 points."
67,100067,"On November 4, 2025, the ALE and the JAC met, with the Jacksonville Cobras on the road. The Albuquerque Lancers topped the Jacksonville Cobras, 135-126. Holloway led the Albuquerque Lancers with 26 points. Brennan led the Jacksonville Cobras with 38 points in the loss. At the break, the Albuquerque Lancers were up 72-62 after the opening two quarters. The Albuquerque Lancers overcame a 3-point deficit at one stage to win the game. Holloway hit the go-ahead jumper late in the fourth quarter. The Albuquerque Lancers knocked down 17 shots from deep. The Albuquerque Lancers' largest lead of the game was 10 points."
68,100068,"On November 4, 2025, the Missoula Anchors welcomed the Honolulu Miners at home. The Honolulu Miners came away with a 123-115 victory over the Missoula Anchors. Vasquez led the Honolulu Miners with 29 points. On the losing side, Keller scored 33 points. The Missoula Anchors held a 56-53 edge at the half of a closely contested game. The Honolulu Miners erased a 3-point hole along the way to close out the win. It was Ocampo who put the Honolulu Miners ahead for good late in the fourth. Turnovers were an issue for the Missoula Anchors, who had 18. The two teams traded the lead 1 times during the contest."
69,100069,"On the road on November 4, 2025, the TAC took on the TUL at the Tulsa Admirals' arena. The Tacoma Talons defeated the Tulsa Admirals by a score of 124-106. Tacoma Talons scorer Maddox finished with a game-high 32 points. Radford scored 20 points to lead the Tulsa Admirals. At the break, the Tacoma Talons were up 60-54 after the opening two quarters. After facing a 3-point deficit earlier in the game, the Tacoma Talons came all the way back. It was Navarro who put the Tacoma Talons ahead for good late in the fourth. The Tacoma Talons got 48 points off the bench. The Tacoma Talons led by as many as 18 points at one stage of the game."
70,100070,"On the road on November 5, 2025, the ANC took on the FRE at the Fresno Bison' arena. The Anchorage Herons came away with a 130-116 victory over the Fresno Bison. Wolfe was the top scorer for the Anchorage Herons, going for 55 points. Ellison scored 23 points to lead the Fresno Bison. Heading into halftime, the Anchorage Herons led 62-54 through two quarters of play. The Anchorage Herons trailed by 4 points at one stage before pulling away for good. Wolfe came up with the go-ahead basket in the final stretch of the game. Wolfe posted a double-double with 55 points and 12 rebounds. The Anchorage Herons' largest lead of the game was 18 points."
71,100071,"The Bakersfield Wranglers never trailed on November 5, 2025, building a 68-61 halftime lead over the visiting Albuquerque Lancers before closing out a 130-118 win. Brennan led all scorers with 28 points for Bakersfield, Dalton answered with 26 for the Lancers despite battling foul trouble, and the final margin held at 12 points from a game that never once flipped in Albuquerque's favor. Bakersfield's offense never let up once the Wranglers took control early, cruising home from the opening tip."
72,100072,"On November 5, 2025, the Honolulu Miners traveled to face the Jacksonville Cobras. The Jacksonville Cobras came away with a 122-102 victory over the Honolulu Miners. For the winners, Gentry scored 21 points. Honolulu Miners scorer Sinclair put up 22 points. The Jacksonville Cobras took a 62-56 lead into the locker room at the break. Down by as many as 2 points during the game, the Jacksonville Cobras still found a way to win. Castellano came up with the go-ahead basket in the final stretch of the game. There was no box score entry for Lockhart of the Jacksonville Cobras. The Jacksonville Cobras' largest lead of the game was 22 points."
73,100073,"On November 5, 2025, the REN and the BOI met, with the Boise Glaciers on the road. The final score was Boise Glaciers 144, Reno Ridgebacks 117. For the winners, McAllister scored 26 points. On the losing side, Kirby scored 26 points. Heading into halftime, the Boise Glaciers led 73-62 through two quarters of play. The Boise Glaciers rallied back from a 5-point deficit to come away with the win. The go-ahead bucket late in the game came from Emerson of the Boise Glaciers. No one out-rebounded Brennan, who grabbed 13. The Boise Glaciers built a lead as big as 29 points during the game."
74,100074,"The Missoula Anchors visited the Columbus Voyagers on November 5, 2025. The Missoula Anchors defeated the Columbus Voyagers by a score of 115-103. For the winners, Thackeray scored 35 points. Winslow scored 22 points to lead the Columbus Voyagers. Heading into halftime, the Columbus Voyagers led 55-52 through two quarters of play. Down by as many as 10 points during the game, the Missoula Anchors still found a way to win. The go-ahead bucket late in the game came from Keller of the Missoula Anchors. Distributing the ball, Sinclair finished with 7 assists. There were 5 lead changes over the course of the game."
75,100075,"On November 5, 2025, the Austin Sentinels welcomed the Spokane Outlaws at home. The Spokane Outlaws won, 114-100, over the Austin Sentinels. Ellison-Reyes (KER) led the Spokane Outlaws with 35 points. Pruitt paced the Austin Sentinels with 17 points despite the loss. Heading into halftime, the Spokane Outlaws led 55-53 through two quarters of play. The Spokane Outlaws trailed by 1 points at one stage before pulling away for good. Sutter came up with the go-ahead basket in the final stretch of the game. The Spokane Outlaws made 10 three-pointers as a team. Foul trouble limited Bellamy and Brennan for parts of the game."
76,100076,"On the road on November 5, 2025, the ELP took on the CIN at the Cincinnati Stallions' arena. The El Paso Ospreys came away with a 114-104 victory over the Cincinnati Stallions. Carver led the El Paso Ospreys with 28 points. Cincinnati Stallions scorer Fairbanks put up 25 points. The El Paso Ospreys held a 60-50 edge at the half of a closely contested game. The El Paso Ospreys controlled the game from start to finish, never trailing. 12 turnovers plagued the Cincinnati Stallions. The El Paso Ospreys opened up a 10-point advantage at one point in the game."
77,100077,"The Tulsa Admirals visited the Tacoma Talons on November 5, 2025. The Tacoma Talons defeated the Tulsa Admirals by a score of 104-96. Vance led the Tacoma Talons with 24 points. Carver led the Tulsa Admirals with 25 points in the loss. The Tacoma Talons held a 48-47 edge at the half of a closely contested game. The Tacoma Talons were in front the entire game, never trailing once. Non-starters for the Tacoma Talons combined for 44 points. Garner battled foul trouble for stretches of the game."
78,100078,"On November 6, 2025, the HAR and the FRE met, with the Fresno Bison on the road. The Hartford Comets defeated the Fresno Bison by a score of 110-108. For the winners, Boone scored 39 points. For the Fresno Bison, Ellison scored a team-high 28 points. The Hartford Comets took a 59-56 lead into the locker room at the break. The Hartford Comets led wire-to-wire from the opening tip. Boone delivered the decisive go-ahead score for the Hartford Comets down the stretch. Barnett recorded a double-double at 14 points and 1 assists. Castellano and Rutledge and Nash spent stretches of the game in foul trouble."
79,100079,"On November 7, 2025, the Tulsa Admirals welcomed the Spokane Outlaws at home. The SPO beat the TUL, 126-109. Zimmer was the top scorer for the Spokane Outlaws, going for 26 points. Mercer led the Tulsa Admirals with 24 points in the loss. At the break, the Spokane Outlaws were up 65-57 after the opening two quarters. The Spokane Outlaws led wire-to-wire from the opening tip. The Spokane Outlaws came out on top by 17 points. The Spokane Outlaws led by as many as 17 points at one stage of the game."
80,100080,"The Bakersfield Wranglers hosted the Fresno Bison on November 7, 2025. The Bakersfield Wranglers topped the Fresno Bison, 115-102. Castellano paced the Bakersfield Wranglers attack, scoring 29 points. For the Fresno Bison, Barnett scored a team-high 23 points. The Bakersfield Wranglers held a 59-49 edge at the half of a closely contested game. The Bakersfield Wranglers erased a 5-point hole along the way to close out the win. It was Castellano who put the Bakersfield Wranglers ahead for good late in the fourth. Bellamy, normally in the rotation for the Fresno Bison, did not play. The two teams traded the lead 17 times during the contest."
81,100081,"On November 7, 2025, the Boise Glaciers welcomed the Birmingham Foxes at home. The BOI beat the BIR, 120-109. Montgomery topped all scorers for the Boise Glaciers with 32 points. Brennan scored 23 points to lead the Birmingham Foxes. At halftime, the Boise Glaciers were ahead 57-56 following the first two periods. Down by as many as 16 points during the game, the Boise Glaciers still found a way to win. Montgomery came up with the go-ahead basket in the final stretch of the game. Pemberton controlled the glass with 15 rebounds. Castellano dealt with foul trouble over the course of the game."
82,100082,"On November 7, 2025, the Cheyenne Pioneers traveled to face the Tacoma Talons. The Tacoma Talons defeated the Cheyenne Pioneers by a score of 134-117. Bellamy topped all scorers for the Tacoma Talons with 31 points. Kirby led the Cheyenne Pioneers with 28 points in the loss. The Tacoma Talons held a 63-59 edge at the half of a closely contested game. The Tacoma Talons overcame a 5-point deficit at one stage to win the game. Navarro came up with the go-ahead basket in the final stretch of the game. Ball movement ran through Navarro, who had 8 assists. The Tacoma Talons built a lead as big as 17 points during the game."
83,100083,"On November 7, 2025, the REN and the AUS met, with the Austin Sentinels on the road. The Austin Sentinels defeated the Reno Ridgebacks by a score of 115-107. Fletcher paced the Austin Sentinels attack, scoring 32 points. Reno Ridgebacks scorer Delgado put up 23 points. The Austin Sentinels held a 61-47 edge at the half of a closely contested game. The Austin Sentinels rallied back from a 5-point deficit to come away with the win. Fletcher came up with the go-ahead basket in the final stretch of the game. From beyond the arc, the Austin Sentinels went 9-for-the-night. The game featured 1 lead changes before it was finally decided."
84,100084,"The Raleigh Wardens hosted the Tacoma Talons on November 8, 2025. The Raleigh Wardens won, 110-96, over the Tacoma Talons. Quigley was the top scorer for the Raleigh Wardens, going for 25 points. Marlow led the Tacoma Talons with 20 points in the loss. The Raleigh Wardens held a 54-46 edge at the half of a closely contested game. The Raleigh Wardens did not trail at any point in the game. The Tacoma Talons coughed it up 21 times. The Raleigh Wardens led by up to 15 points along the way to the win."
85,100085,"The Louisville Nomads led wire-to-wire on November 8, 2025, taking a 54-48 cushion into the break at home before finishing off the Cheyenne Pioneers 114-103. Vance scored 31 to pace the winners, and Hale answered with 28 for Cheyenne in the loss. Louisville's bench contributed 24 points, and the hosts' advantage reached as high as 12 at one stretch of an evening that stayed comfortably in their control. Louisville's depth off the bench proved the difference in a game the Nomads controlled from the opening tip onward."
86,100086,"On November 8, 2025, the Honolulu Miners traveled to face the Columbus Voyagers. The Honolulu Miners won, 119-95, over the Columbus Voyagers. Sinclair was the top scorer for the Honolulu Miners, going for 41 points. On the losing side, Vance scored 32 points. At the break, the Honolulu Miners were up 60-46 after the opening two quarters. The Honolulu Miners overcame a 2-point deficit at one stage to win the game. Gallagher provided the go-ahead points for the Honolulu Miners in the closing minutes. It was a double-double night for Vasquez: 20 points, 10 rebounds. It was a back-and-forth affair, with 12 lead changes along the way."
87,100087,"The Reno Ridgebacks hosted the Boise Glaciers on November 8, 2025. The Reno Ridgebacks defeated the Boise Glaciers by a score of 117-112. Reno Ridgebacks scorer Delgado finished with a game-high 33 points. McAllister led the Boise Glaciers with 43 points in the loss. At halftime, the Reno Ridgebacks were ahead 63-58 following the first two periods. The Reno Ridgebacks did not trail at any point in the game. Jennings delivered the decisive go-ahead score for the Reno Ridgebacks down the stretch. The Reno Ridgebacks came out on top by 5 points. Foul trouble was an issue at times for Sawyer."
88,100088,"On the road on November 8, 2025, the JAC took on the BAK at the Bakersfield Wranglers' arena. The final score was Jacksonville Cobras 124, Bakersfield Wranglers 122. Wolfe led the Jacksonville Cobras with 27 points. Wakefield scored 34 points to lead the Bakersfield Wranglers. The Jacksonville Cobras took a 62-51 lead into the locker room at the break. After facing a 2-point deficit earlier in the game, the Jacksonville Cobras came all the way back. Brennan delivered the decisive go-ahead score for the Jacksonville Cobras down the stretch. Lockhart, normally in the rotation for the Jacksonville Cobras, did not play. The Jacksonville Cobras led by up to 19 points along the way to the win."
89,100089,"On November 8, 2025, the Missoula Anchors welcomed the Albuquerque Lancers at home. The final score was Albuquerque Lancers 115, Missoula Anchors 102. Holloway topped all scorers for the Albuquerque Lancers with 37 points. Keller led the Missoula Anchors with 37 points in the loss. The Albuquerque Lancers held a 59-52 edge at the half of a closely contested game. Down by as many as 4 points during the game, the Albuquerque Lancers still found a way to win. It was Holloway who put the Albuquerque Lancers ahead for good late in the fourth. Farrell pulled down a game-high 11 rebounds. The game featured 7 lead changes before it was finally decided."
90,100090,"On November 9, 2025, the Honolulu Miners traveled to face the Cheyenne Pioneers. The Honolulu Miners defeated the Cheyenne Pioneers by a score of 108-106. Honolulu Miners scorer Sinclair finished with a game-high 33 points. Cheyenne Pioneers scorer Kirby put up 27 points. The Cheyenne Pioneers took a 57-56 lead into the locker room at the break. The Honolulu Miners overcame a 8-point deficit at one stage to win the game. Zimmer came up with the go-ahead basket in the final stretch of the game. Distributing the ball, Emerson finished with 8 assists. The Honolulu Miners' largest lead of the game was 12 points."
91,100091,"On November 9, 2025, the Newark Mustangs welcomed the Austin Sentinels at home. The Newark Mustangs came away with a 133-120 victory over the Austin Sentinels. For the winners, Sheffield scored 32 points. Pruitt and Fairbanks paced the Austin Sentinels with 19 points despite the loss. At halftime, the Newark Mustangs were ahead 71-62 following the first two periods. After facing a 17-point deficit earlier in the game, the Newark Mustangs came all the way back. It was McAllister who put the Newark Mustangs ahead for good late in the fourth. 22 made threes came from the Newark Mustangs. At one stretch of the game, the Newark Mustangs were ahead by 16 points."
92,100092,"Samir Dupree delivered the decisive go-ahead score down the stretch, and foul trouble found four different players, as the Columbus Voyagers never trailed en route to a 116-114 win over the host Baton Rouge Falcons on November 9, 2025. Vance led the Voyagers with 30 points, Thackeray answered with 26 for Baton Rouge, and Columbus carried a 66-59 lead into the locker room. Vance, Sinclair, Dupree and Gentry all picked up fouls, and the Falcons turned it over 14 times in the loss."
93,100093,"The Anchorage Herons visited the Bakersfield Wranglers on November 9, 2025. The final score was Anchorage Herons 130, Bakersfield Wranglers 112. Wolfe led the Anchorage Herons with 26 points. On the losing side, Wakefield scored 27 points. The Anchorage Herons took a 70-61 lead into the locker room at the break. Down by as many as 6 points during the game, the Anchorage Herons still found a way to win. It was Moreno who put the Anchorage Herons ahead for good late in the fourth. The Anchorage Herons bench chipped in 38 points. Foul trouble was an issue at times for Wakefield."
94,100094,"Silas Redmond came up with the go-ahead basket in the final stretch as the Des Moines Vultures overcame a 7-point deficit to beat the visiting Tacoma Talons 114-109 on November 10, 2025, even though Tacoma had taken a 59-55 lead into the break. Larkin led Des Moines with 31 points while Bellamy answered with 24 for the Talons. Wakefield turned in a 25-point, 6-rebound double-double for the winners, whose largest lead of the night reached 11 points. Des Moines leaned on Wakefield's all-around night once Redmond's late basket flipped the game for good in their favor."
95,100095,"On November 10, 2025, the MIS and the SPO met, with the Spokane Outlaws on the road. The Missoula Anchors won, 121-119, over the Spokane Outlaws. Keller topped all scorers for the Missoula Anchors with 26 points. Ellison-Reyes (KER) led the Spokane Outlaws with 35 points in the loss. The Missoula Anchors took a 67-60 lead into the locker room at the break. The Missoula Anchors erased a 6-point hole along the way to close out the win. It was Rutledge who put the Missoula Anchors ahead for good late in the fourth. The Missoula Anchors came out on top by 2 points. The game featured 3 lead changes before it was finally decided."
96,100096,"On November 10, 2025, the Reno Ridgebacks welcomed the Anchorage Herons at home. The Anchorage Herons topped the Reno Ridgebacks, 122-108. For the winners, Wolfe scored 35 points. Brennan and Abbott paced the Reno Ridgebacks with 19 points despite the loss. The Anchorage Herons held a 61-54 edge at the half of a closely contested game. The Anchorage Herons never trailed at any point in the game. There was no box score entry for Whitaker of the Reno Ridgebacks. Foul trouble was an issue at times for Brennan and Rutledge and Abbott."
97,100097,"The Birmingham Foxes visited the El Paso Ospreys on November 10, 2025. The El Paso Ospreys won, 135-112, over the Birmingham Foxes. Salazar was the top scorer for the El Paso Ospreys, going for 23 points. On the losing side, Barnett scored 25 points. At the break, the El Paso Ospreys were up 71-57 after the opening two quarters. The El Paso Ospreys did not trail at any point in the game. No one out-rebounded Carver, who grabbed 13. The El Paso Ospreys built a lead as big as 30 points during the game."
98,100098,"On November 10, 2025, the Bakersfield Wranglers traveled to face the Baton Rouge Falcons. The Bakersfield Wranglers topped the Baton Rouge Falcons, 123-114. Bakersfield Wranglers scorer Brennan finished with a game-high 26 points. Baton Rouge Falcons scorer Sutter put up 19 points. The Bakersfield Wranglers led 65-55 at the half after two competitive quarters. The Bakersfield Wranglers did not trail at any point in the game. Brennan recorded 9 assists in the win. Foul trouble limited Ellison and Blackwood for parts of the game."
99,100099,"On November 10, 2025, the Albuquerque Lancers traveled to face the Boise Glaciers. The Boise Glaciers topped the Albuquerque Lancers, 125-112. For the winners, McAllister scored 32 points. Holloway led the Albuquerque Lancers with 25 points in the loss. At the break, the Boise Glaciers were up 69-60 after the opening two quarters. The Boise Glaciers were in front the entire game, never trailing once. From beyond the arc, the Boise Glaciers went 17-for-the-night. The Boise Glaciers led by up to 14 points along the way to the win."
100,100100,"The Fresno Bison visited the Honolulu Miners on November 10, 2025. The Honolulu Miners topped the Fresno Bison, 135-118. Sinclair was the top scorer for the Honolulu Miners, going for 43 points. Ellison led the Fresno Bison with 29 points in the loss. The Honolulu Miners led 62-58 at the half after two competitive quarters. Down by as many as 2 points during the game, the Honolulu Miners still found a way to win. Zimmer came up with the go-ahead basket in the final stretch of the game. Turnovers were an issue for the Fresno Bison, who had 14. The Honolulu Miners opened up a 25-point advantage at one point in the game."
101,100101,"On November 11, 2025, the Albuquerque Lancers welcomed the Tacoma Talons at home. The Tacoma Talons defeated the Albuquerque Lancers by a score of 125-120. Tacoma Talons scorer Bellamy finished with a game-high 46 points. Salazar scored 31 points to lead the Albuquerque Lancers. Heading into halftime, the Albuquerque Lancers led 62-59 through two quarters of play. The Tacoma Talons rallied back from a 16-point deficit to come away with the win. Lambert came up with the go-ahead basket in the final stretch of the game. The Tacoma Talons bench unit produced 23 points. There were 12 lead changes over the course of the game."
102,100102,"The Missoula Anchors hosted the Spokane Outlaws on November 11, 2025. The final score was Spokane Outlaws 123, Missoula Anchors 115. Ellison-Reyes (KER) topped all scorers for the Spokane Outlaws with 26 points. Keller scored 31 points to lead the Missoula Anchors. At the break, the Spokane Outlaws were up 60-56 after the opening two quarters. The Spokane Outlaws rallied back from a 11-point deficit to come away with the win. The go-ahead bucket late in the game came from Zimmer of the Spokane Outlaws. Keller recorded a double-double at 31 points and 10 assists. Zimmer and Castellano picked up enough fouls during the game to be in foul trouble."
103,100103,"On November 11, 2025, the Bakersfield Wranglers traveled to face the Fresno Bison. The Bakersfield Wranglers came away with a 114-103 victory over the Fresno Bison. Brennan led the Bakersfield Wranglers with 21 points. Barnett paced the Fresno Bison with 21 points despite the loss. At the break, the Bakersfield Wranglers were up 57-48 after the opening two quarters. The Bakersfield Wranglers led wire-to-wire from the opening tip. The margin of victory was 11 points. At one stretch of the game, the Bakersfield Wranglers were ahead by 14 points."
104,100104,"The Honolulu Miners never trailed on November 11, 2025, taking a 68-64 edge into the break at home and holding on for a 133-121 win over the Tulsa Admirals. Sinclair topped all scorers with 34 points for Honolulu, while Alder paced Tulsa with 23 in defeat. There was no box score entry for Radford of the Admirals, and Gentry spent stretches of the contest in foul trouble as the Miners cruised home. Honolulu's balance carried the night once the Miners built their cushion and never let Tulsa back into contention."
105,100105,"On November 12, 2025, the ANC and the GRA met, with the Grand Rapids Drifters on the road. The Grand Rapids Drifters won, 130-127, over the Anchorage Herons. Emerson and Lockhart paced the Grand Rapids Drifters attack, scoring 21 points. Wolfe paced the Anchorage Herons with 36 points despite the loss. The Grand Rapids Drifters held a 70-59 edge at the half of a closely contested game. The Grand Rapids Drifters never trailed at any point in the game. The go-ahead bucket late in the game came from Marlow of the Grand Rapids Drifters. Wolfe paced the glass work with 18 boards. Foul trouble limited Rivera for parts of the game."
106,100106,"On November 12, 2025, the Tacoma Talons welcomed the Missoula Anchors at home. The Missoula Anchors defeated the Tacoma Talons by a score of 127-123. For the winners, Keller and Calloway scored 26 points. On the losing side, Bellamy scored 38 points. At halftime, the Tacoma Talons were ahead 63-61 following the first two periods. The Missoula Anchors rallied back from a 6-point deficit to come away with the win. It was Keller who put the Missoula Anchors ahead for good late in the fourth. Keller handed out 13 assists to lead all passers. The Missoula Anchors' largest lead of the game was 11 points."
107,100107,"On November 12, 2025, the Bakersfield Wranglers traveled to face the Reno Ridgebacks. The final score was Bakersfield Wranglers 112, Reno Ridgebacks 100. Delgado and Gallagher topped all scorers for the Bakersfield Wranglers with 21 points. For the Reno Ridgebacks, Whitaker and Jennings scored a team-high 19 points. At the break, the Bakersfield Wranglers were up 56-51 after the opening two quarters. The Bakersfield Wranglers did not trail at any point in the game. From beyond the arc, the Bakersfield Wranglers went 14-for-the-night. The Bakersfield Wranglers built a lead as big as 20 points during the game."
108,100108,"On the road on November 12, 2025, the JAC took on the FRE at the Fresno Bison' arena. The Jacksonville Cobras defeated the Fresno Bison by a score of 105-102. For the winners, Easton scored 28 points. Ellison paced the Fresno Bison with 35 points despite the loss. Heading into halftime, the Jacksonville Cobras led 47-46 through two quarters of play. The Jacksonville Cobras erased a 6-point hole along the way to close out the win. Rutledge came up with the go-ahead basket in the final stretch of the game. The Fresno Bison gave the ball away 11 times. Donnelly dealt with foul trouble over the course of the game."
109,100109,"On the road on November 12, 2025, the TUL took on the ALE at the Albuquerque Lancers' arena. The Albuquerque Lancers defeated the Tulsa Admirals by a score of 126-119. For the winners, Holloway scored 24 points. Radford paced the Tulsa Admirals with 41 points despite the loss. Heading into halftime, the Albuquerque Lancers led 70-63 through two quarters of play. The Albuquerque Lancers rallied back from a 4-point deficit to come away with the win. Donnelly came up with the go-ahead basket in the final stretch of the game. Non-starters for the Albuquerque Lancers combined for 37 points. The Albuquerque Lancers' largest lead of the game was 10 points."
110,100110,"On November 12, 2025, the Boise Glaciers traveled to face the Richmond Kestrels. The Boise Glaciers defeated the Richmond Kestrels by a score of 122-105. Montgomery paced the Boise Glaciers attack, scoring 30 points. For the Richmond Kestrels, Ashby scored a team-high 30 points. Heading into halftime, the Boise Glaciers led 63-52 through two quarters of play. The Boise Glaciers led wire-to-wire from the opening tip. Pemberton recorded a double-double at 14 points and 5 assists. Foul trouble limited Sawyer for parts of the game."
111,100111,"The El Paso Ospreys visited the Columbus Voyagers on November 12, 2025. The El Paso Ospreys came away with a 122-115 victory over the Columbus Voyagers. Salazar topped all scorers for the El Paso Ospreys with 31 points. Columbus Voyagers scorer Vance put up 37 points. The El Paso Ospreys took a 61-60 lead into the locker room at the break. The El Paso Ospreys trailed by 8 points at one stage before pulling away for good. The go-ahead bucket late in the game came from Stanton of the El Paso Ospreys. The margin of victory was 7 points. Carver spent stretches of the game in foul trouble."
112,100112,"On November 12, 2025, the Baton Rouge Falcons traveled to face the Raleigh Wardens. The final score was Raleigh Wardens 106, Baton Rouge Falcons 102. Nash paced the Raleigh Wardens attack, scoring 24 points. McAllister scored 27 points to lead the Baton Rouge Falcons. Heading into halftime, the Raleigh Wardens led 52-49 through two quarters of play. The Raleigh Wardens overcame a 9-point deficit at one stage to win the game. It was Ramsey who put the Raleigh Wardens ahead for good late in the fourth. There was no box score entry for Abbott of the Raleigh Wardens. The Raleigh Wardens opened up a 6-point advantage at one point in the game."
113,100113,"On November 13, 2025, the BOI and the REN met, with the Reno Ridgebacks on the road. The Boise Glaciers topped the Reno Ridgebacks, 124-110. McAllister topped all scorers for the Boise Glaciers with 30 points. For the Reno Ridgebacks, Brennan scored a team-high 34 points. At halftime, the Boise Glaciers were ahead 65-56 following the first two periods. At no point during the contest did the Boise Glaciers trail. Emerson paced the glass work with 12 boards. Foul trouble was an issue at times for Brennan and Emerson."
114,100114,"On the road on November 13, 2025, the NEW took on the BAT at the Baton Rouge Falcons' arena. The Newark Mustangs defeated the Baton Rouge Falcons by a score of 113-111. Sheffield paced the Newark Mustangs attack, scoring 28 points. Baton Rouge Falcons scorer Castellano and Navarro put up 23 points. At the break, the Baton Rouge Falcons were up 60-58 after the opening two quarters. Down by as many as 7 points during the game, the Newark Mustangs still found a way to win. McAllister hit the go-ahead jumper late in the fourth quarter. Distributing the ball, Navarro finished with 7 assists. Garner and Carver picked up enough fouls during the game to be in foul trouble."
115,100115,"On November 14, 2025, the Albuquerque Lancers welcomed the Tacoma Talons at home. The TAC beat the ALE, 109-108. For the winners, Bellamy scored 49 points. For the Albuquerque Lancers, Salazar scored a team-high 26 points. At halftime, the Albuquerque Lancers were ahead 55-53 following the first two periods. Down by as many as 10 points during the game, the Tacoma Talons still found a way to win. The go-ahead bucket late in the game came from Marlow of the Tacoma Talons. The Tacoma Talons knocked down 17 shots from deep. The Tacoma Talons led by as many as 8 points at one stage of the game."
116,100116,"On the road on November 14, 2025, the AUS took on the TUL at the Tulsa Admirals' arena. The Austin Sentinels topped the Tulsa Admirals, 133-128. Pruitt was the top scorer for the Austin Sentinels, going for 27 points. Garner led the Tulsa Admirals with 24 points in the loss. The Tulsa Admirals took a 60-56 lead into the locker room at the break. The Austin Sentinels overcame a 6-point deficit at one stage to win the game. It was Dupree who put the Austin Sentinels ahead for good late in the fourth. The Tulsa Admirals committed 14 turnovers. The two teams traded the lead 6 times during the contest."
117,100117,"Lorenzo Zimmer delivered the decisive go-ahead score down the stretch as the Honolulu Miners rallied from a 1-point deficit to beat the visiting Baton Rouge Falcons 129-119 on November 14, 2025. Zimmer's 38 points led all scorers, McAllister answered with a team-high 22 for Baton Rouge, and Honolulu had carried a 65-58 cushion into halftime. Reserves added 12 points for the Miners, whose largest lead of the night swelled to 20. Honolulu's depth off the bench sealed things once Zimmer's late heroics put the Miners in front for good."
118,100118,"On November 14, 2025, the REN and the JAC met, with the Jacksonville Cobras on the road. The JAC beat the REN, 133-100. For the winners, Rutledge scored 24 points. Reno Ridgebacks scorer Moreno put up 20 points. At halftime, the Jacksonville Cobras were ahead 64-55 following the first two periods. The Jacksonville Cobras were in front the entire game, never trailing once. Rutledge posted a double-double with 24 points and 10 rebounds. At one stretch of the game, the Jacksonville Cobras were ahead by 40 points."
119,100119,"The Richmond Kestrels hosted the Cheyenne Pioneers on November 14, 2025. The Richmond Kestrels won, 126-103, over the Cheyenne Pioneers. For the winners, Ashby scored 29 points. On the losing side, Bellamy scored 29 points. At the break, the Richmond Kestrels were up 59-54 after the opening two quarters. The Richmond Kestrels led wire-to-wire from the opening tip. The final margin was 23 points. The Richmond Kestrels led by up to 29 points along the way to the win."
120,100120,"The Louisville Nomads visited the Austin Sentinels on November 15, 2025. The LOU beat the AUS, 114-106. Vance topped all scorers for the Louisville Nomads with 33 points. Austin Sentinels scorer Pruitt put up 21 points. The Louisville Nomads led 54-51 at the half after two competitive quarters. The Louisville Nomads trailed by 3 points at one stage before pulling away for good. The go-ahead bucket late in the game came from Winslow of the Louisville Nomads. Blackwood sat out for the Louisville Nomads, absent from the box score. Pruitt and Dalton and Vance dealt with foul trouble over the course of the game."
121,100121,"The Bakersfield Wranglers visited the Missoula Anchors on November 15, 2025. The Bakersfield Wranglers topped the Missoula Anchors, 127-110. Bakersfield Wranglers scorer Delgado and Brennan finished with a game-high 19 points. On the losing side, Castellano scored 29 points. The Bakersfield Wranglers held a 68-54 edge at the half of a closely contested game. The Bakersfield Wranglers overcame a 2-point deficit at one stage to win the game. Brennan provided the go-ahead points for the Bakersfield Wranglers in the closing minutes. Oakley cleaned up 12 rebounds to lead all players. The Bakersfield Wranglers opened up a 18-point advantage at one point in the game."
122,100122,"The Tacoma Talons visited the Anchorage Herons on November 15, 2025. The Anchorage Herons came away with a 129-104 victory over the Tacoma Talons. Wolfe led the Anchorage Herons with 26 points. Tacoma Talons scorer Bradford put up 17 points. At halftime, the Anchorage Herons were ahead 59-48 following the first two periods. The Anchorage Herons were in front the entire game, never trailing once. Wolfe recorded 9 assists in the win. The Anchorage Herons led by up to 33 points along the way to the win."
123,100123,"The Baton Rouge Falcons visited the Boise Glaciers on November 15, 2025. The Boise Glaciers topped the Baton Rouge Falcons, 120-96. Emerson paced the Boise Glaciers attack, scoring 22 points. On the losing side, Moreno scored 17 points. At the break, the Boise Glaciers were up 56-46 after the opening two quarters. The Boise Glaciers overcame a 1-point deficit at one stage to win the game. Radford hit the go-ahead jumper late in the fourth quarter. The Boise Glaciers knocked down 14 shots from deep. Kirby battled foul trouble for stretches of the game."
124,100124,"On November 16, 2025, the Albany Condors welcomed the El Paso Ospreys at home. The ELP beat the ALB, 128-101. For the winners, Salazar scored 26 points. Ellison scored 17 points to lead the Albany Condors. The El Paso Ospreys led 67-47 at the half after two competitive quarters. The El Paso Ospreys rallied back from a 1-point deficit to come away with the win. Sheffield delivered the decisive go-ahead score for the El Paso Ospreys down the stretch. The Albany Condors gave the ball away 10 times. The El Paso Ospreys built a lead as big as 28 points during the game."
125,100125,"The Spokane Outlaws visited the Richmond Kestrels on November 16, 2025. The Spokane Outlaws won, 109-96, over the Richmond Kestrels. Ellison-Reyes led the Spokane Outlaws with 33 points. Ashby scored 15 points to lead the Richmond Kestrels. Heading into halftime, the Spokane Outlaws led 55-44 through two quarters of play. The Spokane Outlaws controlled the game from start to finish, never trailing. Non-starters for the Spokane Outlaws combined for 26 points. The Spokane Outlaws led by as many as 21 points at one stage of the game."
126,100126,"On November 16, 2025, the Boise Glaciers welcomed the Cheyenne Pioneers at home. The Boise Glaciers came away with a 137-97 victory over the Cheyenne Pioneers. Boise Glaciers scorer McAllister finished with a game-high 37 points. For the Cheyenne Pioneers, Kirby scored a team-high 18 points. Heading into halftime, the Boise Glaciers led 73-48 through two quarters of play. The Boise Glaciers overcame a 6-point deficit at one stage to win the game. McAllister came up with the go-ahead basket in the final stretch of the game. It was a double-double night for Montgomery: 19 points, 10 rebounds. The Boise Glaciers built a lead as big as 44 points during the game."
127,100127,"On November 16, 2025, the Nashville Tempest welcomed the Tacoma Talons at home. The Nashville Tempest topped the Tacoma Talons, 121-113. Keller was the top scorer for the Nashville Tempest, going for 23 points. Bellamy paced the Tacoma Talons with 34 points despite the loss. The Nashville Tempest held a 65-54 edge at the half of a closely contested game. The Nashville Tempest overcame a 3-point deficit at one stage to win the game. Abbott delivered the decisive go-ahead score for the Nashville Tempest down the stretch. The Nashville Tempest came out on top by 8 points. At one stretch of the game, the Nashville Tempest were ahead by 13 points."
128,100128,"The Fresno Bison hosted the Austin Sentinels on November 16, 2025. The Austin Sentinels came away with a 112-107 victory over the Fresno Bison. Pruitt was the top scorer for the Austin Sentinels, going for 24 points. Fresno Bison scorer Pruitt put up 39 points. Heading into halftime, the Austin Sentinels led 55-46 through two quarters of play. The Austin Sentinels were in front the entire game, never trailing once. Dalton provided the go-ahead points for the Austin Sentinels in the closing minutes. There was no box score entry for Mercer of the Fresno Bison. Ellison spent stretches of the game in foul trouble."
129,100129,"The Tulsa Admirals visited the Baton Rouge Falcons on November 16, 2025. The Baton Rouge Falcons topped the Tulsa Admirals, 118-115. Thackeray topped all scorers for the Baton Rouge Falcons with 29 points. On the losing side, Radford scored 25 points. The Baton Rouge Falcons took a 67-54 lead into the locker room at the break. The Baton Rouge Falcons trailed by 2 points at one stage before pulling away for good. McAllister delivered the decisive go-ahead score for the Baton Rouge Falcons down the stretch. On the boards, McAllister finished with 9 rebounds. Zimmer and Lockhart battled foul trouble for stretches of the game."
130,100130,"The Reno Ridgebacks visited the Anchorage Herons on November 16, 2025. The Reno Ridgebacks won, 128-123, over the Anchorage Herons. For the winners, Easton and Jennings scored 21 points. Wolfe scored 44 points to lead the Anchorage Herons. At the break, the Anchorage Herons were up 62-58 after the opening two quarters. The Reno Ridgebacks overcame a 7-point deficit at one stage to win the game. The go-ahead bucket late in the game came from Farrell of the Reno Ridgebacks. Jennings dished out a team-high 11 assists. The Reno Ridgebacks led by as many as 8 points at one stage of the game."
131,100131,"The Bakersfield Wranglers visited the Tacoma Talons on November 17, 2025. The Tacoma Talons won, 118-107, over the Bakersfield Wranglers. Bellamy paced the Tacoma Talons attack, scoring 28 points. Brennan led the Bakersfield Wranglers with 38 points in the loss. The Tacoma Talons led 64-47 at the half after two competitive quarters. The Tacoma Talons never trailed at any point in the game. The Tacoma Talons made 19 three-pointers as a team. The Tacoma Talons' largest lead of the game was 19 points."
132,100132,"The Cheyenne Pioneers visited the Albany Condors on November 17, 2025. The CHE beat the ALB, 105-103. For the winners, Kirby scored 31 points. On the losing side, Easton scored 36 points. At the break, the Cheyenne Pioneers were up 60-52 after the opening two quarters. The Cheyenne Pioneers never trailed at any point in the game. The go-ahead bucket late in the game came from Radford of the Cheyenne Pioneers. The Albany Condors gave the ball away 10 times. Foul trouble limited Montgomery for parts of the game."
133,100133,"On the road on November 17, 2025, the AUS took on the BAT at the Baton Rouge Falcons' arena. The Austin Sentinels came away with a 102-96 victory over the Baton Rouge Falcons. For the winners, Fairbanks scored 20 points. For the Baton Rouge Falcons, Sutter scored a team-high 22 points. At the break, the Austin Sentinels were up 48-43 after the opening two quarters. The Austin Sentinels did not trail at any point in the game. The Austin Sentinels bench chipped in 42 points. The Austin Sentinels' largest lead of the game was 15 points."
134,100134,"On November 17, 2025, the Albuquerque Lancers traveled to face the Anchorage Herons. The Albuquerque Lancers defeated the Anchorage Herons by a score of 139-136. Thackeray topped all scorers for the Albuquerque Lancers with 35 points. Fairbanks scored 37 points to lead the Anchorage Herons. The Anchorage Herons held a 68-63 edge at the half of a closely contested game. After facing a 11-point deficit earlier in the game, the Albuquerque Lancers came all the way back. Farrell delivered the decisive go-ahead score for the Albuquerque Lancers down the stretch. Wolfe turned in a double-double with 21 points and 9 rebounds. 12 lead changes kept the outcome in doubt until late in the game."
135,100135,"The Bakersfield Wranglers visited the Spokane Outlaws on November 18, 2025. The Spokane Outlaws topped the Bakersfield Wranglers, 123-119. Ellison-Reyes was the top scorer for the Spokane Outlaws, going for 37 points. For the Bakersfield Wranglers, Delgado scored a team-high 24 points. Heading into halftime, the Spokane Outlaws led 63-62 through two quarters of play. The Spokane Outlaws were in front the entire game, never trailing once. Ellison-Reyes came up with the go-ahead basket in the final stretch of the game. The margin of victory was 4 points. Wakefield and Brennan spent stretches of the game in foul trouble."
136,100136,"On November 18, 2025, the Missoula Anchors traveled to face the El Paso Ospreys. The ELP beat the MIS, 140-116. For the winners, Salazar scored 30 points. Keller paced the Missoula Anchors with 22 points despite the loss. Heading into halftime, the El Paso Ospreys led 74-61 through two quarters of play. At no point during the contest did the El Paso Ospreys trail. The Missoula Anchors were without regular contributor McAllister. The El Paso Ospreys opened up a 29-point advantage at one point in the game."
137,100137,"Emmanuel Quigley provided the go-ahead points in the closing minutes as the Raleigh Wardens overcame a 4-point deficit to edge the Fresno Bison 120-119 on the road on November 18, 2025. Ramsey topped the Wardens with a game-high 25 points, Ellison answered with 29 for Fresno, and Raleigh had led 61-58 at the break. Barnett, who dealt with foul trouble of his own, cleaned up 18 rebounds to lead all players in a back-and-forth affair that saw 11 lead changes."
138,100138,"The Baton Rouge Falcons hosted the Tulsa Admirals on November 18, 2025. The Tulsa Admirals topped the Baton Rouge Falcons, 101-99. For the winners, Rutledge scored 22 points. Thackeray scored 20 points to lead the Baton Rouge Falcons. The Tulsa Admirals led 53-45 at the half after two competitive quarters. The Tulsa Admirals erased a 2-point hole along the way to close out the win. Rutledge delivered the decisive go-ahead score for the Tulsa Admirals down the stretch. Castellano dished out a team-high 5 assists. The Tulsa Admirals' largest lead of the game was 14 points."
139,100139,"The Newark Mustangs trailed by just 1 point before Maurice Sheffield's go-ahead bucket put them ahead for good, and they ran away from there to beat the Boise Glaciers 137-114 at home on November 19, 2025. Brennan scored 25 for the winners while Montgomery countered with 32 for Boise, and Newark's 68-53 halftime lead eventually stretched to 32 points. Ashton Sheffield battled foul trouble as the Mustangs connected on 19 threes in the rout. Newark's shooting from deep buried Boise early, and the Mustangs never let the Glaciers climb back into it."
140,100140,"On the road on November 19, 2025, the REN took on the ALE at the Albuquerque Lancers' arena. The ALE beat the REN, 123-110. Holloway paced the Albuquerque Lancers attack, scoring 28 points. Reno Ridgebacks scorer Delgado put up 27 points. At the break, the Albuquerque Lancers were up 59-52 after the opening two quarters. At no point during the contest did the Albuquerque Lancers trail. The Reno Ridgebacks gave the ball away 12 times. The Albuquerque Lancers opened up a 25-point advantage at one point in the game."
141,100141,"The Austin Sentinels visited the Buffalo Marshals on November 19, 2025. The Buffalo Marshals came away with a 117-104 victory over the Austin Sentinels. Thornton led the Buffalo Marshals with 27 points. Pruitt paced the Austin Sentinels with 20 points despite the loss. At the break, the Buffalo Marshals were up 66-51 after the opening two quarters. The Buffalo Marshals trailed by 9 points at one stage before pulling away for good. It was Mercer who put the Buffalo Marshals ahead for good late in the fourth. The Buffalo Marshals bench chipped in 21 points. Pruitt and Redmond spent stretches of the game in foul trouble."
142,100142,"The Honolulu Miners hosted the Raleigh Wardens on November 19, 2025. The Honolulu Miners came away with a 130-120 victory over the Raleigh Wardens. Sinclair was the top scorer for the Honolulu Miners, going for 29 points. Emerson scored 31 points to lead the Raleigh Wardens. The Honolulu Miners led 68-61 at the half after two competitive quarters. The Honolulu Miners erased a 3-point hole along the way to close out the win. The go-ahead bucket late in the game came from Sinclair of the Honolulu Miners. Sinclair recorded a double-double at 29 points and 10 assists. The Honolulu Miners led by up to 17 points along the way to the win."
143,100143,"Tied 53-53 at the half, the Baton Rouge Falcons trailed by 1 point before Kamari Thackeray delivered the decisive go-ahead score that carried them past the host Fresno Bison 114-110 on November 19, 2025. Thackeray's 35 points topped all scorers, Pruitt answered with 30 for Fresno, and the lead changed hands 5 times before Baton Rouge finally came out on top by 4. Barnett and Kirby both picked up fouls in the tight, back-and-forth finish. It was a tight, tense finish that Baton Rouge finally settled once Thackeray delivered in the clutch."
144,100144,"The Jacksonville Cobras visited the Cheyenne Pioneers on November 19, 2025. The Jacksonville Cobras came away with a 132-122 victory over the Cheyenne Pioneers. Wolfe paced the Jacksonville Cobras attack, scoring 32 points. For the Cheyenne Pioneers, Bellamy scored a team-high 40 points. It was even, 66-66, at the break following a back-and-forth opening half. The Jacksonville Cobras rallied back from a 9-point deficit to come away with the win. The go-ahead bucket late in the game came from Nash of the Jacksonville Cobras. Lockhart, normally in the rotation for the Jacksonville Cobras, did not play. Foul trouble was an issue at times for Wolfe."
145,100145,"Devonte Nash put the Nashville Tempest ahead for good late in the fourth after Nashville had trailed by as many as 14 points to the visiting Missoula Anchors on November 19, 2025, eventually escaping with a 115-112 win. Nash led all scorers with 28 points, Castellano answered with a team-high 31 for Missoula, and the Anchors had actually carried a 60-51 lead into the break. Emerson grabbed a game-high 9 rebounds, and Nashville's largest lead of the night reached only 4 points."
146,100146,"On the road on November 20, 2025, the MIS took on the SPO at the Spokane Outlaws' arena. The Spokane Outlaws won, 122-95, over the Missoula Anchors. Spokane Outlaws scorer Ellison-Reyes finished with a game-high 37 points. Thackeray scored 21 points to lead the Missoula Anchors. At halftime, the Spokane Outlaws were ahead 65-45 following the first two periods. The Spokane Outlaws never trailed at any point in the game. Distributing the ball, Ellison-Reyes finished with 7 assists. Oakley picked up enough fouls during the game to be in foul trouble."
147,100147,"The Tulsa Admirals hosted the Honolulu Miners on November 20, 2025. The Honolulu Miners defeated the Tulsa Admirals by a score of 118-104. Zimmer led the Honolulu Miners with 31 points. Tulsa Admirals scorer Radford put up 35 points. The Honolulu Miners held a 59-49 edge at the half of a closely contested game. After facing a 5-point deficit earlier in the game, the Honolulu Miners came all the way back. The go-ahead bucket late in the game came from Sinclair of the Honolulu Miners. The Honolulu Miners made 10 three-pointers as a team. Vasquez and Ocampo picked up enough fouls during the game to be in foul trouble."
148,100148,"The Austin Sentinels visited the Cincinnati Stallions on November 20, 2025. The Cincinnati Stallions came away with a 108-100 victory over the Austin Sentinels. McAllister led the Cincinnati Stallions with 30 points. On the losing side, Pruitt scored 26 points. The Austin Sentinels took a 51-47 lead into the locker room at the break. Down by as many as 6 points during the game, the Cincinnati Stallions still found a way to win. The go-ahead bucket late in the game came from McAllister of the Cincinnati Stallions. 15 turnovers plagued the Austin Sentinels. At one stretch of the game, the Cincinnati Stallions were ahead by 11 points."
149,100149,"On the road on November 21, 2025, the TAC took on the REN at the Reno Ridgebacks' arena. The Reno Ridgebacks won, 121-116, over the Tacoma Talons. Delgado was the top scorer for the Reno Ridgebacks, going for 25 points. Sutter scored 30 points to lead the Tacoma Talons. The Tacoma Talons held a 62-57 edge at the half of a closely contested game. The Reno Ridgebacks rallied back from a 8-point deficit to come away with the win. The go-ahead bucket late in the game came from Easton of the Reno Ridgebacks. The Reno Ridgebacks bench unit produced 31 points. The lead changed hands 5 times during the course of the game."
150,100150,"On the road on November 21, 2025, the GRA took on the CHE at the Cheyenne Pioneers' arena. The Cheyenne Pioneers topped the Grand Rapids Drifters, 150-147. For the winners, Bellamy scored 47 points. Rivera paced the Grand Rapids Drifters with 27 points despite the loss. The Cheyenne Pioneers held a 75-70 edge at the half of a closely contested game. After facing a 3-point deficit earlier in the game, the Cheyenne Pioneers came all the way back. Thornton provided the go-ahead points for the Cheyenne Pioneers in the closing minutes. It was a double-double night for Quigley: 21 points, 12 rebounds. Salazar and Radford spent stretches of the game in foul trouble."
151,100151,"The Boise Glaciers visited the Spokane Outlaws on November 21, 2025. The SPO beat the BOI, 113-105. Ellison-Reyes paced the Spokane Outlaws attack, scoring 40 points. Boise Glaciers scorer McAllister put up 31 points. The Spokane Outlaws led 55-50 at the half after two competitive quarters. The Spokane Outlaws never trailed at any point in the game. It finished as a 8-point game. The Spokane Outlaws built a lead as big as 13 points during the game."
152,100152,"The Austin Sentinels hosted the El Paso Ospreys on November 21, 2025. The final score was El Paso Ospreys 124, Austin Sentinels 109. El Paso Ospreys scorer Zimmer finished with a game-high 28 points. Marlow paced the Austin Sentinels with 19 points despite the loss. At the break, the Austin Sentinels were up 59-58 after the opening two quarters. The El Paso Ospreys trailed by 6 points at one stage before pulling away for good. It was Carver who put the El Paso Ospreys ahead for good late in the fourth. The El Paso Ospreys were without regular contributor Quigley. It was a back-and-forth affair, with 8 lead changes along the way."
153,100153,"On November 21, 2025, the Anchorage Herons welcomed the Raleigh Wardens at home. The final score was Anchorage Herons 122, Raleigh Wardens 112. Wolfe was the top scorer for the Anchorage Herons, going for 33 points. On the losing side, Quigley scored 23 points. The Anchorage Herons led 65-54 at the half after two competitive quarters. The Anchorage Herons did not trail at any point in the game. Wolfe paced the glass work with 15 boards. The Anchorage Herons opened up a 16-point advantage at one point in the game."
154,100154,"On November 22, 2025, the Cheyenne Pioneers traveled to face the Honolulu Miners. The Honolulu Miners came away with a 140-126 victory over the Cheyenne Pioneers. Sinclair led the Honolulu Miners with 37 points. Kirby scored 34 points to lead the Cheyenne Pioneers. At halftime, the Honolulu Miners were ahead 71-55 following the first two periods. At no point during the contest did the Honolulu Miners trail. Emerson recorded 12 assists in the win. The Honolulu Miners built a lead as big as 19 points during the game."
155,100155,"The Bakersfield Wranglers controlled every minute on November 22, 2025, taking a 59-57 edge into the break at home before running away from the Tulsa Admirals 121-98. Yates paced the Wranglers with 42 points, Radford answered with 21 for Tulsa, and Bakersfield knocked down 19 shots from beyond the arc while stretching its lead to 24 points at one stretch of the game. Bakersfield's shooting from deep buried Tulsa early, and the Wranglers never let the Admirals back into contention."
156,100156,"On November 22, 2025, the Fresno Bison welcomed the Spokane Outlaws at home. The SPO beat the FRE, 126-107. Ellison-Reyes led the Spokane Outlaws with 30 points. Ellison paced the Fresno Bison with 25 points despite the loss. At the break, the Fresno Bison were up 58-57 after the opening two quarters. The Spokane Outlaws erased a 6-point hole along the way to close out the win. Sutter provided the go-ahead points for the Spokane Outlaws in the closing minutes. The Fresno Bison coughed it up 19 times. The Spokane Outlaws opened up a 19-point advantage at one point in the game."
157,100157,"The Nashville Tempest visited the El Paso Ospreys on November 22, 2025. The El Paso Ospreys won, 117-113, over the Nashville Tempest. Salazar topped all scorers for the El Paso Ospreys with 35 points. Ashby scored 29 points to lead the Nashville Tempest. The El Paso Ospreys led 61-60 at the half after two competitive quarters. Down by as many as 6 points during the game, the El Paso Ospreys still found a way to win. Carver delivered the decisive go-ahead score for the El Paso Ospreys down the stretch. The El Paso Ospreys got 29 points off the bench. The El Paso Ospreys built a lead as big as 10 points during the game."
158,100158,"On the road on November 23, 2025, the FRE took on the RIC at the Richmond Kestrels' arena. The FRE beat the RIC, 131-116. For the winners, Ellison scored 55 points. Gallagher scored 26 points to lead the Richmond Kestrels. Heading into halftime, the Fresno Bison led 66-56 through two quarters of play. The Fresno Bison trailed by 4 points at one stage before pulling away for good. It was Nash who put the Fresno Bison ahead for good late in the fourth. The Fresno Bison won it by 15. 15 lead changes kept the outcome in doubt until late in the game."
159,100159,"The Cheyenne Pioneers hosted the Des Moines Vultures on November 23, 2025. The Cheyenne Pioneers defeated the Des Moines Vultures by a score of 152-128. Cheyenne Pioneers scorer Bellamy finished with a game-high 35 points. Redmond led the Des Moines Vultures with 27 points in the loss. The Cheyenne Pioneers took a 70-63 lead into the locker room at the break. The Cheyenne Pioneers led wire-to-wire from the opening tip. The Cheyenne Pioneers won it by 24. Kirby and Lockhart and Gentry battled foul trouble for stretches of the game."
160,100160,"On November 23, 2025, the Reno Ridgebacks traveled to face the Columbus Voyagers. The Reno Ridgebacks topped the Columbus Voyagers, 135-133. Kirby topped all scorers for the Reno Ridgebacks with 31 points. For the Columbus Voyagers, Vance scored a team-high 26 points. The Reno Ridgebacks took a 71-70 lead into the locker room at the break. The Reno Ridgebacks overcame a 8-point deficit at one stage to win the game. The go-ahead bucket late in the game came from Kirby of the Reno Ridgebacks. Whitaker did not suit up for the Reno Ridgebacks. The Reno Ridgebacks opened up a 10-point advantage at one point in the game."
161,100161,"On November 23, 2025, the BOI and the ALB met, with the Albany Condors on the road. The BOI beat the ALB, 119-115. McAllister led the Boise Glaciers with 39 points. On the losing side, Easton scored 41 points. At the break, the Boise Glaciers were up 63-56 after the opening two quarters. The Boise Glaciers controlled the game from start to finish, never trailing. The go-ahead bucket late in the game came from Keller of the Boise Glaciers. No one out-rebounded Rutledge, who grabbed 18. Foul trouble limited Sawyer for parts of the game."
162,100162,"On November 24, 2025, the Louisville Nomads welcomed the Baton Rouge Falcons at home. The Louisville Nomads topped the Baton Rouge Falcons, 122-110. Garner topped all scorers for the Louisville Nomads with 33 points. Navarro paced the Baton Rouge Falcons with 31 points despite the loss. Heading into halftime, the Louisville Nomads led 63-55 through two quarters of play. The Louisville Nomads never trailed at any point in the game. Vance recorded 18 assists in the win. Kirby and Garner battled foul trouble for stretches of the game."
163,100163,"On the road on November 24, 2025, the HON took on the SPO at the Spokane Outlaws' arena. The Spokane Outlaws came away with a 121-92 victory over the Honolulu Miners. For the winners, Ellison-Reyes (KER) scored 30 points. For the Honolulu Miners, Sinclair scored a team-high 19 points. At halftime, the Spokane Outlaws were ahead 57-43 following the first two periods. The Spokane Outlaws overcame a 2-point deficit at one stage to win the game. Radford delivered the decisive go-ahead score for the Spokane Outlaws down the stretch. The Spokane Outlaws knocked down 12 shots from deep. The Spokane Outlaws led by as many as 36 points at one stage of the game."
164,100164,"On November 24, 2025, the Fresno Bison traveled to face the Albany Condors. The final score was Albany Condors 121, Fresno Bison 118. Easton topped all scorers for the Albany Condors with 33 points. For the Fresno Bison, Ellison scored a team-high 37 points. The Albany Condors took a 60-56 lead into the locker room at the break. The Albany Condors erased a 4-point hole along the way to close out the win. The go-ahead bucket late in the game came from Navarro of the Albany Condors. The Fresno Bison coughed it up 13 times. The game featured 12 lead changes before it was finally decided."
165,100165,"On November 24, 2025, the Tulsa Admirals welcomed the Grand Rapids Drifters at home. The TUL beat the GRA, 143-130. Tulsa Admirals scorer Carver finished with a game-high 29 points. On the losing side, Lockhart scored 28 points. Heading into halftime, the Tulsa Admirals led 68-64 through two quarters of play. After facing a 9-point deficit earlier in the game, the Tulsa Admirals came all the way back. Carver hit the go-ahead jumper late in the fourth quarter. The Tulsa Admirals bench chipped in 51 points. At one stretch of the game, the Tulsa Admirals were ahead by 19 points."
166,100166,"On November 24, 2025, the El Paso Ospreys traveled to face the Albuquerque Lancers. The Albuquerque Lancers came away with a 121-110 victory over the El Paso Ospreys. For the winners, Donnelly scored 24 points. On the losing side, Carver scored 25 points. The Albuquerque Lancers held a 59-54 edge at the half of a closely contested game. After facing a 1-point deficit earlier in the game, the Albuquerque Lancers came all the way back. Donnelly hit the go-ahead jumper late in the fourth quarter. It was a double-double night for Dalton: 14 points, 6 rebounds. The Albuquerque Lancers led by up to 18 points along the way to the win."
167,100167,"On November 24, 2025, the Boise Glaciers traveled to face the Cheyenne Pioneers. The Boise Glaciers topped the Cheyenne Pioneers, 120-113. McAllister paced the Boise Glaciers attack, scoring 35 points. Kirby led the Cheyenne Pioneers with 27 points in the loss. The Boise Glaciers took a 60-56 lead into the locker room at the break. The Boise Glaciers overcame a 5-point deficit at one stage to win the game. Emerson came up with the go-ahead basket in the final stretch of the game. It finished as a 7-point game. The two teams traded the lead 16 times during the contest."
168,100168,"The Austin Sentinels hosted the Anchorage Herons on November 24, 2025. The Anchorage Herons came away with a 125-115 victory over the Austin Sentinels. Fairbanks topped all scorers for the Anchorage Herons with 29 points. On the losing side, Whitaker scored 26 points. The Anchorage Herons held a 64-58 edge at the half of a closely contested game. The Anchorage Herons trailed by 1 points at one stage before pulling away for good. Mercer came up with the go-ahead basket in the final stretch of the game. The Anchorage Herons were without regular contributor Rhodes. At one stretch of the game, the Anchorage Herons were ahead by 17 points."
169,100169,"Jaxon Holloway hit the go-ahead jumper late in the fourth as the Albuquerque Lancers, who never trailed, held off the host Grand Rapids Drifters 121-117 on November 25, 2025. Salazar's game-high 38 points paced the Lancers, Blackwood answered with 23 for Grand Rapids, and Albuquerque had led 65-64 at the break. Delgado dealt with foul trouble while Marlow cleaned up 12 rebounds to lead all players, with the winners' largest lead reaching only 6 points. Albuquerque's balance carried the night, with Holloway's late basket putting an exclamation point on a game the Lancers controlled throughout."
170,100170,"Kwame Ellison-Reyes hit the go-ahead jumper late in the fourth and finished with a team-high 11 assists as the Spokane Outlaws erased an early 5-point deficit to rout the visiting Tacoma Talons 126-102 on November 26, 2025. Ellison-Reyes also led Spokane with 28 points, Gallagher answered with 13 for Tacoma, and Spokane had already built a 62-50 halftime lead. The lead changed hands 4 times before the Outlaws took full control. Spokane's response after that early wobble set the tone for a comfortable win over the visiting Talons."
171,100171,"On November 26, 2025, the TUL and the RIC met, with the Richmond Kestrels on the road. The final score was Tulsa Admirals 116, Richmond Kestrels 112. Radford paced the Tulsa Admirals attack, scoring 21 points. Richmond Kestrels scorer Ashby put up 22 points. The Tulsa Admirals took a 61-50 lead into the locker room at the break. The Tulsa Admirals controlled the game from start to finish, never trailing. The go-ahead bucket late in the game came from Radford of the Tulsa Admirals. The Tulsa Admirals knocked down 17 shots from deep. The Tulsa Admirals led by up to 16 points along the way to the win."
172,100172,"The Austin Sentinels hosted the Baton Rouge Falcons on November 26, 2025. The final score was Austin Sentinels 118, Baton Rouge Falcons 104. Bellamy and Dalton was the top scorer for the Austin Sentinels, going for 21 points. Blackwood paced the Baton Rouge Falcons with 18 points despite the loss. The Austin Sentinels held a 63-52 edge at the half of a closely contested game. The Austin Sentinels did not trail at any point in the game. The Baton Rouge Falcons committed 17 turnovers. The Austin Sentinels' largest lead of the game was 22 points."
173,100173,"On the road on November 26, 2025, the ANC took on the ELP at the El Paso Ospreys' arena. The Anchorage Herons came away with a 112-109 victory over the El Paso Ospreys. For the winners, Wolfe scored 34 points. Sinclair led the El Paso Ospreys with 27 points in the loss. The El Paso Ospreys held a 53-51 edge at the half of a closely contested game. Down by as many as 3 points during the game, the Anchorage Herons still found a way to win. It was Fairbanks who put the Anchorage Herons ahead for good late in the fourth. Reserves for the Anchorage Herons scored 33 points. There were 16 lead changes over the course of the game."
174,100174,"The Boise Glaciers visited the Providence Skylarks on November 26, 2025. The Boise Glaciers won, 125-109, over the Providence Skylarks. Radford was the top scorer for the Boise Glaciers, going for 25 points. On the losing side, Jennings scored 25 points. At the break, the Boise Glaciers were up 69-48 after the opening two quarters. The Boise Glaciers were in front the entire game, never trailing once. Montgomery recorded a double-double at 19 points and 10 assists. Foul trouble was an issue at times for Donnelly and Sawyer."
175,100175,"On November 28, 2025, the Baton Rouge Falcons welcomed the Fresno Bison at home. The Fresno Bison topped the Baton Rouge Falcons, 133-127. Fresno Bison scorer Ellison finished with a game-high 41 points. On the losing side, Castellano and Navarro scored 28 points. The Fresno Bison held a 68-55 edge at the half of a closely contested game. The Fresno Bison overcame a 4-point deficit at one stage to win the game. The go-ahead bucket late in the game came from Mercer of the Fresno Bison. It finished as a 6-point game. At one stretch of the game, the Fresno Bison were ahead by 15 points."
176,100176,"Josiah Wakefield put the Bakersfield Wranglers ahead for good late in the fourth after they erased a 7-point deficit, edging the visiting Boise Glaciers 114-113 on November 28, 2025 in a game tied 55-55 at the break. Wakefield led Bakersfield with 22 points while McAllister answered with 41 for Boise. Wakefield, Mateo Pemberton and Samir Brennan all dealt with foul trouble, and Yates sat out for the Glaciers as the lead swung 7 times before the finish. It stayed a coin-flip contest deep into the fourth before Wakefield's late basket finally tilted things Bakersfield's way."
177,100177,"The Missoula Anchors hosted the Grand Rapids Drifters on November 28, 2025. The GRA beat the MIS, 122-121. Quigley paced the Grand Rapids Drifters attack, scoring 27 points. Thackeray scored 33 points to lead the Missoula Anchors. The Missoula Anchors took a 64-63 lead into the locker room at the break. The Grand Rapids Drifters trailed by 3 points at one stage before pulling away for good. Quigley came up with the go-ahead basket in the final stretch of the game. Oakley pulled down a game-high 21 rebounds. The Grand Rapids Drifters led by as many as 5 points at one stage of the game."
178,100178,"The Anchorage Herons hosted the Reno Ridgebacks on November 28, 2025. The final score was Anchorage Herons 130, Reno Ridgebacks 124. Wolfe led the Anchorage Herons with 34 points. For the Reno Ridgebacks, Jennings scored a team-high 26 points. The Anchorage Herons took a 63-60 lead into the locker room at the break. The Anchorage Herons trailed by 2 points at one stage before pulling away for good. Wolfe came up with the go-ahead basket in the final stretch of the game. Wolfe handed out 14 assists to lead all passers. The Anchorage Herons led by as many as 17 points at one stage of the game."
179,100179,"The Albuquerque Lancers visited the Honolulu Miners on November 28, 2025. The Honolulu Miners came away with a 118-116 victory over the Albuquerque Lancers. Sinclair paced the Honolulu Miners attack, scoring 35 points. Albuquerque Lancers scorer Salazar put up 19 points. At the break, the Honolulu Miners were up 61-56 after the opening two quarters. The Honolulu Miners trailed by 4 points at one stage before pulling away for good. Salazar provided the go-ahead points for the Honolulu Miners in the closing minutes. The Honolulu Miners made 10 three-pointers as a team. There were 17 lead changes over the course of the game."
180,100180,"On November 29, 2025, the Anchorage Herons traveled to face the Tulsa Admirals. The Anchorage Herons defeated the Tulsa Admirals by a score of 125-118. Rutledge was the top scorer for the Anchorage Herons, going for 32 points. For the Tulsa Admirals, Gentry scored a team-high 30 points. The Anchorage Herons held a 62-57 edge at the half of a closely contested game. The Anchorage Herons never trailed at any point in the game. Turnovers were an issue for the Tulsa Admirals, who had 12. Wolfe and Ocampo dealt with foul trouble over the course of the game."
181,100181,"On November 29, 2025, the AUS and the REN met, with the Reno Ridgebacks on the road. The Austin Sentinels won, 137-96, over the Reno Ridgebacks. Fairbanks was the top scorer for the Austin Sentinels, going for 29 points. On the losing side, Kirby scored 26 points. The Austin Sentinels led 67-51 at the half after two competitive quarters. The Austin Sentinels erased a 4-point hole along the way to close out the win. Fairbanks hit the go-ahead jumper late in the fourth quarter. 56 bench points helped the Austin Sentinels. The Austin Sentinels led by as many as 46 points at one stage of the game."
182,100182,"On November 29, 2025, the Missoula Anchors traveled to face the Baton Rouge Falcons. The Baton Rouge Falcons came away with a 138-133 victory over the Missoula Anchors. Baton Rouge Falcons scorer Thackeray and McAllister finished with a game-high 21 points. Missoula Anchors scorer Castellano put up 36 points. At the break, the Baton Rouge Falcons were up 67-61 after the opening two quarters. The Baton Rouge Falcons controlled the game from start to finish, never trailing. Navarro hit the go-ahead jumper late in the fourth quarter. Oakley posted a double-double with 16 points and 11 rebounds. Zimmer and Keller and Castellano picked up enough fouls during the game to be in foul trouble."
183,100183,"The El Paso Ospreys visited the Bakersfield Wranglers on November 29, 2025. The El Paso Ospreys defeated the Bakersfield Wranglers by a score of 114-92. For the winners, Zimmer scored 28 points. On the losing side, Wakefield scored 29 points. At the break, the El Paso Ospreys were up 57-51 after the opening two quarters. The El Paso Ospreys overcame a 4-point deficit at one stage to win the game. Hale hit the go-ahead jumper late in the fourth quarter. The El Paso Ospreys came out on top by 22 points. Foul trouble was an issue at times for Vance and Wakefield."
184,100184,"On the road on November 30, 2025, the BAT took on the BIR at the Birmingham Foxes' arena. The Baton Rouge Falcons won, 111-105, over the Birmingham Foxes. Castellano led the Baton Rouge Falcons with 30 points. For the Birmingham Foxes, Brennan scored a team-high 25 points. At halftime, the Baton Rouge Falcons were ahead 54-51 following the first two periods. The Baton Rouge Falcons erased a 4-point hole along the way to close out the win. Castellano provided the go-ahead points for the Baton Rouge Falcons in the closing minutes. The Baton Rouge Falcons were without regular contributor Bradford. The Baton Rouge Falcons built a lead as big as 9 points during the game."
185,100185,"On November 30, 2025, the NAS and the FRE met, with the Fresno Bison on the road. The Nashville Tempest came away with a 129-101 victory over the Fresno Bison. Abbott topped all scorers for the Nashville Tempest with 23 points. Ellison scored 31 points to lead the Fresno Bison. The Nashville Tempest led 61-49 at the half after two competitive quarters. Down by as many as 5 points during the game, the Nashville Tempest still found a way to win. It was Abbott who put the Nashville Tempest ahead for good late in the fourth. On the boards, Barnett finished with 19 rebounds. There were 13 lead changes over the course of the game."
186,100186,"On November 30, 2025, the Reno Ridgebacks traveled to face the Cheyenne Pioneers. The Cheyenne Pioneers came away with a 128-119 victory over the Reno Ridgebacks. Kirby led the Cheyenne Pioneers with 31 points. Kirby led the Reno Ridgebacks with 34 points in the loss. At halftime, the Cheyenne Pioneers were ahead 63-61 following the first two periods. The Cheyenne Pioneers did not trail at any point in the game. Jennings set the pace with 14 assists. Foul trouble limited Kirby and Kirby and Marlow for parts of the game."
187,100187,"On November 30, 2025, the SPO and the TUL met, with the Tulsa Admirals on the road. The Spokane Outlaws topped the Tulsa Admirals, 137-106. Ellison-Reyes was the top scorer for the Spokane Outlaws, going for 30 points. Tulsa Admirals scorer Carver put up 20 points. At the break, the Spokane Outlaws were up 66-54 after the opening two quarters. The Spokane Outlaws erased a 2-point hole along the way to close out the win. Ramsey provided the go-ahead points for the Spokane Outlaws in the closing minutes. The Spokane Outlaws hit 20 three-pointers. The Spokane Outlaws built a lead as big as 38 points during the game."
188,100188,"On November 30, 2025, the Des Moines Vultures traveled to face the Anchorage Herons. The Anchorage Herons topped the Des Moines Vultures, 117-100. Wolfe topped all scorers for the Anchorage Herons with 32 points. On the losing side, Larkin scored 25 points. At the break, the Anchorage Herons were up 55-49 after the opening two quarters. The Anchorage Herons trailed by 6 points at one stage before pulling away for good. Wolfe hit the go-ahead jumper late in the fourth quarter. 11 turnovers plagued the Des Moines Vultures. 11 lead changes kept the outcome in doubt until late in the game."
189,100189,"On December 1, 2025, the BIR and the AUS met, with the Austin Sentinels on the road. The BIR beat the AUS, 116-112. Barnett led the Birmingham Foxes with 20 points. Austin Sentinels scorer Pruitt put up 31 points. At halftime, the Birmingham Foxes were ahead 57-49 following the first two periods. The Birmingham Foxes controlled the game from start to finish, never trailing. The go-ahead bucket late in the game came from Brennan of the Birmingham Foxes. The Birmingham Foxes bench chipped in 42 points. The Birmingham Foxes opened up a 10-point advantage at one point in the game."
190,100190,"The Baton Rouge Falcons visited the Spokane Outlaws on December 1, 2025. The SPO beat the BAT, 132-111. Ellison-Reyes led the Spokane Outlaws with 33 points. Moreno led the Baton Rouge Falcons with 23 points in the loss. The Spokane Outlaws led 68-56 at the half after two competitive quarters. The Spokane Outlaws erased a 5-point hole along the way to close out the win. Carver delivered the decisive go-ahead score for the Spokane Outlaws down the stretch. The margin of victory was 21 points. The Spokane Outlaws opened up a 25-point advantage at one point in the game."
191,100191,"On December 1, 2025, the CHE and the HON met, with the Honolulu Miners on the road. The Honolulu Miners won, 143-135, over the Cheyenne Pioneers. For the winners, Sinclair scored 45 points. Kirby paced the Cheyenne Pioneers with 34 points despite the loss. The Honolulu Miners held a 69-67 edge at the half of a closely contested game. The Honolulu Miners were in front the entire game, never trailing once. The final margin was 8 points. Gallagher and Fairbanks and Sinclair and Hastings spent stretches of the game in foul trouble."
192,100192,"The Tulsa Admirals hosted the El Paso Ospreys on December 1, 2025. The Tulsa Admirals topped the El Paso Ospreys, 133-128. For the winners, Rutledge scored 29 points. El Paso Ospreys scorer Salazar put up 32 points. The El Paso Ospreys led 67-63 at the half after two competitive quarters. The Tulsa Admirals erased a 7-point hole along the way to close out the win. It was Radford who put the Tulsa Admirals ahead for good late in the fourth. There was no box score entry for Quigley of the El Paso Ospreys. Foul trouble limited Carver and Ocampo for parts of the game."
193,100193,"The Austin Sentinels hosted the Cheyenne Pioneers on December 2, 2025. The Cheyenne Pioneers came away with a 130-126 victory over the Austin Sentinels. Kirby topped all scorers for the Cheyenne Pioneers with 39 points. Fairbanks paced the Austin Sentinels with 22 points despite the loss. The Cheyenne Pioneers held a 66-56 edge at the half of a closely contested game. The Cheyenne Pioneers overcame a 5-point deficit at one stage to win the game. Thornton provided the go-ahead points for the Cheyenne Pioneers in the closing minutes. Marlow cleaned up 17 rebounds to lead all players. The Cheyenne Pioneers led by as many as 27 points at one stage of the game."
194,100194,"On December 2, 2025, the RAL and the FRE met, with the Fresno Bison on the road. The Raleigh Wardens came away with a 140-123 victory over the Fresno Bison. For the winners, Quigley scored 30 points. Pruitt led the Fresno Bison with 36 points in the loss. The Raleigh Wardens led 73-59 at the half after two competitive quarters. The Raleigh Wardens controlled the game from start to finish, never trailing. Dalton handed out 12 assists to lead all passers. Dalton and Quigley dealt with foul trouble over the course of the game."
195,100195,"The Spokane Outlaws never trailed on December 2, 2025, building a 74-42 halftime cushion at home over the Bakersfield Wranglers before cruising to a 138-89 win. Ellison-Reyes topped Spokane with 28 points, Wakefield answered with 16 for Bakersfield, and Spokane connected on 22 threes while stretching its advantage to a game-high 49 points. Spokane's shooting from deep buried Bakersfield early, and the home crowd never had a reason to worry the rest of the way. Spokane's depth made sure Bakersfield never got the contest closer than a comfortable distance all night long."
196,100196,"The Albuquerque Lancers never trailed on December 2, 2025, running away from the visiting Birmingham Foxes 119-94 after taking a 64-45 lead into the break. Ellison paced Albuquerque with 24 points, Barnett countered with 18 for Birmingham, and 12 turnovers compounded the Foxes' troubles as Montgomery battled foul trouble and the Lancers' lead swelled to 30 points. Albuquerque's defense forced miscue after miscue, and the Lancers never let Birmingham back into contention once the margin started to grow. Albuquerque's depth up and down the roster made sure Birmingham never got the contest closer than a comfortable distance."
197,100197,"The Baton Rouge Falcons hosted the Raleigh Wardens on December 3, 2025. The final score was Baton Rouge Falcons 118, Raleigh Wardens 108. Thackeray led the Baton Rouge Falcons with 22 points. Oakley led the Raleigh Wardens with 22 points in the loss. Heading into halftime, the Baton Rouge Falcons led 52-50 through two quarters of play. The Baton Rouge Falcons erased a 6-point hole along the way to close out the win. Godfrey delivered the decisive go-ahead score for the Baton Rouge Falcons down the stretch. 36 bench points helped the Baton Rouge Falcons. The lead changed hands 3 times during the course of the game."
198,100198,"The Albuquerque Lancers visited the Jacksonville Cobras on December 3, 2025. The final score was Albuquerque Lancers 126, Jacksonville Cobras 98. Salazar topped all scorers for the Albuquerque Lancers with 26 points. Jacksonville Cobras scorer Brennan put up 23 points. Heading into halftime, the Albuquerque Lancers led 65-52 through two quarters of play. At no point during the contest did the Albuquerque Lancers trail. Rutledge turned in a double-double with 17 points and 11 rebounds. The Albuquerque Lancers led by up to 29 points along the way to the win."
199,100199,"On December 3, 2025, the Cheyenne Pioneers welcomed the Albany Condors at home. The ALB beat the CHE, 129-119. Winslow topped all scorers for the Albany Condors with 27 points. On the losing side, Kirby scored 37 points. Heading into halftime, the Albany Condors led 59-52 through two quarters of play. After facing a 7-point deficit earlier in the game, the Albany Condors came all the way back. Redmond hit the go-ahead jumper late in the fourth quarter. The margin of victory was 10 points. The Albany Condors opened up a 15-point advantage at one point in the game."
200,100200,"On December 3, 2025, the Fresno Bison welcomed the Austin Sentinels at home. The AUS beat the FRE, 121-103. Pruitt paced the Austin Sentinels attack, scoring 31 points. On the losing side, Pruitt scored 21 points. Heading into halftime, the Austin Sentinels led 63-48 through two quarters of play. After facing a 2-point deficit earlier in the game, the Austin Sentinels came all the way back. It was Dalton who put the Austin Sentinels ahead for good late in the fourth. Mercer did not suit up for the Fresno Bison. It was a back-and-forth affair, with 1 lead changes along the way."
201,100201,"The Reno Ridgebacks visited the Missoula Anchors on December 3, 2025. The MIS beat the REN, 134-133. Missoula Anchors scorer Keller finished with a game-high 35 points. On the losing side, Delgado scored 33 points. The Missoula Anchors held a 71-59 edge at the half of a closely contested game. The Missoula Anchors trailed by 5 points at one stage before pulling away for good. It was Keller who put the Missoula Anchors ahead for good late in the fourth. Garner pulled down a game-high 11 rebounds. Foul trouble limited Maddox and Moreno and Keller for parts of the game."
202,100202,"The Tacoma Talons hosted the Boise Glaciers on December 3, 2025. The Boise Glaciers came away with a 127-120 victory over the Tacoma Talons. Boise Glaciers scorer Montgomery finished with a game-high 27 points. On the losing side, Bellamy scored 39 points. The Boise Glaciers took a 68-62 lead into the locker room at the break. The Boise Glaciers did not trail at any point in the game. Ball movement ran through Emerson, who had 7 assists. The Boise Glaciers led by as many as 15 points at one stage of the game."
203,100203,"On December 4, 2025, the Fresno Bison traveled to face the Jacksonville Cobras. The Fresno Bison topped the Jacksonville Cobras, 115-92. Ellison led the Fresno Bison with 27 points. Brennan scored 21 points to lead the Jacksonville Cobras. Heading into halftime, the Fresno Bison led 55-45 through two quarters of play. The Fresno Bison did not trail at any point in the game. 10 made threes came from the Fresno Bison. Gentry battled foul trouble for stretches of the game."
204,100204,"On December 4, 2025, the Bakersfield Wranglers traveled to face the Honolulu Miners. The final score was Bakersfield Wranglers 125, Honolulu Miners 108. Wakefield led the Bakersfield Wranglers with 33 points. Sinclair scored 38 points to lead the Honolulu Miners. The Bakersfield Wranglers led 69-50 at the half after two competitive quarters. At no point during the contest did the Bakersfield Wranglers trail. The Honolulu Miners gave the ball away 21 times. At one stretch of the game, the Bakersfield Wranglers were ahead by 24 points."
205,100205,"On December 4, 2025, the Reno Ridgebacks welcomed the El Paso Ospreys at home. The Reno Ridgebacks defeated the El Paso Ospreys by a score of 125-124. Delgado was the top scorer for the Reno Ridgebacks, going for 27 points. Carver scored 28 points to lead the El Paso Ospreys. At the break, the Reno Ridgebacks were up 63-61 after the opening two quarters. The Reno Ridgebacks never trailed at any point in the game. It was Garner who put the Reno Ridgebacks ahead for good late in the fourth. Reserves for the Reno Ridgebacks scored 34 points. The Reno Ridgebacks led by up to 11 points along the way to the win."
206,100206,"On the road on December 4, 2025, the ANC took on the RAL at the Raleigh Wardens' arena. The Raleigh Wardens won, 147-123, over the Anchorage Herons. Quigley was the top scorer for the Raleigh Wardens, going for 25 points. Wolfe paced the Anchorage Herons with 21 points despite the loss. At halftime, the Raleigh Wardens were ahead 68-62 following the first two periods. At no point during the contest did the Raleigh Wardens trail. Ramsey added a double-double, going for 13 points and 4 assists. The Raleigh Wardens' largest lead of the game was 31 points."
207,100207,"On December 5, 2025, the Spokane Outlaws welcomed the Fresno Bison at home. The SPO beat the FRE, 122-101. Ellison-Reyes led the Spokane Outlaws with 32 points. Fresno Bison scorer Pruitt put up 22 points. Heading into halftime, the Spokane Outlaws led 65-46 through two quarters of play. The Spokane Outlaws were in front the entire game, never trailing once. The Spokane Outlaws came out on top by 21 points. Foul trouble limited Ashby and Nash for parts of the game."
208,100208,"Preston Calloway hit the go-ahead jumper late in the fourth as the Missoula Anchors erased a 6-point deficit to beat the host Cincinnati Stallions 122-110 on December 5, 2025. Keller's game-high 27 points led Missoula, while McAllister answered with 33 for Cincinnati; Missoula's other McAllister, meanwhile, did not suit up for the Anchors. Missoula had carried a 68-60 halftime lead and pushed its advantage to 16 points at its widest. Missoula's balance carried the night once Calloway's late basket put the Anchors in front for good down the stretch."
209,100209,"The Anchorage Herons never trailed on December 5, 2025, riding a 71-55 halftime lead on the road to a 135-120 win over the Des Moines Vultures. Fairbanks torched the Vultures for 52 points to lead Anchorage, Redmond answered with 23 for Des Moines despite dealing with foul trouble, and Wolfe cleaned up a game-high 8 rebounds as the Herons controlled the game from start to finish. Anchorage's balance up and down the roster turned a competitive opening into a comfortable road win by the final horn."
210,100210,"The Birmingham Foxes visited the Austin Sentinels on December 5, 2025. The final score was Birmingham Foxes 130, Austin Sentinels 122. Birmingham Foxes scorer Brennan and Brennan finished with a game-high 28 points. Austin Sentinels scorer Fairbanks put up 37 points. At halftime, the Birmingham Foxes were ahead 65-64 following the first two periods. At no point during the contest did the Birmingham Foxes trail. Marlow dished out a team-high 11 assists. Pruitt and Brennan picked up enough fouls during the game to be in foul trouble."
211,100211,"On December 5, 2025, the Tacoma Talons welcomed the Bakersfield Wranglers at home. The Tacoma Talons topped the Bakersfield Wranglers, 119-116. Bellamy was the top scorer for the Tacoma Talons, going for 28 points. For the Bakersfield Wranglers, Brennan scored a team-high 38 points. At the break, the Bakersfield Wranglers were up 63-59 after the opening two quarters. After facing a 7-point deficit earlier in the game, the Tacoma Talons came all the way back. Vance came up with the go-ahead basket in the final stretch of the game. The Tacoma Talons made 17 three-pointers as a team. The Tacoma Talons built a lead as big as 7 points during the game."
212,100212,"The Boise Glaciers visited the Tulsa Admirals on December 5, 2025. The Boise Glaciers topped the Tulsa Admirals, 149-142. McAllister was the top scorer for the Boise Glaciers, going for 44 points. For the Tulsa Admirals, Radford scored a team-high 33 points. At halftime, the Boise Glaciers were ahead 75-73 following the first two periods. The Boise Glaciers overcame a 6-point deficit at one stage to win the game. Sawyer hit the go-ahead jumper late in the fourth quarter. 12 turnovers plagued the Tulsa Admirals. The two teams traded the lead 9 times during the contest."
213,100213,"On December 5, 2025, the Cheyenne Pioneers traveled to face the Newark Mustangs. The Newark Mustangs won, 146-112, over the Cheyenne Pioneers. For the winners, Sheffield scored 33 points. Kirby and Bellamy paced the Cheyenne Pioneers with 18 points despite the loss. The Newark Mustangs led 71-63 at the half after two competitive quarters. The Newark Mustangs controlled the game from start to finish, never trailing. The Newark Mustangs bench chipped in 66 points. Vance picked up enough fouls during the game to be in foul trouble."
214,100214,"The Reno Ridgebacks hosted the Louisville Nomads on December 5, 2025. The Louisville Nomads topped the Reno Ridgebacks, 136-127. Sutter paced the Louisville Nomads attack, scoring 24 points. For the Reno Ridgebacks, Delgado scored a team-high 37 points. At the break, the Louisville Nomads were up 69-63 after the opening two quarters. The Louisville Nomads never trailed at any point in the game. Farrell turned in a double-double with 15 points and 11 rebounds. The Louisville Nomads built a lead as big as 10 points during the game."
215,100215,"Leon Wolfe provided the go-ahead points down the stretch after the Anchorage Herons trailed by just 1 point to the host Reno Ridgebacks on December 6, 2025, before Anchorage pulled away for a 136-105 win. Wolfe led all scorers with 36 points, Pruitt answered with 18 for Reno, and Anchorage's 66-51 halftime edge helped set up a 31-point final margin despite 16 lead changes along the way. It stayed a tight, tense affair deep into the fourth before Wolfe's late basket finally tilted things Anchorage's way for good."
216,100216,"The Tulsa Admirals never trailed on December 6, 2025, taking a 66-61 lead into the break at home before beating the visiting Missoula Anchors 143-120. Radford topped Tulsa with 24 points, Castellano answered with 21 for Missoula, and the Anchors were without regular contributor McAllister while Keller battled foul trouble for the losing side. Tulsa's response at home set the tone for a comfortable win over the visiting Anchors from start to finish. Tulsa's poise at home kept Missoula from ever threatening a serious comeback bid in the fourth quarter."
217,100217,"On December 6, 2025, the Fresno Bison welcomed the Honolulu Miners at home. The Fresno Bison won, 103-88, over the Honolulu Miners. Pruitt paced the Fresno Bison attack, scoring 32 points. Emerson scored 36 points to lead the Honolulu Miners. At the break, the Fresno Bison were up 52-43 after the opening two quarters. The Fresno Bison were in front the entire game, never trailing once. Pruitt cleaned up 12 rebounds to lead all players. The Fresno Bison' largest lead of the game was 22 points."
218,100218,"On December 6, 2025, the Boise Glaciers traveled to face the Grand Rapids Drifters. The final score was Boise Glaciers 136, Grand Rapids Drifters 101. For the winners, Emerson scored 33 points. Quigley led the Grand Rapids Drifters with 23 points in the loss. The Boise Glaciers took a 68-48 lead into the locker room at the break. The Boise Glaciers never trailed at any point in the game. Montgomery set the pace with 14 assists. At one stretch of the game, the Boise Glaciers were ahead by 38 points."
219,100219,"The Tacoma Talons hosted the Nashville Tempest on December 6, 2025. The TAC beat the NAS, 120-97. Bellamy paced the Tacoma Talons attack, scoring 26 points. Nashville Tempest scorer Nash put up 21 points. At halftime, the Tacoma Talons were ahead 63-50 following the first two periods. At no point during the contest did the Tacoma Talons trail. 11 made threes came from the Tacoma Talons. Foul trouble was an issue at times for Bradford."
220,100220,"On December 7, 2025, the Cincinnati Stallions welcomed the Albuquerque Lancers at home. The Cincinnati Stallions topped the Albuquerque Lancers, 130-117. McAllister paced the Cincinnati Stallions attack, scoring 28 points. Thackeray paced the Albuquerque Lancers with 28 points despite the loss. Heading into halftime, the Cincinnati Stallions led 64-57 through two quarters of play. The Cincinnati Stallions trailed by 2 points at one stage before pulling away for good. McAllister hit the go-ahead jumper late in the fourth quarter. 14 turnovers plagued the Albuquerque Lancers. The Cincinnati Stallions opened up a 18-point advantage at one point in the game."
221,100221,"Josiah Wakefield came up with the go-ahead basket in the final stretch, then helped power a 26-point bench effort, as the Bakersfield Wranglers never trailed en route to a 108-105 win over the host Boise Glaciers on December 7, 2025. Gallagher's game-high 22 points led Bakersfield, McAllister answered with a team-high 40 for Boise, and the Wranglers had carried a 54-47 halftime lead. Redmond and Yates both battled foul trouble in the tight finish. It stayed a tight, tense affair deep into the fourth before Wakefield's late basket finally tilted things Bakersfield's way."
222,100222,"The Anchorage Herons visited the Richmond Kestrels on December 7, 2025. The Anchorage Herons came away with a 115-106 victory over the Richmond Kestrels. Fairbanks paced the Anchorage Herons attack, scoring 34 points. Ashby led the Richmond Kestrels with 24 points in the loss. The Anchorage Herons led 55-54 at the half after two competitive quarters. The Anchorage Herons trailed by 10 points at one stage before pulling away for good. Wolfe came up with the go-ahead basket in the final stretch of the game. Wolfe posted a double-double with 28 points and 9 rebounds. Nash and Rivera dealt with foul trouble over the course of the game."
223,100223,"The El Paso Ospreys led wire-to-wire on December 7, 2025, taking a 67-54 lead into the break at home and holding on for a 126-119 win over the Des Moines Vultures. Salazar paced El Paso with 30 points, Redmond answered with 23 for Des Moines, and the Ospreys' cushion swelled to as many as 19 points before settling into a 7-point final margin. El Paso's balance carried the night, with the hosts in control from the opening tip through the final horn."
224,100224,"The Tulsa Admirals visited the Grand Rapids Drifters on December 7, 2025. The Grand Rapids Drifters won, 134-118, over the Tulsa Admirals. Delgado topped all scorers for the Grand Rapids Drifters with 24 points. For the Tulsa Admirals, Carver scored a team-high 31 points. At the break, the Grand Rapids Drifters were up 65-56 after the opening two quarters. The Grand Rapids Drifters erased a 5-point hole along the way to close out the win. Quigley hit the go-ahead jumper late in the fourth quarter. Holloway did not suit up for the Grand Rapids Drifters. It was a back-and-forth affair, with 18 lead changes along the way."
225,100225,"Lorenzo Dupree provided the go-ahead points in the closing minutes as the Hartford Comets rallied from a 5-point deficit to beat the visiting Baton Rouge Falcons 121-114 on December 8, 2025. Boone's game-high 38 points led Hartford, while both Godfrey and Thackeray scored 24 for Baton Rouge; Godfrey also cleaned up a game-high 15 rebounds. Hartford's 62-56 halftime edge grew into an 11-point advantage at its widest. Hartford's response after that early deficit set the tone for a hard-fought win over the visiting Falcons."
226,100226,"The Bakersfield Wranglers visited the Tulsa Admirals on December 8, 2025. The BAK beat the TUL, 123-114. Brennan topped all scorers for the Bakersfield Wranglers with 20 points. Tulsa Admirals scorer Radford put up 24 points. At halftime, the Bakersfield Wranglers were ahead 58-54 following the first two periods. The Bakersfield Wranglers were in front the entire game, never trailing once. Delgado handed out 7 assists to lead all passers. The Bakersfield Wranglers led by as many as 14 points at one stage of the game."
227,100227,"Trent Keller provided the go-ahead points in the closing minutes as the Missoula Anchors erased a 7-point deficit to beat the visiting Albany Condors 114-108 on December 8, 2025, despite trailing 57-53 at the break. Castellano's game-high 26 points led Missoula, Easton answered with 37 for Albany, and the Anchors knocked down 18 threes while the lead changed hands 3 times before Missoula pulled it out. It stayed a tight, tense affair deep into the fourth before Keller's late basket finally tilted things Missoula's way for good."
228,100228,"On December 10, 2025, the Cincinnati Stallions welcomed the Tacoma Talons at home. The Tacoma Talons came away with a 99-94 victory over the Cincinnati Stallions. Langford was the top scorer for the Tacoma Talons, going for 19 points. McAllister paced the Cincinnati Stallions with 29 points despite the loss. Heading into halftime, the Tacoma Talons led 52-49 through two quarters of play. The Tacoma Talons trailed by 6 points at one stage before pulling away for good. It was Navarro who put the Tacoma Talons ahead for good late in the fourth. The Cincinnati Stallions committed 12 turnovers. Pruitt spent stretches of the game in foul trouble."
229,100229,"On December 10, 2025, the Columbus Voyagers traveled to face the Austin Sentinels. The Austin Sentinels won, 125-104, over the Columbus Voyagers. Pruitt topped all scorers for the Austin Sentinels with 24 points. Gentry scored 20 points to lead the Columbus Voyagers. Heading into halftime, the Austin Sentinels led 63-55 through two quarters of play. At no point during the contest did the Austin Sentinels trail. The Austin Sentinels got 43 points off the bench. The Austin Sentinels' largest lead of the game was 28 points."
230,100230,"The Tacoma Talons hosted the Baton Rouge Falcons on December 11, 2025. The TAC beat the BAT, 126-116. Bellamy topped all scorers for the Tacoma Talons with 23 points. For the Baton Rouge Falcons, Thackeray scored a team-high 27 points. The Tacoma Talons held a 63-56 edge at the half of a closely contested game. Down by as many as 9 points during the game, the Tacoma Talons still found a way to win. Marlow delivered the decisive go-ahead score for the Tacoma Talons down the stretch. McAllister notched a double-double, finishing with 14 points and 10 rebounds. The two teams traded the lead 4 times during the contest."
231,100231,"On December 11, 2025, the Nashville Tempest traveled to face the Cheyenne Pioneers. The Nashville Tempest came away with a 128-127 victory over the Cheyenne Pioneers. Nashville Tempest scorer Keller finished with a game-high 32 points. On the losing side, Kirby scored 27 points. At halftime, the Cheyenne Pioneers were ahead 65-62 following the first two periods. The Nashville Tempest rallied back from a 5-point deficit to come away with the win. It was Nash who put the Nashville Tempest ahead for good late in the fourth. The Nashville Tempest came out on top by 1 points. Foul trouble limited Kirby and Fairbanks and Emerson and Thornton and Marlow for parts of the game."
232,100232,"On the road on December 11, 2025, the REN took on the DES at the Des Moines Vultures' arena. The final score was Des Moines Vultures 116, Reno Ridgebacks 105. Lockhart paced the Des Moines Vultures attack, scoring 28 points. On the losing side, Jennings scored 24 points. At halftime, the Reno Ridgebacks were ahead 58-52 following the first two periods. The Des Moines Vultures rallied back from a 9-point deficit to come away with the win. The go-ahead bucket late in the game came from Lockhart of the Des Moines Vultures. There was no box score entry for Barnett of the Des Moines Vultures. The Des Moines Vultures led by as many as 17 points at one stage of the game."
233,100233,"The Spokane Outlaws hosted the Albuquerque Lancers on December 12, 2025. The Albuquerque Lancers defeated the Spokane Outlaws by a score of 117-102. Holloway topped all scorers for the Albuquerque Lancers with 29 points. Spokane Outlaws scorer Ellison-Reyes put up 22 points. The Albuquerque Lancers took a 56-46 lead into the locker room at the break. The Albuquerque Lancers led wire-to-wire from the opening tip. Brennan paced the glass work with 12 boards. The Albuquerque Lancers opened up a 20-point advantage at one point in the game."
234,100234,"The Louisville Nomads visited the Honolulu Miners on December 12, 2025. The Louisville Nomads defeated the Honolulu Miners by a score of 128-106. Vance was the top scorer for the Louisville Nomads, going for 27 points. On the losing side, Sinclair scored 30 points. The Louisville Nomads held a 68-62 edge at the half of a closely contested game. The Louisville Nomads erased a 12-point hole along the way to close out the win. Vance came up with the go-ahead basket in the final stretch of the game. Sinclair set the pace with 11 assists. Vasquez dealt with foul trouble over the course of the game."
235,100235,"On December 12, 2025, the Boise Glaciers traveled to face the Anchorage Herons. The Anchorage Herons topped the Boise Glaciers, 142-138. Wolfe was the top scorer for the Anchorage Herons, going for 56 points. For the Boise Glaciers, McAllister scored a team-high 44 points. At the break, the Anchorage Herons were up 75-69 after the opening two quarters. Down by as many as 2 points during the game, the Anchorage Herons still found a way to win. Fairbanks delivered the decisive go-ahead score for the Anchorage Herons down the stretch. The Anchorage Herons made 19 three-pointers as a team. The Anchorage Herons' largest lead of the game was 16 points."
236,100236,"On December 13, 2025, the Tacoma Talons traveled to face the Hartford Comets. The HAR beat the TAC, 99-98. Boone topped all scorers for the Hartford Comets with 35 points. Tacoma Talons scorer Langford put up 16 points. At halftime, the Hartford Comets were ahead 51-49 following the first two periods. Down by as many as 3 points during the game, the Hartford Comets still found a way to win. Keller came up with the go-ahead basket in the final stretch of the game. The Tacoma Talons gave the ball away 13 times. 12 lead changes kept the outcome in doubt until late in the game."
237,100237,"The Reno Ridgebacks hosted the Baton Rouge Falcons on December 14, 2025. The Reno Ridgebacks topped the Baton Rouge Falcons, 113-107. Moreno and Jennings led the Reno Ridgebacks with 21 points. Thackeray scored 23 points to lead the Baton Rouge Falcons. At halftime, the Reno Ridgebacks were ahead 56-52 following the first two periods. The Reno Ridgebacks trailed by 4 points at one stage before pulling away for good. Farrell provided the go-ahead points for the Reno Ridgebacks in the closing minutes. Reserves for the Reno Ridgebacks scored 38 points. The Reno Ridgebacks built a lead as big as 8 points during the game."
238,100238,"On December 14, 2025, the Bakersfield Wranglers traveled to face the Cincinnati Stallions. The Cincinnati Stallions defeated the Bakersfield Wranglers by a score of 129-113. McAllister led the Cincinnati Stallions with 34 points. Brennan led the Bakersfield Wranglers with 32 points in the loss. At halftime, the Cincinnati Stallions were ahead 66-51 following the first two periods. The Cincinnati Stallions rallied back from a 6-point deficit to come away with the win. Bellamy delivered the decisive go-ahead score for the Cincinnati Stallions down the stretch. Maddox recorded a double-double at 16 points and 5 assists. The Cincinnati Stallions led by up to 16 points along the way to the win."
239,100239,"On December 14, 2025, the Austin Sentinels traveled to face the Cheyenne Pioneers. The Austin Sentinels won, 137-128, over the Cheyenne Pioneers. Fairbanks topped all scorers for the Austin Sentinels with 37 points. Sheffield scored 25 points to lead the Cheyenne Pioneers. The Austin Sentinels took a 69-68 lead into the locker room at the break. Down by as many as 4 points during the game, the Austin Sentinels still found a way to win. Fairbanks delivered the decisive go-ahead score for the Austin Sentinels down the stretch. The margin of victory was 9 points. 11 lead changes kept the outcome in doubt until late in the game."
240,100240,"On December 14, 2025, the Fresno Bison traveled to face the El Paso Ospreys. The El Paso Ospreys came away with a 115-113 victory over the Fresno Bison. Carver was the top scorer for the El Paso Ospreys, going for 22 points. Barnett paced the Fresno Bison with 33 points despite the loss. Heading into halftime, the El Paso Ospreys led 59-54 through two quarters of play. The El Paso Ospreys overcame a 3-point deficit at one stage to win the game. Carver hit the go-ahead jumper late in the fourth quarter. The Fresno Bison were without regular contributor Mercer. Carver and Vance spent stretches of the game in foul trouble."
241,100241,"Jaxon McAllister provided the go-ahead points in the closing minutes as the Baton Rouge Falcons erased a 13-point deficit to beat the visiting Providence Skylarks 119-111 on December 15, 2025, despite Providence's 65-56 halftime lead. Godfrey's game-high 24 points and 14 rebounds led Baton Rouge, Marlow answered with 34 for Providence, and Wesley Wakefield's foul trouble didn't stop the Falcons from stretching their advantage to as many as 15 points. Baton Rouge's response after that early deficit set the tone for a hard-fought road win over the Skylarks."
242,100242,"On December 15, 2025, the Spokane Outlaws welcomed the Hartford Comets at home. The final score was Spokane Outlaws 129, Hartford Comets 104. Zimmer was the top scorer for the Spokane Outlaws, going for 29 points. Boone led the Hartford Comets with 28 points in the loss. Heading into halftime, the Spokane Outlaws led 70-52 through two quarters of play. At no point during the contest did the Spokane Outlaws trail. Carver handed out 6 assists to lead all passers. The Spokane Outlaws led by as many as 28 points at one stage of the game."
243,100243,"The Reno Ridgebacks visited the Honolulu Miners on December 15, 2025. The final score was Honolulu Miners 125, Reno Ridgebacks 101. Sinclair topped all scorers for the Honolulu Miners with 34 points. For the Reno Ridgebacks, Delgado scored a team-high 22 points. Heading into halftime, the Honolulu Miners led 60-50 through two quarters of play. The Honolulu Miners never trailed at any point in the game. The Honolulu Miners made 15 three-pointers as a team. Hastings battled foul trouble for stretches of the game."
244,100244,"The Anchorage Herons hosted the El Paso Ospreys on December 17, 2025. The Anchorage Herons came away with a 128-125 victory over the El Paso Ospreys. Wolfe paced the Anchorage Herons attack, scoring 39 points. Carver led the El Paso Ospreys with 33 points in the loss. At halftime, the Anchorage Herons were ahead 61-53 following the first two periods. The Anchorage Herons trailed by 4 points at one stage before pulling away for good. Gentry provided the go-ahead points for the Anchorage Herons in the closing minutes. Turnovers were an issue for the El Paso Ospreys, who had 16. The Anchorage Herons led by as many as 21 points at one stage of the game."
245,100245,"Tariq Sawyer put the Boise Glaciers ahead for good late in the fourth after Boise trailed by as many as 2 points to the visiting Fresno Bison on December 18, 2025, eventually escaping with a 109-106 win. Sawyer's game-high 27 points led the Glaciers, Ellison answered with 34 for Fresno, and Boise had carried a 52-47 lead into the break. The Glaciers' bench chipped in 34 points across 15 lead changes, with Zaire Wolfe and Mateo Pemberton both battling foul trouble along the way."
246,100246,"The Buffalo Marshals led wire-to-wire on December 18, 2025, taking a 74-63 lead into the break at home and cruising to a 141-127 win over the Tacoma Talons. Felix Redmond paced Buffalo with 27 points, while Zaire Redmond finished with a double-double of 23 points and 25 rebounds, Bellamy answered with 39 for Tacoma, and Felix Boone picked up enough fouls to land in foul trouble for the winners. Buffalo's balance up and down the roster turned a competitive opening into a comfortable win by the final horn."
247,100247,"Antoine Ellison delivered the decisive go-ahead score down the stretch as the Albuquerque Lancers, who never trailed, edged the host Spokane Outlaws 111-109 on December 18, 2025. Thackeray's 23 points led Albuquerque, while Ellison-Reyes (KER) answered with a team-high 29 for Spokane. The Lancers had carried a 51-45 halftime lead, and Theo Ramsey's foul trouble didn't stop Albuquerque from stretching its advantage to 15 points before winning by 2. It stayed a coin-flip contest until Ellison's late basket finally tilted things Albuquerque's way for good on the road."
248,100248,"The El Paso Ospreys hosted the Reno Ridgebacks on December 18, 2025. The El Paso Ospreys defeated the Reno Ridgebacks by a score of 121-95. Carver topped all scorers for the El Paso Ospreys with 28 points. Pruitt and Garner paced the Reno Ridgebacks with 25 points despite the loss. At halftime, the El Paso Ospreys were ahead 63-47 following the first two periods. The El Paso Ospreys never trailed at any point in the game. Quigley did not suit up for the El Paso Ospreys. The El Paso Ospreys led by up to 29 points along the way to the win."
249,100249,"On December 18, 2025, the Providence Skylarks welcomed the Tulsa Admirals at home. The PRO beat the TUL, 119-101. Marlow led the Providence Skylarks with 35 points. Tulsa Admirals scorer Radford put up 23 points. The Providence Skylarks held a 59-52 edge at the half of a closely contested game. After facing a 5-point deficit earlier in the game, the Providence Skylarks came all the way back. Mercer hit the go-ahead jumper late in the fourth quarter. Abbott paced the glass work with 11 boards. At one stretch of the game, the Providence Skylarks were ahead by 24 points."
250,100250,"On the road on December 18, 2025, the NAS took on the MIS at the Missoula Anchors' arena. The Nashville Tempest won, 110-106, over the Missoula Anchors. Nashville Tempest scorer Keller finished with a game-high 23 points. Keller paced the Missoula Anchors with 25 points despite the loss. The Nashville Tempest led 54-50 at the half after two competitive quarters. The Nashville Tempest did not trail at any point in the game. Keller came up with the go-ahead basket in the final stretch of the game. Keller handed out 8 assists to lead all passers. At one stretch of the game, the Nashville Tempest were ahead by 4 points."
251,100251,"On December 18, 2025, the Cheyenne Pioneers welcomed the Louisville Nomads at home. The Cheyenne Pioneers won, 131-129, over the Louisville Nomads. For the winners, Kirby scored 31 points. Vance scored 29 points to lead the Louisville Nomads. The Louisville Nomads held a 67-62 edge at the half of a closely contested game. The Cheyenne Pioneers trailed by 10 points at one stage before pulling away for good. Kirby delivered the decisive go-ahead score for the Cheyenne Pioneers down the stretch. The Cheyenne Pioneers hit 18 three-pointers. 13 lead changes kept the outcome in doubt until late in the game."
252,100252,"Theo Castellano hit the go-ahead jumper late in the fourth as the Baton Rouge Falcons rallied from a 6-point deficit to beat the host Anchorage Herons 131-121 on December 18, 2025, despite trailing 63-61 at the break. Godfrey's 32 points led Baton Rouge, Wolfe answered with 29 for Anchorage, and 7 turnovers by the Herons compounded their troubles as the Falcons' lead grew to as many as 11 points along the way. Baton Rouge's response after that early deficit set the tone for a hard-fought road win over the Herons."
253,100253,"On December 19, 2025, the TUL and the BOI met, with the Boise Glaciers on the road. The Boise Glaciers won, 125-116, over the Tulsa Admirals. Boise Glaciers scorer Montgomery finished with a game-high 28 points. For the Tulsa Admirals, Radford scored a team-high 21 points. Heading into halftime, the Boise Glaciers led 63-53 through two quarters of play. The Boise Glaciers never trailed at any point in the game. 42 bench points helped the Boise Glaciers. At one stretch of the game, the Boise Glaciers were ahead by 14 points."
254,100254,"The Buffalo Marshals hosted the Missoula Anchors on December 19, 2025. The final score was Buffalo Marshals 121, Missoula Anchors 118. Redmond paced the Buffalo Marshals attack, scoring 28 points. For the Missoula Anchors, Keller scored a team-high 25 points. The Buffalo Marshals led 63-62 at the half after two competitive quarters. The Buffalo Marshals rallied back from a 2-point deficit to come away with the win. The go-ahead bucket late in the game came from Salazar of the Buffalo Marshals. Oakley added a double-double, going for 11 points and 1 assists. The lead changed hands 9 times during the course of the game."
255,100255,"On December 20, 2025, the ELP and the CIN met, with the Cincinnati Stallions on the road. The El Paso Ospreys won, 117-100, over the Cincinnati Stallions. For the winners, Salazar scored 30 points. On the losing side, Pruitt scored 23 points. Heading into halftime, the El Paso Ospreys led 56-50 through two quarters of play. The El Paso Ospreys erased a 5-point hole along the way to close out the win. The go-ahead bucket late in the game came from Vance of the El Paso Ospreys. The game was decided by 17 points. Rivera picked up enough fouls during the game to be in foul trouble."
256,100256,"Antoine Zimmer delivered the decisive go-ahead score down the stretch as the Nashville Tempest, who never trailed, beat the visiting Anchorage Herons 127-126 on December 20, 2025. Bradford's game-high 38 points led Nashville, Wolfe answered with 34 for Anchorage, and Nashville carried a 66-64 halftime edge to a largest lead of 13 points. Mercer, normally in the Herons' rotation, did not play, and Samir Emerson dealt with foul trouble for Nashville. Nashville's balance carried the night, with the hosts in control from the opening tip through the final horn."
257,100257,"The Providence Skylarks hosted the Tacoma Talons on December 20, 2025. The TAC beat the PRO, 120-107. Tacoma Talons scorer Bellamy finished with a game-high 27 points. For the Providence Skylarks, Marlow scored a team-high 27 points. At the break, the Tacoma Talons were up 66-54 after the opening two quarters. Down by as many as 1 points during the game, the Tacoma Talons still found a way to win. It was Bellamy who put the Tacoma Talons ahead for good late in the fourth. Marlow controlled the glass with 9 rebounds. The lead changed hands 6 times during the course of the game."
258,100258,"The Austin Sentinels visited the Boise Glaciers on December 20, 2025. The Austin Sentinels defeated the Boise Glaciers by a score of 116-110. Pruitt led the Austin Sentinels with 28 points. On the losing side, Montgomery scored 21 points. The Austin Sentinels took a 57-54 lead into the locker room at the break. The Austin Sentinels overcame a 5-point deficit at one stage to win the game. Cortez came up with the go-ahead basket in the final stretch of the game. Sawyer dished out a team-high 6 assists. Sawyer and Easton and Bradford dealt with foul trouble over the course of the game."
259,100259,"The Fresno Bison hosted the Louisville Nomads on December 20, 2025. The Fresno Bison defeated the Louisville Nomads by a score of 112-99. Pruitt led the Fresno Bison with 55 points. On the losing side, Vance scored 27 points. Heading into halftime, the Fresno Bison led 64-46 through two quarters of play. After facing a 4-point deficit earlier in the game, the Fresno Bison came all the way back. Pruitt hit the go-ahead jumper late in the fourth quarter. From beyond the arc, the Fresno Bison went 14-for-the-night. The Fresno Bison led by as many as 18 points at one stage of the game."
260,100260,"The Tulsa Admirals hosted the Bakersfield Wranglers on December 20, 2025. The final score was Bakersfield Wranglers 115, Tulsa Admirals 108. Brennan led the Bakersfield Wranglers with 30 points. Carver paced the Tulsa Admirals with 20 points despite the loss. Heading into halftime, the Bakersfield Wranglers led 58-54 through two quarters of play. The Bakersfield Wranglers controlled the game from start to finish, never trailing. The Tulsa Admirals coughed it up 12 times. Alder and Rivera spent stretches of the game in foul trouble."
261,100261,"The Spokane Outlaws visited the Albuquerque Lancers on December 20, 2025. The ALE beat the SPO, 130-110. Albuquerque Lancers scorer Emerson finished with a game-high 25 points. Ellison-Reyes (KER) paced the Spokane Outlaws with 33 points despite the loss. The Albuquerque Lancers held a 68-57 edge at the half of a closely contested game. The Albuquerque Lancers controlled the game from start to finish, never trailing. The Albuquerque Lancers bench unit produced 55 points. Brennan picked up enough fouls during the game to be in foul trouble."
262,100262,"On December 20, 2025, the Baton Rouge Falcons traveled to face the Cheyenne Pioneers. The Cheyenne Pioneers came away with a 140-133 victory over the Baton Rouge Falcons. Kirby led the Cheyenne Pioneers with 37 points. On the losing side, Thackeray scored 42 points. At the break, the Cheyenne Pioneers were up 68-66 after the opening two quarters. The Cheyenne Pioneers trailed by 4 points at one stage before pulling away for good. Kirby delivered the decisive go-ahead score for the Cheyenne Pioneers down the stretch. It was a double-double night for Carver: 14 points, 3 rebounds. The Cheyenne Pioneers built a lead as big as 14 points during the game."
263,100263,"It was Lorenzo Zimmer who delivered the decisive go-ahead score down the stretch as the Honolulu Miners erased a 6-point deficit to beat the host Buffalo Marshals 123-120 on December 21, 2025. Zimmer's game-high 44 points led Honolulu, Redmond answered with 23 for Buffalo, and Honolulu's 61-59 halftime edge held up through 10 lead changes for a final margin of 3 points, with Devonte Granger battling foul trouble along the way. It stayed a coin-flip contest deep into the fourth before Zimmer's late basket finally tilted things Honolulu's way for good."
264,100264,"The Bakersfield Wranglers visited the El Paso Ospreys on December 21, 2025. The El Paso Ospreys came away with a 117-98 victory over the Bakersfield Wranglers. Zimmer led the El Paso Ospreys with 31 points. Bakersfield Wranglers scorer Wakefield put up 23 points. The El Paso Ospreys led 58-45 at the half after two competitive quarters. After facing a 5-point deficit earlier in the game, the El Paso Ospreys came all the way back. Sinclair provided the go-ahead points for the El Paso Ospreys in the closing minutes. The El Paso Ospreys were without regular contributor Carver. Stanton and Rivera battled foul trouble for stretches of the game."
265,100265,"On the road on December 21, 2025, the SPO took on the BOI at the Boise Glaciers' arena. The Boise Glaciers came away with a 112-107 victory over the Spokane Outlaws. McAllister topped all scorers for the Boise Glaciers with 26 points. For the Spokane Outlaws, Ellison-Reyes scored a team-high 35 points. The Boise Glaciers took a 57-50 lead into the locker room at the break. The Boise Glaciers rallied back from a 2-point deficit to come away with the win. Emerson provided the go-ahead points for the Boise Glaciers in the closing minutes. Pemberton paced the glass work with 14 boards. The Boise Glaciers led by up to 10 points along the way to the win."
266,100266,"On December 22, 2025, the Boise Glaciers welcomed the Reno Ridgebacks at home. The final score was Boise Glaciers 117, Reno Ridgebacks 103. Boise Glaciers scorer Montgomery finished with a game-high 24 points. On the losing side, Farrell and Easton and Delgado scored 17 points. At halftime, the Boise Glaciers were ahead 61-48 following the first two periods. The Boise Glaciers trailed by 2 points at one stage before pulling away for good. It was Sawyer who put the Boise Glaciers ahead for good late in the fourth. Distributing the ball, Jennings finished with 10 assists. The lead changed hands 7 times during the course of the game."
267,100267,"On December 22, 2025, the Honolulu Miners welcomed the El Paso Ospreys at home. The final score was El Paso Ospreys 119, Honolulu Miners 96. Zimmer was the top scorer for the El Paso Ospreys, going for 26 points. Honolulu Miners scorer Sinclair put up 25 points. The El Paso Ospreys took a 62-48 lead into the locker room at the break. The El Paso Ospreys never trailed at any point in the game. The El Paso Ospreys knocked down 8 shots from deep. The El Paso Ospreys opened up a 23-point advantage at one point in the game."
268,100268,"The Tulsa Admirals hosted the Des Moines Vultures on December 22, 2025. The Tulsa Admirals defeated the Des Moines Vultures by a score of 128-109. For the winners, Carver scored 29 points. Redmond led the Des Moines Vultures with 22 points in the loss. At the break, the Des Moines Vultures were up 59-53 after the opening two quarters. Down by as many as 7 points during the game, the Tulsa Admirals still found a way to win. The go-ahead bucket late in the game came from Radford of the Tulsa Admirals. 14 turnovers plagued the Des Moines Vultures. At one stretch of the game, the Tulsa Admirals were ahead by 23 points."
269,100269,"On December 22, 2025, the Nashville Tempest welcomed the Albuquerque Lancers at home. The final score was Albuquerque Lancers 114, Nashville Tempest 112. Holloway was the top scorer for the Albuquerque Lancers, going for 31 points. Nashville Tempest scorer Ashby put up 25 points. At the break, the Albuquerque Lancers were up 58-56 after the opening two quarters. The Albuquerque Lancers controlled the game from start to finish, never trailing. It was Ellison who put the Albuquerque Lancers ahead for good late in the fourth. 38 bench points helped the Albuquerque Lancers. Abbott spent stretches of the game in foul trouble."
270,100270,"On the road on December 22, 2025, the MIS took on the LOU at the Louisville Nomads' arena. The Louisville Nomads topped the Missoula Anchors, 122-116. Vance led the Louisville Nomads with 29 points. On the losing side, Keller scored 35 points. Heading into halftime, the Missoula Anchors led 59-54 through two quarters of play. After facing a 9-point deficit earlier in the game, the Louisville Nomads came all the way back. Vance delivered the decisive go-ahead score for the Louisville Nomads down the stretch. The margin of victory was 6 points. Maddox and Winslow and Pruitt and Abbott and Garner and Keller spent stretches of the game in foul trouble."
271,100271,"The Austin Sentinels hosted the Missoula Anchors on December 23, 2025. The final score was Austin Sentinels 119, Missoula Anchors 96. Fairbanks was the top scorer for the Austin Sentinels, going for 22 points. On the losing side, Thackeray scored 21 points. The Austin Sentinels led 59-47 at the half after two competitive quarters. The Austin Sentinels erased a 1-point hole along the way to close out the win. The go-ahead bucket late in the game came from Marlow of the Austin Sentinels. The Austin Sentinels came out on top by 23 points. The Austin Sentinels opened up a 30-point advantage at one point in the game."
272,100272,"On December 23, 2025, the Hartford Comets welcomed the Honolulu Miners at home. The Honolulu Miners came away with a 112-108 victory over the Hartford Comets. Sinclair led the Honolulu Miners with 31 points. For the Hartford Comets, Boone scored a team-high 28 points. The Hartford Comets led 57-55 at the half after two competitive quarters. The Honolulu Miners erased a 7-point hole along the way to close out the win. It was Emerson who put the Honolulu Miners ahead for good late in the fourth. Nash, normally in the rotation for the Honolulu Miners, did not play. The lead changed hands 17 times during the course of the game."
273,100273,"On the road on December 23, 2025, the BAT took on the TUL at the Tulsa Admirals' arena. The Tulsa Admirals topped the Baton Rouge Falcons, 119-113. Carver was the top scorer for the Tulsa Admirals, going for 24 points. For the Baton Rouge Falcons, Godfrey scored a team-high 35 points. The Tulsa Admirals took a 59-58 lead into the locker room at the break. The Tulsa Admirals overcame a 6-point deficit at one stage to win the game. Carver provided the go-ahead points for the Tulsa Admirals in the closing minutes. Godfrey pulled down a game-high 17 rebounds. The Tulsa Admirals opened up a 7-point advantage at one point in the game."
274,100274,"The Spokane Outlaws visited the Tacoma Talons on December 23, 2025. The final score was Spokane Outlaws 124, Tacoma Talons 112. Spokane Outlaws scorer Ellison-Reyes finished with a game-high 38 points. Langford and Marlow led the Tacoma Talons with 17 points in the loss. At the break, the Spokane Outlaws were up 59-58 after the opening two quarters. Down by as many as 4 points during the game, the Spokane Outlaws still found a way to win. The go-ahead bucket late in the game came from Ramsey of the Spokane Outlaws. Langford dished out a team-high 6 assists. The Spokane Outlaws led by as many as 15 points at one stage of the game."
275,100275,"On December 23, 2025, the Providence Skylarks welcomed the Cheyenne Pioneers at home. The Cheyenne Pioneers topped the Providence Skylarks, 123-110. Bellamy led the Cheyenne Pioneers with 30 points. Wakefield led the Providence Skylarks with 29 points in the loss. At halftime, the Cheyenne Pioneers were ahead 68-53 following the first two periods. The Cheyenne Pioneers were in front the entire game, never trailing once. 14 made threes came from the Cheyenne Pioneers. The Cheyenne Pioneers built a lead as big as 23 points during the game."
276,100276,"On December 23, 2025, the Raleigh Wardens welcomed the Reno Ridgebacks at home. The Reno Ridgebacks topped the Raleigh Wardens, 127-111. Kirby paced the Reno Ridgebacks attack, scoring 42 points. Raleigh Wardens scorer Emerson put up 27 points. The Reno Ridgebacks led 66-58 at the half after two competitive quarters. The Reno Ridgebacks never trailed at any point in the game. Turnovers were an issue for the Raleigh Wardens, who had 13. The Reno Ridgebacks' largest lead of the game was 24 points."
277,100277,"On December 23, 2025, the Fresno Bison welcomed the El Paso Ospreys at home. The final score was Fresno Bison 128, El Paso Ospreys 108. Pruitt paced the Fresno Bison attack, scoring 41 points. On the losing side, Salazar scored 22 points. Heading into halftime, the Fresno Bison led 66-52 through two quarters of play. The Fresno Bison led wire-to-wire from the opening tip. The Fresno Bison bench chipped in 29 points. The Fresno Bison led by up to 27 points along the way to the win."
278,100278,"On December 23, 2025, the Jacksonville Cobras welcomed the Boise Glaciers at home. The Jacksonville Cobras won, 126-102, over the Boise Glaciers. Jacksonville Cobras scorer Rutledge finished with a game-high 34 points. McAllister paced the Boise Glaciers with 30 points despite the loss. The Jacksonville Cobras held a 62-47 edge at the half of a closely contested game. The Jacksonville Cobras led wire-to-wire from the opening tip. Rutledge added a double-double, going for 34 points and 6 assists. The Jacksonville Cobras opened up a 29-point advantage at one point in the game."
279,100279,"On December 23, 2025, the Albuquerque Lancers traveled to face the Birmingham Foxes. The Albuquerque Lancers topped the Birmingham Foxes, 124-113. Albuquerque Lancers scorer Holloway finished with a game-high 27 points. Redmond paced the Birmingham Foxes with 21 points despite the loss. Heading into halftime, the Albuquerque Lancers led 61-58 through two quarters of play. At no point during the contest did the Albuquerque Lancers trail. It finished as a 11-point game. Foul trouble limited Redmond and Brennan for parts of the game."
280,100280,"The Reno Ridgebacks visited the Fresno Bison on December 25, 2025. The Fresno Bison defeated the Reno Ridgebacks by a score of 131-90. Pruitt topped all scorers for the Fresno Bison with 33 points. On the losing side, Rivera scored 18 points. Heading into halftime, the Fresno Bison led 65-47 through two quarters of play. The Fresno Bison were in front the entire game, never trailing once. Ashby (FRE), a rotation regular, did not appear in the box score. The Fresno Bison' largest lead of the game was 48 points."
281,100281,"On December 25, 2025, the El Paso Ospreys traveled to face the Anchorage Herons. The El Paso Ospreys defeated the Anchorage Herons by a score of 115-101. Salazar topped all scorers for the El Paso Ospreys with 31 points. For the Anchorage Herons, Wolfe scored a team-high 25 points. Heading into halftime, the El Paso Ospreys led 62-49 through two quarters of play. The El Paso Ospreys trailed by 3 points at one stage before pulling away for good. Zimmer came up with the go-ahead basket in the final stretch of the game. Stanton cleaned up 12 rebounds to lead all players. The lead changed hands 11 times during the course of the game."
282,100282,"On December 25, 2025, the Spokane Outlaws welcomed the Missoula Anchors at home. The Spokane Outlaws came away with a 124-95 victory over the Missoula Anchors. Ellison-Reyes (KER) led the Spokane Outlaws with 30 points. Pruitt scored 19 points to lead the Missoula Anchors. At the break, the Spokane Outlaws were up 58-52 after the opening two quarters. The Spokane Outlaws erased a 6-point hole along the way to close out the win. The go-ahead bucket late in the game came from Thackeray of the Spokane Outlaws. Distributing the ball, Keller finished with 7 assists. The Spokane Outlaws' largest lead of the game was 31 points."
283,100283,"On December 25, 2025, the Albuquerque Lancers welcomed the Cincinnati Stallions at home. The Cincinnati Stallions defeated the Albuquerque Lancers by a score of 113-101. Bellamy topped all scorers for the Cincinnati Stallions with 27 points. For the Albuquerque Lancers, Salazar scored a team-high 26 points. At halftime, the Cincinnati Stallions were ahead 59-57 following the first two periods. Down by as many as 9 points during the game, the Cincinnati Stallions still found a way to win. Maddox delivered the decisive go-ahead score for the Cincinnati Stallions down the stretch. The Cincinnati Stallions knocked down 13 shots from deep. The Cincinnati Stallions built a lead as big as 15 points during the game."
284,100284,"On December 26, 2025, the GRA and the TAC met, with the Tacoma Talons on the road. The Tacoma Talons came away with a 123-91 victory over the Grand Rapids Drifters. For the winners, Marlow scored 21 points. For the Grand Rapids Drifters, Emerson scored a team-high 18 points. At halftime, the Tacoma Talons were ahead 62-51 following the first two periods. After facing a 5-point deficit earlier in the game, the Tacoma Talons came all the way back. Langford came up with the go-ahead basket in the final stretch of the game. Ball security was a problem, with the Grand Rapids Drifters turning it over 15 times. The game featured 7 lead changes before it was finally decided."
285,100285,"On December 26, 2025, the Louisville Nomads traveled to face the Missoula Anchors. The Louisville Nomads topped the Missoula Anchors, 110-102. Garner was the top scorer for the Louisville Nomads, going for 26 points. Castellano led the Missoula Anchors with 25 points in the loss. Heading into halftime, the Missoula Anchors led 53-52 through two quarters of play. Down by as many as 5 points during the game, the Louisville Nomads still found a way to win. Salazar provided the go-ahead points for the Louisville Nomads in the closing minutes. The Louisville Nomads bench chipped in 25 points. Vasquez and Vance and Keller dealt with foul trouble over the course of the game."
286,100286,"The Austin Sentinels visited the Albuquerque Lancers on December 26, 2025. The Albuquerque Lancers won, 126-119, over the Austin Sentinels. Donnelly paced the Albuquerque Lancers attack, scoring 31 points. On the losing side, Marlow scored 21 points. The Albuquerque Lancers took a 58-56 lead into the locker room at the break. The Albuquerque Lancers were in front the entire game, never trailing once. Fletcher turned in a double-double with 19 points and 15 rebounds. The Albuquerque Lancers' largest lead of the game was 9 points."
287,100287,"On December 26, 2025, the Cheyenne Pioneers welcomed the Spokane Outlaws at home. The Spokane Outlaws defeated the Cheyenne Pioneers by a score of 131-101. Zimmer and Carver was the top scorer for the Spokane Outlaws, going for 25 points. Sheffield led the Cheyenne Pioneers with 21 points in the loss. At the break, the Spokane Outlaws were up 72-51 after the opening two quarters. The Spokane Outlaws led wire-to-wire from the opening tip. It finished as a 30-point game. At one stretch of the game, the Spokane Outlaws were ahead by 30 points."
288,100288,"On December 27, 2025, the Boise Glaciers welcomed the Providence Skylarks at home. The PRO beat the BOI, 123-107. Jennings paced the Providence Skylarks attack, scoring 30 points. On the losing side, McAllister scored 28 points. The Providence Skylarks took a 55-53 lead into the locker room at the break. The Providence Skylarks never trailed at any point in the game. Salazar did not suit up for the Boise Glaciers. The Providence Skylarks built a lead as big as 21 points during the game."
289,100289,"On December 27, 2025, the Baton Rouge Falcons traveled to face the Missoula Anchors. The final score was Missoula Anchors 125, Baton Rouge Falcons 122. Keller paced the Missoula Anchors attack, scoring 27 points. For the Baton Rouge Falcons, Blackwood scored a team-high 25 points. The Baton Rouge Falcons held a 65-59 edge at the half of a closely contested game. The Missoula Anchors rallied back from a 9-point deficit to come away with the win. It was Keller who put the Missoula Anchors ahead for good late in the fourth. On the boards, Oakley finished with 11 rebounds. The Missoula Anchors led by up to 8 points along the way to the win."
290,100290,"On December 27, 2025, the Albuquerque Lancers welcomed the Newark Mustangs at home. The Albuquerque Lancers defeated the Newark Mustangs by a score of 134-132. Farrell paced the Albuquerque Lancers attack, scoring 36 points. Sheffield paced the Newark Mustangs with 29 points despite the loss. The Newark Mustangs led 63-61 at the half after two competitive quarters. Down by as many as 6 points during the game, the Albuquerque Lancers still found a way to win. Holloway came up with the go-ahead basket in the final stretch of the game. Sheffield dished out a team-high 8 assists. The two teams traded the lead 18 times during the contest."
291,100291,"On December 27, 2025, the Cheyenne Pioneers traveled to face the Anchorage Herons. The Anchorage Herons came away with a 135-112 victory over the Cheyenne Pioneers. Fairbanks was the top scorer for the Anchorage Herons, going for 27 points. Cheyenne Pioneers scorer Bellamy put up 27 points. At halftime, the Anchorage Herons were ahead 67-58 following the first two periods. At no point during the contest did the Anchorage Herons trail. The Anchorage Herons connected on 24 threes. Radford battled foul trouble for stretches of the game."
292,100292,"On December 27, 2025, the Tulsa Admirals traveled to face the Cincinnati Stallions. The final score was Cincinnati Stallions 141, Tulsa Admirals 118. For the winners, McAllister scored 27 points. Carver scored 26 points to lead the Tulsa Admirals. At the break, the Cincinnati Stallions were up 68-64 after the opening two quarters. The Cincinnati Stallions erased a 3-point hole along the way to close out the win. Moreno came up with the go-ahead basket in the final stretch of the game. Ball security was a problem, with the Tulsa Admirals turning it over 16 times. The Cincinnati Stallions led by as many as 30 points at one stage of the game."
293,100293,"The Bakersfield Wranglers hosted the Honolulu Miners on December 27, 2025. The HON beat the BAK, 116-114. Sinclair paced the Honolulu Miners attack, scoring 29 points. On the losing side, Brennan scored 27 points. The Honolulu Miners led 56-53 at the half after two competitive quarters. The Honolulu Miners did not trail at any point in the game. Emerson delivered the decisive go-ahead score for the Honolulu Miners down the stretch. The Honolulu Miners bench unit produced 30 points. Wakefield spent stretches of the game in foul trouble."
294,100294,"On the road on December 28, 2025, the COL took on the BOI at the Boise Glaciers' arena. The Boise Glaciers topped the Columbus Voyagers, 103-100. McAllister was the top scorer for the Boise Glaciers, going for 24 points. Columbus Voyagers scorer Ramsey put up 24 points. At halftime, the Columbus Voyagers were ahead 58-53 following the first two periods. Down by as many as 6 points during the game, the Boise Glaciers still found a way to win. McAllister came up with the go-ahead basket in the final stretch of the game. Pemberton turned in a double-double with 11 points and 18 rebounds. The Boise Glaciers' largest lead of the game was 4 points."
295,100295,"On December 28, 2025, the MIS and the TAC met, with the Tacoma Talons on the road. The Missoula Anchors topped the Tacoma Talons, 136-131. Thackeray and Castellano was the top scorer for the Missoula Anchors, going for 35 points. Bellamy scored 48 points to lead the Tacoma Talons. At the break, the Missoula Anchors were up 69-68 after the opening two quarters. The Missoula Anchors trailed by 7 points at one stage before pulling away for good. It was Calloway who put the Missoula Anchors ahead for good late in the fourth. The game was decided by 5 points. The Missoula Anchors opened up a 7-point advantage at one point in the game."
296,100296,"On December 28, 2025, the AUS and the HAR met, with the Hartford Comets on the road. The final score was Hartford Comets 139, Austin Sentinels 136. Boone and Sawyer was the top scorer for the Hartford Comets, going for 34 points. Bellamy paced the Austin Sentinels with 40 points despite the loss. Heading into halftime, the Hartford Comets led 70-68 through two quarters of play. The Hartford Comets trailed by 9 points at one stage before pulling away for good. Sawyer came up with the go-ahead basket in the final stretch of the game. Nash (HAR), a rotation regular, did not appear in the box score. 17 lead changes kept the outcome in doubt until late in the game."
297,100297,"On December 28, 2025, the Grand Rapids Drifters welcomed the Tulsa Admirals at home. The Tulsa Admirals defeated the Grand Rapids Drifters by a score of 114-104. Tulsa Admirals scorer Radford and Mercer finished with a game-high 20 points. Rivera paced the Grand Rapids Drifters with 20 points despite the loss. The Tulsa Admirals took a 61-46 lead into the locker room at the break. The Tulsa Admirals rallied back from a 6-point deficit to come away with the win. Radford hit the go-ahead jumper late in the fourth quarter. Radford cleaned up 10 rebounds to lead all players. The Tulsa Admirals led by as many as 16 points at one stage of the game."
298,100298,"On December 28, 2025, the JAC and the ANC met, with the Anchorage Herons on the road. The Anchorage Herons came away with a 134-133 victory over the Jacksonville Cobras. Wolfe paced the Anchorage Herons attack, scoring 40 points. Brennan scored 30 points to lead the Jacksonville Cobras. Heading into halftime, the Anchorage Herons led 69-64 through two quarters of play. At no point during the contest did the Anchorage Herons trail. It was Fairbanks who put the Anchorage Herons ahead for good late in the fourth. Rutledge set the pace with 16 assists. The Anchorage Herons built a lead as big as 11 points during the game."
299,100299,"On December 28, 2025, the El Paso Ospreys traveled to face the Baton Rouge Falcons. The Baton Rouge Falcons topped the El Paso Ospreys, 122-109. Godfrey paced the Baton Rouge Falcons attack, scoring 29 points. Salazar paced the El Paso Ospreys with 27 points despite the loss. At halftime, the Baton Rouge Falcons were ahead 56-51 following the first two periods. The Baton Rouge Falcons controlled the game from start to finish, never trailing. The Baton Rouge Falcons knocked down 7 shots from deep. Sinclair battled foul trouble for stretches of the game."
300,100300,"On December 29, 2025, the Missoula Anchors traveled to face the Reno Ridgebacks. The final score was Missoula Anchors 98, Reno Ridgebacks 93. For the winners, Keller scored 24 points. Easton scored 21 points to lead the Reno Ridgebacks. Heading into halftime, the Reno Ridgebacks led 47-43 through two quarters of play. The Missoula Anchors trailed by 9 points at one stage before pulling away for good. It was Keller who put the Missoula Anchors ahead for good late in the fourth. Turnovers were an issue for the Reno Ridgebacks, who had 15. Keller dealt with foul trouble over the course of the game."
301,100301,"On the road on December 29, 2025, the JAC took on the SPO at the Spokane Outlaws' arena. The Spokane Outlaws topped the Jacksonville Cobras, 140-129. For the winners, Ellison-Reyes scored 39 points. Brennan paced the Jacksonville Cobras with 30 points despite the loss. Heading into halftime, the Spokane Outlaws led 72-67 through two quarters of play. The Spokane Outlaws erased a 10-point hole along the way to close out the win. Carver came up with the go-ahead basket in the final stretch of the game. The Spokane Outlaws got 34 points off the bench. The Spokane Outlaws opened up a 16-point advantage at one point in the game."
302,100302,"On the road on December 29, 2025, the ALE took on the HON at the Honolulu Miners' arena. The Albuquerque Lancers defeated the Honolulu Miners by a score of 132-119. Albuquerque Lancers scorer Dalton finished with a game-high 30 points. Sinclair paced the Honolulu Miners with 35 points despite the loss. At the break, the Albuquerque Lancers were up 66-51 after the opening two quarters. At no point during the contest did the Albuquerque Lancers trail. Dalton posted a double-double with 30 points and 10 rebounds. Foul trouble was an issue at times for Sinclair and Zimmer and Ellison."
303,100303,"The El Paso Ospreys visited the Cheyenne Pioneers on December 29, 2025. The Cheyenne Pioneers topped the El Paso Ospreys, 133-125. Bellamy led the Cheyenne Pioneers with 29 points. El Paso Ospreys scorer Salazar put up 32 points. The El Paso Ospreys took a 69-66 lead into the locker room at the break. The Cheyenne Pioneers erased a 14-point hole along the way to close out the win. The go-ahead bucket late in the game came from Sheffield of the Cheyenne Pioneers. The game was decided by 8 points. Kirby and Vance and Sheffield and Marlow spent stretches of the game in foul trouble."
304,100304,"Trent Whitaker delivered the decisive go-ahead score down the stretch as the Austin Sentinels erased a 5-point deficit to beat the visiting Fresno Bison 107-98 on December 29, 2025. Dalton's 23 points topped Austin, Pruitt answered with 24 for Fresno, and the Bison were without regular contributor Mercer as Austin's 57-48 halftime lead swelled to as many as 17 points before the final buzzer. Austin's response after that early deficit set the tone for a hard-fought win over the Bison at home."
305,100305,"Josiah Wakefield provided the go-ahead points in the closing minutes as the Bakersfield Wranglers trailed by 3 points before rallying past the host Birmingham Foxes 115-101 on December 29, 2025, despite a 56-42 halftime cushion. Wakefield's 26 points paced Bakersfield, Keller answered with 24 for Birmingham, and Rivera pulled down a game-high 10 rebounds as the lead changed hands 12 times before Bakersfield finally pulled away. It stayed a tight, tense affair deep into the fourth before Bakersfield's cushion finally proved too much for Birmingham to overcome."
306,100306,"The Newark Mustangs visited the Tulsa Admirals on December 29, 2025. The Newark Mustangs topped the Tulsa Admirals, 130-125. Sheffield paced the Newark Mustangs attack, scoring 28 points. Tulsa Admirals scorer Carver put up 32 points. At halftime, the Newark Mustangs were ahead 69-60 following the first two periods. Down by as many as 6 points during the game, the Newark Mustangs still found a way to win. Sheffield delivered the decisive go-ahead score for the Newark Mustangs down the stretch. McAllister set the pace with 10 assists. The Newark Mustangs opened up a 10-point advantage at one point in the game."
307,100307,"Dwayne Vance delivered the decisive go-ahead score down the stretch as the Tacoma Talons erased a 6-point deficit to beat the host Richmond Kestrels 132-125 on December 29, 2025, despite trailing 69-68 at the break. Bellamy's 26 points led Tacoma, Emerson answered with 33 for Richmond, and the Talons connected on 24 threes while Devonte Holloway battled foul trouble and Tacoma's lead grew to 7 points at its widest. It stayed a coin-flip contest deep into the fourth before Vance's late basket finally tilted things Tacoma's way for good."
308,100308,"The Anchorage Herons visited the Buffalo Marshals on December 29, 2025. The ANC beat the BUF, 106-103. For the winners, Rutledge scored 24 points. Sawyer paced the Buffalo Marshals with 30 points despite the loss. The score was knotted at 50-50 heading into halftime after two close quarters. The Anchorage Herons trailed by 5 points at one stage before pulling away for good. Rhodes came up with the go-ahead basket in the final stretch of the game. The Buffalo Marshals committed 8 turnovers. It was a back-and-forth affair, with 15 lead changes along the way."
309,100309,"The Honolulu Miners visited the Bakersfield Wranglers on December 30, 2025. The Bakersfield Wranglers topped the Honolulu Miners, 132-108. Wakefield was the top scorer for the Bakersfield Wranglers, going for 25 points. Emerson scored 23 points to lead the Honolulu Miners. The Bakersfield Wranglers took a 67-52 lead into the locker room at the break. The Bakersfield Wranglers led wire-to-wire from the opening tip. The Bakersfield Wranglers got 40 points off the bench. Gallagher and Redmond spent stretches of the game in foul trouble."
310,100310,"On December 30, 2025, the Baton Rouge Falcons welcomed the Anchorage Herons at home. The Baton Rouge Falcons topped the Anchorage Herons, 131-130. Thackeray paced the Baton Rouge Falcons attack, scoring 33 points. Fairbanks led the Anchorage Herons with 31 points in the loss. The Anchorage Herons took a 73-58 lead into the locker room at the break. After facing a 19-point deficit earlier in the game, the Baton Rouge Falcons came all the way back. Carver provided the go-ahead points for the Baton Rouge Falcons in the closing minutes. Fairbanks recorded a double-double at 31 points and 14 assists. The Baton Rouge Falcons built a lead as big as 7 points during the game."
311,100311,"On December 30, 2025, the Spokane Outlaws welcomed the Austin Sentinels at home. The Spokane Outlaws defeated the Austin Sentinels by a score of 119-103. Ellison-Reyes (KER) led the Spokane Outlaws with 31 points. Dalton and Cortez led the Austin Sentinels with 16 points in the loss. The Spokane Outlaws led 58-50 at the half after two competitive quarters. The Spokane Outlaws were in front the entire game, never trailing once. The margin of victory was 16 points. The Spokane Outlaws led by up to 18 points along the way to the win."
312,100312,"On December 30, 2025, the Tulsa Admirals welcomed the Albuquerque Lancers at home. The Albuquerque Lancers defeated the Tulsa Admirals by a score of 135-132. Albuquerque Lancers scorer Donnelly finished with a game-high 24 points. Tulsa Admirals scorer Gentry put up 33 points. Heading into halftime, the Tulsa Admirals led 66-63 through two quarters of play. Down by as many as 9 points during the game, the Albuquerque Lancers still found a way to win. The go-ahead bucket late in the game came from Dalton of the Albuquerque Lancers. The Albuquerque Lancers were without regular contributor Winslow. Dalton battled foul trouble for stretches of the game."
313,100313,"The Baton Rouge Falcons hosted the Louisville Nomads on December 31, 2025. The Baton Rouge Falcons came away with a 116-114 victory over the Louisville Nomads. For the winners, Thackeray scored 23 points. On the losing side, Vance scored 29 points. At halftime, the Louisville Nomads were ahead 58-52 following the first two periods. Down by as many as 14 points during the game, the Baton Rouge Falcons still found a way to win. The go-ahead bucket late in the game came from Godfrey of the Baton Rouge Falcons. Godfrey cleaned up 14 rebounds to lead all players. The Baton Rouge Falcons led by up to 5 points along the way to the win."
314,100314,"The Anchorage Herons hosted the Nashville Tempest on December 31, 2025. The Anchorage Herons topped the Nashville Tempest, 126-115. Fairbanks paced the Anchorage Herons attack, scoring 32 points. Nashville Tempest scorer Emerson and Nash put up 26 points. The Anchorage Herons took a 66-58 lead into the locker room at the break. At no point during the contest did the Anchorage Herons trail. Ball movement ran through Wolfe, who had 13 assists. Nash spent stretches of the game in foul trouble."
315,100315,"On December 31, 2025, the Missoula Anchors welcomed the Fresno Bison at home. The Fresno Bison won, 119-103, over the Missoula Anchors. For the winners, Ellison scored 34 points. Missoula Anchors scorer Keller put up 29 points. At the break, the Fresno Bison were up 64-49 after the opening two quarters. The Fresno Bison overcame a 5-point deficit at one stage to win the game. Beckett delivered the decisive go-ahead score for the Fresno Bison down the stretch. The Fresno Bison connected on 20 threes. The Fresno Bison led by as many as 24 points at one stage of the game."
316,100316,"On the road on December 31, 2025, the TAC took on the BAK at the Bakersfield Wranglers' arena. The Bakersfield Wranglers won, 99-98, over the Tacoma Talons. For the winners, Brennan scored 25 points. For the Tacoma Talons, Vance scored a team-high 31 points. The Tacoma Talons led 50-47 at the half after two competitive quarters. Down by as many as 5 points during the game, the Bakersfield Wranglers still found a way to win. The go-ahead bucket late in the game came from Gallagher of the Bakersfield Wranglers. Turnovers were an issue for the Tacoma Talons, who had 20. The Bakersfield Wranglers opened up a 2-point advantage at one point in the game."
317,100317,"On December 31, 2025, the Cheyenne Pioneers traveled to face the Albuquerque Lancers. The Cheyenne Pioneers came away with a 127-114 victory over the Albuquerque Lancers. Bellamy paced the Cheyenne Pioneers attack, scoring 29 points. On the losing side, Salazar scored 32 points. The Cheyenne Pioneers held a 64-59 edge at the half of a closely contested game. The Cheyenne Pioneers overcame a 6-point deficit at one stage to win the game. Vance came up with the go-ahead basket in the final stretch of the game. The Cheyenne Pioneers bench chipped in 40 points. The two teams traded the lead 2 times during the contest."
318,100318,"The Boise Glaciers hosted the Newark Mustangs on December 31, 2025. The Boise Glaciers won, 115-104, over the Newark Mustangs. For the winners, McAllister scored 38 points. For the Newark Mustangs, Sheffield scored a team-high 40 points. The Boise Glaciers led 57-55 at the half after two competitive quarters. The Boise Glaciers rallied back from a 1-point deficit to come away with the win. McAllister came up with the go-ahead basket in the final stretch of the game. Thackeray added a double-double, going for 20 points and 8 assists. Sheffield picked up enough fouls during the game to be in foul trouble."
319,100319,"The Honolulu Miners visited the Albany Condors on December 31, 2025. The Albany Condors won, 126-105, over the Honolulu Miners. Easton led the Albany Condors with 30 points. Honolulu Miners scorer Zimmer put up 36 points. The Albany Condors held a 61-59 edge at the half of a closely contested game. The Albany Condors were in front the entire game, never trailing once. The final margin was 21 points. The Albany Condors opened up a 23-point advantage at one point in the game."
320,100320,"The Tacoma Talons controlled every minute on January 1, 2026, opening a 63-58 halftime lead at home over the Reno Ridgebacks en route to a 137-103 win. Bellamy led Tacoma with 27 points, Delgado answered with 24 for Reno, and Donnelly sat out for the Talons, absent from the box score, as Tacoma's lead ballooned to 41 points at its widest. Tacoma's shooting buried Reno early, and the home crowd never had a reason to worry the rest of the way."
321,100321,"On January 1, 2026, the Anchorage Herons traveled to face the Baton Rouge Falcons. The final score was Anchorage Herons 118, Baton Rouge Falcons 109. Anchorage Herons scorer Fairbanks finished with a game-high 33 points. Baton Rouge Falcons scorer Castellano put up 24 points. At the break, the Baton Rouge Falcons were up 53-49 after the opening two quarters. The Anchorage Herons overcame a 8-point deficit at one stage to win the game. The go-ahead bucket late in the game came from Thackeray of the Anchorage Herons. No one out-rebounded Garner, who grabbed 10. Foul trouble limited Fairbanks and Nash and Rutledge for parts of the game."
322,100322,"On January 1, 2026, the Boise Glaciers traveled to face the Columbus Voyagers. The Boise Glaciers topped the Columbus Voyagers, 139-106. Montgomery topped all scorers for the Boise Glaciers with 29 points. On the losing side, Vance scored 25 points. At the break, the Boise Glaciers were up 76-50 after the opening two quarters. The Boise Glaciers erased a 4-point hole along the way to close out the win. Sawyer delivered the decisive go-ahead score for the Boise Glaciers down the stretch. Ball movement ran through Ramsey, who had 8 assists. At one stretch of the game, the Boise Glaciers were ahead by 43 points."
323,100323,"On January 1, 2026, the HAR and the BAK met, with the Bakersfield Wranglers on the road. The Bakersfield Wranglers defeated the Hartford Comets by a score of 116-110. Brennan paced the Bakersfield Wranglers attack, scoring 27 points. Rutledge paced the Hartford Comets with 25 points despite the loss. Heading into halftime, the Hartford Comets led 61-53 through two quarters of play. The Bakersfield Wranglers erased a 10-point hole along the way to close out the win. It was Brennan who put the Bakersfield Wranglers ahead for good late in the fourth. 16 made threes came from the Bakersfield Wranglers. It was a back-and-forth affair, with 17 lead changes along the way."
324,100324,"The Providence Skylarks visited the Bakersfield Wranglers on January 2, 2026. The final score was Bakersfield Wranglers 106, Providence Skylarks 102. Gallagher topped all scorers for the Bakersfield Wranglers with 27 points. Marlow scored 36 points to lead the Providence Skylarks. At the break, the Bakersfield Wranglers were up 54-50 after the opening two quarters. The Bakersfield Wranglers never trailed at any point in the game. It was Bellamy who put the Bakersfield Wranglers ahead for good late in the fourth. Turnovers were an issue for the Providence Skylarks, who had 20. The Bakersfield Wranglers' largest lead of the game was 7 points."
325,100325,"On January 2, 2026, the Tulsa Admirals welcomed the Anchorage Herons at home. The Anchorage Herons defeated the Tulsa Admirals by a score of 122-116. Fairbanks topped all scorers for the Anchorage Herons with 35 points. On the losing side, Radford scored 31 points. The Anchorage Herons held a 62-51 edge at the half of a closely contested game. The Anchorage Herons overcame a 2-point deficit at one stage to win the game. The go-ahead bucket late in the game came from Rutledge of the Anchorage Herons. The Anchorage Herons bench unit produced 22 points. The Anchorage Herons opened up a 11-point advantage at one point in the game."
326,100326,"Lorenzo Garner delivered the decisive go-ahead score down the stretch as the Tacoma Talons erased an 11-point deficit to beat the visiting Cheyenne Pioneers 123-114 on January 2, 2026, despite trailing 61-51 at the break. Bellamy's game-high 31 points led Tacoma, while a different Bellamy answered with a team-high 35 for Cheyenne, and the lead changed hands 15 times before Tacoma finally won by 9. It stayed a coin-flip contest deep into the fourth before Garner's late basket finally tilted things Tacoma's way for good."
327,100327,"The Boise Glaciers visited the Birmingham Foxes on January 2, 2026. The Boise Glaciers came away with a 141-115 victory over the Birmingham Foxes. McAllister was the top scorer for the Boise Glaciers, going for 35 points. On the losing side, Brennan scored 20 points. The Boise Glaciers led 58-50 at the half after two competitive quarters. The Boise Glaciers erased a 2-point hole along the way to close out the win. It was Emerson who put the Boise Glaciers ahead for good late in the fourth. The final margin was 26 points. The Boise Glaciers led by as many as 31 points at one stage of the game."
328,100328,"Trent Keller put the Missoula Anchors ahead for good late in the fourth after they overcame a 2-point deficit to beat the visiting El Paso Ospreys 103-102 on January 2, 2026, despite trailing 50-49 at the break. Keller's 41 points led Missoula, Salazar answered with 37 for El Paso, and McAllister did not suit up for the Anchors, whose largest lead of the night reached only 6 points. It stayed a tight, tense affair deep into the fourth before Keller's late basket finally tilted things Missoula's way for good."
329,100329,"On January 2, 2026, the Spokane Outlaws traveled to face the Austin Sentinels. The final score was Spokane Outlaws 117, Austin Sentinels 116. Carver was the top scorer for the Spokane Outlaws, going for 26 points. Austin Sentinels scorer Pruitt put up 23 points. Heading into halftime, the Spokane Outlaws led 59-53 through two quarters of play. At no point during the contest did the Spokane Outlaws trail. Thackeray provided the go-ahead points for the Spokane Outlaws in the closing minutes. Whitaker paced the glass work with 10 boards. At one stretch of the game, the Spokane Outlaws were ahead by 14 points."
330,100330,"On January 3, 2026, the BAK and the RAL met, with the Raleigh Wardens on the road. The Raleigh Wardens came away with a 111-102 victory over the Bakersfield Wranglers. Ramsey paced the Raleigh Wardens attack, scoring 22 points. Bakersfield Wranglers scorer Wakefield put up 26 points. Heading into halftime, the Raleigh Wardens led 57-51 through two quarters of play. The Raleigh Wardens erased a 3-point hole along the way to close out the win. Abbott came up with the go-ahead basket in the final stretch of the game. Emerson handed out 6 assists to lead all passers. The Raleigh Wardens' largest lead of the game was 11 points."
331,100331,"Santiago Cortez put the Honolulu Miners ahead for good late in the fourth after they erased a 1-point deficit to rout the host Birmingham Foxes 142-111 on January 3, 2026. Sinclair's 37 points led Honolulu, which had already built a 76-58 halftime lead, while Wakefield answered with a team-high 17 for Birmingham. Honolulu connected on 14 threes and stretched its advantage to 36 points at its widest. Honolulu's balance carried the night, with the visitors in control from the opening tip through the final horn."
332,100332,"Jaxon Gallagher provided the go-ahead points in the closing minutes as the Richmond Kestrels rallied from a 6-point deficit to beat the visiting Albuquerque Lancers 111-106 on January 3, 2026, despite Richmond's own 60-54 halftime lead. Emerson's 26 points topped Richmond, Ellison answered with 20 for Albuquerque, and 10 turnovers hurt the Lancers as the lead changed hands 2 times before Richmond closed it out. It stayed a coin-flip contest deep into the fourth before Gallagher's late basket finally tilted things Richmond's way for good."
333,100333,"On the road on January 3, 2026, the BOI took on the CIN at the Cincinnati Stallions' arena. The CIN beat the BOI, 146-134. McAllister topped all scorers for the Cincinnati Stallions with 28 points. For the Boise Glaciers, McAllister and Emerson scored a team-high 25 points. The Boise Glaciers held a 70-69 edge at the half of a closely contested game. The Cincinnati Stallions rallied back from a 5-point deficit to come away with the win. Brennan came up with the go-ahead basket in the final stretch of the game. Reserves for the Cincinnati Stallions scored 36 points. The Cincinnati Stallions opened up a 13-point advantage at one point in the game."
334,100334,"On January 3, 2026, the CHE and the BAT met, with the Baton Rouge Falcons on the road. The Cheyenne Pioneers defeated the Baton Rouge Falcons by a score of 116-114. Bellamy led the Cheyenne Pioneers with 33 points. Thackeray paced the Baton Rouge Falcons with 26 points despite the loss. Heading into halftime, the Cheyenne Pioneers led 63-62 through two quarters of play. Down by as many as 7 points during the game, the Cheyenne Pioneers still found a way to win. Thornton delivered the decisive go-ahead score for the Cheyenne Pioneers down the stretch. Godfrey posted a double-double with 21 points and 11 rebounds. The Cheyenne Pioneers built a lead as big as 10 points during the game."
335,100335,"The El Paso Ospreys visited the Baton Rouge Falcons on January 4, 2026. The Baton Rouge Falcons came away with a 110-104 victory over the El Paso Ospreys. Godfrey paced the Baton Rouge Falcons attack, scoring 26 points. On the losing side, Salazar scored 34 points. At the break, the El Paso Ospreys were up 50-48 after the opening two quarters. The Baton Rouge Falcons overcame a 2-point deficit at one stage to win the game. It was Sheffield who put the Baton Rouge Falcons ahead for good late in the fourth. The margin of victory was 6 points. The lead changed hands 1 times during the course of the game."
336,100336,"The Raleigh Wardens hosted the Spokane Outlaws on January 4, 2026. The Raleigh Wardens won, 122-120, over the Spokane Outlaws. Ramsey was the top scorer for the Raleigh Wardens, going for 30 points. Ellison-Reyes led the Spokane Outlaws with 39 points in the loss. At halftime, the Spokane Outlaws were ahead 61-60 following the first two periods. After facing a 10-point deficit earlier in the game, the Raleigh Wardens came all the way back. Ramsey hit the go-ahead jumper late in the fourth quarter. Dalton (RAL), a rotation regular, did not appear in the box score. Sawyer and Moreno battled foul trouble for stretches of the game."
337,100337,"The Buffalo Marshals visited the Reno Ridgebacks on January 4, 2026. The Buffalo Marshals topped the Reno Ridgebacks, 122-109. Buffalo Marshals scorer Sawyer and Redmond finished with a game-high 23 points. On the losing side, Jennings scored 23 points. At halftime, the Buffalo Marshals were ahead 60-55 following the first two periods. The Buffalo Marshals did not trail at any point in the game. Easton pulled down a game-high 13 rebounds. The Buffalo Marshals opened up a 17-point advantage at one point in the game."
338,100338,"Chase Ellison delivered the decisive go-ahead score down the stretch as the Bakersfield Wranglers trailed by 1 point before beating the host Newark Mustangs 106-99 on the road on January 4, 2026, despite Newark's 48-47 halftime edge. Brennan's 27 points led Bakersfield, while both Garner and Sheffield scored 23 for Newark. Delgado handed out 6 assists to lead all passers, and 18 lead changes kept the outcome in doubt until the final buzzer. It stayed a tight, tense affair deep into the fourth before Bakersfield's cushion finally proved too much for Newark to overcome."
339,100339,"The Cincinnati Stallions hosted the Anchorage Herons on January 4, 2026. The Cincinnati Stallions came away with a 113-108 victory over the Anchorage Herons. McAllister led the Cincinnati Stallions with 33 points. Fairbanks paced the Anchorage Herons with 34 points despite the loss. It was even, 61-61, at the break following a back-and-forth opening half. At no point during the contest did the Cincinnati Stallions trail. Maddox came up with the go-ahead basket in the final stretch of the game. From beyond the arc, the Cincinnati Stallions went 16-for-the-night. Rutledge battled foul trouble for stretches of the game."
340,100340,"On January 4, 2026, the FRE and the RIC met, with the Richmond Kestrels on the road. The Fresno Bison defeated the Richmond Kestrels by a score of 117-109. Pruitt led the Fresno Bison with 35 points. Beckett paced the Richmond Kestrels with 25 points despite the loss. Heading into halftime, the Richmond Kestrels led 54-52 through two quarters of play. The Fresno Bison trailed by 4 points at one stage before pulling away for good. The go-ahead bucket late in the game came from Pruitt of the Fresno Bison. The Richmond Kestrels gave the ball away 10 times. The Fresno Bison opened up a 15-point advantage at one point in the game."
341,100341,"On January 5, 2026, the Jacksonville Cobras traveled to face the Honolulu Miners. The final score was Honolulu Miners 141, Jacksonville Cobras 116. Honolulu Miners scorer Emerson finished with a game-high 31 points. Jacksonville Cobras scorer Brennan put up 26 points. At halftime, the Honolulu Miners were ahead 73-61 following the first two periods. The Honolulu Miners led wire-to-wire from the opening tip. The Honolulu Miners bench chipped in 33 points. The Honolulu Miners opened up a 30-point advantage at one point in the game."
342,100342,"Not for a single possession did the Tacoma Talons trail on January 5, 2026, building a 53-46 halftime lead on the road before beating the Boise Glaciers 111-85. Bellamy led Tacoma with 26 points, while McAllister countered with 32 points and 2 assists for Boise in the loss. Tacoma's advantage swelled to as many as 29 points before the final buzzer. Tacoma's balance carried the night, with the road team in control from the opening tip through the final horn. It was a fully controlled effort from the opening tip through the final horn."
343,100343,"On the road on January 5, 2026, the BAT took on the GRA at the Grand Rapids Drifters' arena. The Grand Rapids Drifters topped the Baton Rouge Falcons, 125-107. Rivera topped all scorers for the Grand Rapids Drifters with 22 points. Carver paced the Baton Rouge Falcons with 16 points despite the loss. At the break, the Grand Rapids Drifters were up 64-59 after the opening two quarters. The Grand Rapids Drifters erased a 6-point hole along the way to close out the win. Rivera hit the go-ahead jumper late in the fourth quarter. The Grand Rapids Drifters came out on top by 18 points. The Grand Rapids Drifters' largest lead of the game was 19 points."
344,100344,"On January 5, 2026, the El Paso Ospreys traveled to face the Providence Skylarks. The final score was El Paso Ospreys 120, Providence Skylarks 96. Zimmer led the El Paso Ospreys with 23 points. On the losing side, Jennings scored 21 points. Heading into halftime, the El Paso Ospreys led 65-46 through two quarters of play. The El Paso Ospreys overcame a 2-point deficit at one stage to win the game. Salazar hit the go-ahead jumper late in the fourth quarter. Montgomery sat out for the El Paso Ospreys, absent from the box score. The lead changed hands 3 times during the course of the game."
345,100345,"On January 5, 2026, the MIS and the NEW met, with the Newark Mustangs on the road. The Newark Mustangs defeated the Missoula Anchors by a score of 123-114. For the winners, Sheffield scored 26 points. On the losing side, Keller scored 25 points. At halftime, the Newark Mustangs were ahead 67-56 following the first two periods. The Newark Mustangs did not trail at any point in the game. Sheffield pulled down a game-high 11 rebounds. The Newark Mustangs led by up to 21 points along the way to the win."
346,100346,"The Austin Sentinels visited the Honolulu Miners on January 6, 2026. The Honolulu Miners defeated the Austin Sentinels by a score of 128-121. Sinclair led the Honolulu Miners with 34 points. On the losing side, Pruitt scored 25 points. Heading into halftime, the Honolulu Miners led 64-57 through two quarters of play. The Honolulu Miners did not trail at any point in the game. Distributing the ball, Bellamy finished with 11 assists. At one stretch of the game, the Honolulu Miners were ahead by 9 points."
347,100347,"The Missoula Anchors visited the Birmingham Foxes on January 6, 2026. The Birmingham Foxes won, 115-111, over the Missoula Anchors. For the winners, Barnett scored 29 points. Missoula Anchors scorer Castellano put up 31 points. Heading into halftime, the Birmingham Foxes led 63-58 through two quarters of play. The Birmingham Foxes controlled the game from start to finish, never trailing. It was Barnett who put the Birmingham Foxes ahead for good late in the fourth. 17 made threes came from the Birmingham Foxes. Keller spent stretches of the game in foul trouble."
348,100348,"Eli Fairbanks delivered the decisive go-ahead score down the stretch as the Anchorage Herons rallied from a 6-point deficit to beat the visiting Providence Skylarks 107-103 on January 6, 2026, despite trailing 50-48 at the break. Fairbanks' 27 points led Anchorage, Marlow answered with 38 for Providence, and 8 turnovers by the Skylarks compounded their troubles as Anchorage's lead reached as many as 11 points along the way. It stayed a tight, tense affair deep into the fourth before Anchorage's late push finally proved too much for Providence to overcome."
349,100349,"The Jacksonville Cobras hosted the Bakersfield Wranglers on January 6, 2026. The Jacksonville Cobras won, 110-103, over the Bakersfield Wranglers. Jacksonville Cobras scorer Wolfe finished with a game-high 25 points. For the Bakersfield Wranglers, Brennan scored a team-high 31 points. The Bakersfield Wranglers led 55-50 at the half after two competitive quarters. The Jacksonville Cobras rallied back from a 8-point deficit to come away with the win. Rutledge delivered the decisive go-ahead score for the Jacksonville Cobras down the stretch. The Jacksonville Cobras got 33 points off the bench. The Jacksonville Cobras led by as many as 15 points at one stage of the game."
350,100350,"On January 7, 2026, the Louisville Nomads welcomed the El Paso Ospreys at home. The ELP beat the LOU, 111-104. Salazar led the El Paso Ospreys with 32 points. Garner paced the Louisville Nomads with 18 points despite the loss. At the break, the El Paso Ospreys were up 57-56 after the opening two quarters. The El Paso Ospreys were in front the entire game, never trailing once. Vance turned in a double-double with 11 points and 10 rebounds. Vasquez and Vance picked up enough fouls during the game to be in foul trouble."
351,100351,"On January 7, 2026, the Baton Rouge Falcons welcomed the Hartford Comets at home. The final score was Hartford Comets 123, Baton Rouge Falcons 108. For the winners, Boone scored 34 points. For the Baton Rouge Falcons, Blackwood scored a team-high 18 points. The Hartford Comets led 63-50 at the half after two competitive quarters. At no point during the contest did the Hartford Comets trail. The Hartford Comets came out on top by 15 points. Foul trouble was an issue at times for Hargrove."
352,100352,"On January 7, 2026, the Tacoma Talons welcomed the Newark Mustangs at home. The Tacoma Talons won, 126-113, over the Newark Mustangs. Tacoma Talons scorer Vance finished with a game-high 32 points. For the Newark Mustangs, Garner and Brennan scored a team-high 25 points. The Tacoma Talons led 55-53 at the half after two competitive quarters. The Tacoma Talons erased a 10-point hole along the way to close out the win. Bradford provided the go-ahead points for the Tacoma Talons in the closing minutes. The Newark Mustangs were without regular contributor Dalton. The Tacoma Talons' largest lead of the game was 18 points."
353,100353,"The Cheyenne Pioneers visited the Fresno Bison on January 7, 2026. The Fresno Bison won, 118-101, over the Cheyenne Pioneers. Pruitt topped all scorers for the Fresno Bison with 45 points. Yates paced the Cheyenne Pioneers with 22 points despite the loss. The Fresno Bison led 62-48 at the half after two competitive quarters. The Fresno Bison did not trail at any point in the game. Beckett cleaned up 11 rebounds to lead all players. Foul trouble limited Sheffield for parts of the game."
354,100354,"The Bakersfield Wranglers hosted the Birmingham Foxes on January 7, 2026. The BAK beat the BIR, 112-93. Ellison topped all scorers for the Bakersfield Wranglers with 19 points. For the Birmingham Foxes, Barnett and Keller scored a team-high 19 points. At the break, the Bakersfield Wranglers were up 57-48 after the opening two quarters. The Bakersfield Wranglers trailed by 3 points at one stage before pulling away for good. Ellison delivered the decisive go-ahead score for the Bakersfield Wranglers down the stretch. Ball movement ran through Brennan, who had 8 assists. The Bakersfield Wranglers built a lead as big as 22 points during the game."
355,100355,"On January 7, 2026, the Anchorage Herons traveled to face the Albany Condors. The final score was Anchorage Herons 114, Albany Condors 110. Anchorage Herons scorer Rutledge finished with a game-high 30 points. On the losing side, Easton scored 33 points. The score was knotted at 54-54 heading into halftime after two close quarters. The Anchorage Herons controlled the game from start to finish, never trailing. Fairbanks came up with the go-ahead basket in the final stretch of the game. The Anchorage Herons connected on 20 threes. The Anchorage Herons' largest lead of the game was 8 points."
356,100356,"The Boise Glaciers visited the Raleigh Wardens on January 7, 2026. The Boise Glaciers won, 125-115, over the Raleigh Wardens. For the winners, McAllister scored 33 points. Quigley led the Raleigh Wardens with 21 points in the loss. At halftime, the Boise Glaciers were ahead 71-56 following the first two periods. After facing a 4-point deficit earlier in the game, the Boise Glaciers came all the way back. Montgomery provided the go-ahead points for the Boise Glaciers in the closing minutes. Turnovers were an issue for the Raleigh Wardens, who had 18. There were 7 lead changes over the course of the game."
357,100357,"The Tulsa Admirals visited the Spokane Outlaws on January 7, 2026. The SPO beat the TUL, 104-95. Ellison-Reyes (KER) led the Spokane Outlaws with 29 points. Tulsa Admirals scorer Carver put up 21 points. The Spokane Outlaws took a 49-44 lead into the locker room at the break. The Spokane Outlaws erased a 2-point hole along the way to close out the win. It was Ellison-Reyes who put the Spokane Outlaws ahead for good late in the fourth. Non-starters for the Spokane Outlaws combined for 26 points. The Spokane Outlaws' largest lead of the game was 14 points."
358,100358,"On January 8, 2026, the CHE and the RAL met, with the Raleigh Wardens on the road. The Raleigh Wardens defeated the Cheyenne Pioneers by a score of 147-116. Ramsey was the top scorer for the Raleigh Wardens, going for 26 points. On the losing side, Vance scored 23 points. Heading into halftime, the Raleigh Wardens led 70-61 through two quarters of play. The Raleigh Wardens erased a 5-point hole along the way to close out the win. It was Ramsey who put the Raleigh Wardens ahead for good late in the fourth. It was a double-double night for Ramsey: 26 points, 15 rebounds. The Raleigh Wardens opened up a 36-point advantage at one point in the game."
359,100359,"On January 8, 2026, the Fresno Bison welcomed the Tacoma Talons at home. The Fresno Bison won, 103-102, over the Tacoma Talons. Fresno Bison scorer Pruitt finished with a game-high 24 points. Bellamy paced the Tacoma Talons with 27 points despite the loss. At the break, the Fresno Bison were up 60-48 after the opening two quarters. The Fresno Bison did not trail at any point in the game. Wolfe hit the go-ahead jumper late in the fourth quarter. The margin of victory was 1 points. Bellamy and Nash battled foul trouble for stretches of the game."
360,100360,"On January 9, 2026, the El Paso Ospreys welcomed the Albuquerque Lancers at home. The El Paso Ospreys defeated the Albuquerque Lancers by a score of 111-106. Sinclair was the top scorer for the El Paso Ospreys, going for 21 points. Farrell scored 27 points to lead the Albuquerque Lancers. Heading into halftime, the El Paso Ospreys led 57-51 through two quarters of play. After facing a 5-point deficit earlier in the game, the El Paso Ospreys came all the way back. Vance delivered the decisive go-ahead score for the El Paso Ospreys down the stretch. Winslow sat out for the Albuquerque Lancers, absent from the box score. The El Paso Ospreys built a lead as big as 13 points during the game."
361,100361,"The Louisville Nomads visited the Bakersfield Wranglers on January 9, 2026. The Bakersfield Wranglers came away with a 114-96 victory over the Louisville Nomads. Wakefield paced the Bakersfield Wranglers attack, scoring 40 points. On the losing side, Vance scored 26 points. The Bakersfield Wranglers held a 58-47 edge at the half of a closely contested game. The Bakersfield Wranglers rallied back from a 2-point deficit to come away with the win. Carver delivered the decisive go-ahead score for the Bakersfield Wranglers down the stretch. Garner pulled down a game-high 13 rebounds. The Bakersfield Wranglers led by up to 25 points along the way to the win."
362,100362,"On the road on January 9, 2026, the BOI took on the CHE at the Cheyenne Pioneers' arena. The Cheyenne Pioneers came away with a 127-122 victory over the Boise Glaciers. Cheyenne Pioneers scorer Kirby finished with a game-high 43 points. Boise Glaciers scorer McAllister put up 38 points. At halftime, the Cheyenne Pioneers were ahead 65-58 following the first two periods. The Cheyenne Pioneers did not trail at any point in the game. It was Kirby who put the Cheyenne Pioneers ahead for good late in the fourth. Distributing the ball, Marlow finished with 10 assists. Foul trouble was an issue at times for Sheffield and Marlow."
363,100363,"Never once did the Spokane Outlaws trail on January 9, 2026, riding a 63-49 halftime lead on the road to a 131-94 rout of the Tacoma Talons. Ellison-Reyes topped all scorers with 30 points for Spokane, while Lambert, Sutter and Maddox each scored 13 for Tacoma. Spokane connected on 16 threes, and Rashad Rhodes battled foul trouble along the way as the Outlaws cruised. Spokane's balance carried the night, with the road team in control from the opening tip through the final horn."
364,100364,"On the road on January 9, 2026, the NAS took on the AUS at the Austin Sentinels' arena. The Austin Sentinels topped the Nashville Tempest, 126-109. Bellamy topped all scorers for the Austin Sentinels with 24 points. Nashville Tempest scorer Bradford put up 19 points. The Austin Sentinels held a 61-50 edge at the half of a closely contested game. The Austin Sentinels were in front the entire game, never trailing once. The Nashville Tempest coughed it up 17 times. The Austin Sentinels led by as many as 25 points at one stage of the game."
365,100365,"The Tulsa Admirals hosted the Honolulu Miners on January 9, 2026. The Honolulu Miners topped the Tulsa Admirals, 111-103. Honolulu Miners scorer Sinclair and Emerson finished with a game-high 30 points. For the Tulsa Admirals, Radford scored a team-high 42 points. At halftime, the Honolulu Miners were ahead 60-49 following the first two periods. The Honolulu Miners did not trail at any point in the game. The Honolulu Miners bench unit produced 15 points. Foul trouble limited Ellison for parts of the game."
366,100366,"On January 9, 2026, the ANC and the RIC met, with the Richmond Kestrels on the road. The Richmond Kestrels defeated the Anchorage Herons by a score of 110-87. Emerson was the top scorer for the Richmond Kestrels, going for 23 points. Fairbanks scored 16 points to lead the Anchorage Herons. Heading into halftime, the Richmond Kestrels led 49-40 through two quarters of play. The Richmond Kestrels did not trail at any point in the game. Moreno added a double-double, going for 13 points and 2 assists. The Richmond Kestrels led by as many as 29 points at one stage of the game."
367,100367,"On January 9, 2026, the ALB and the MIS met, with the Missoula Anchors on the road. The ALB beat the MIS, 102-94. Navarro topped all scorers for the Albany Condors with 23 points. On the losing side, Thackeray scored 19 points. Heading into halftime, the Albany Condors led 57-50 through two quarters of play. The Albany Condors were in front the entire game, never trailing once. It finished as a 8-point game. The Albany Condors led by up to 10 points along the way to the win."
368,100368,"The Richmond Kestrels visited the Baton Rouge Falcons on January 10, 2026. The Richmond Kestrels came away with a 126-121 victory over the Baton Rouge Falcons. For the winners, Gallagher scored 34 points. Thackeray scored 49 points to lead the Baton Rouge Falcons. The Baton Rouge Falcons took a 60-56 lead into the locker room at the break. The Richmond Kestrels trailed by 10 points at one stage before pulling away for good. The go-ahead bucket late in the game came from Beckett of the Richmond Kestrels. Bradford, normally in the rotation for the Baton Rouge Falcons, did not play. 14 lead changes kept the outcome in doubt until late in the game."
369,100369,"The Tulsa Admirals hosted the Austin Sentinels on January 10, 2026. The Tulsa Admirals topped the Austin Sentinels, 114-106. Tulsa Admirals scorer Gentry and Rutledge finished with a game-high 22 points. Marlow and Pruitt scored 16 points to lead the Austin Sentinels. The Tulsa Admirals led 61-46 at the half after two competitive quarters. The Tulsa Admirals did not trail at any point in the game. Pruitt controlled the glass with 9 rebounds. Pruitt spent stretches of the game in foul trouble."
370,100370,"The Reno Ridgebacks hosted the El Paso Ospreys on January 10, 2026. The Reno Ridgebacks topped the El Paso Ospreys, 111-98. Reno Ridgebacks scorer Delgado finished with a game-high 22 points. For the El Paso Ospreys, Zimmer scored a team-high 31 points. The Reno Ridgebacks led 60-47 at the half after two competitive quarters. The Reno Ridgebacks trailed by 1 points at one stage before pulling away for good. Easton came up with the go-ahead basket in the final stretch of the game. Jennings set the pace with 10 assists. The Reno Ridgebacks built a lead as big as 17 points during the game."
371,100371,"On January 10, 2026, the BOI and the SPO met, with the Spokane Outlaws on the road. The Boise Glaciers came away with a 123-111 victory over the Spokane Outlaws. McAllister topped all scorers for the Boise Glaciers with 26 points. Ellison-Reyes led the Spokane Outlaws with 30 points in the loss. Heading into halftime, the Boise Glaciers led 67-56 through two quarters of play. The Boise Glaciers were in front the entire game, never trailing once. The Boise Glaciers hit 22 three-pointers. The Boise Glaciers opened up a 13-point advantage at one point in the game."
372,100372,"On January 10, 2026, the NEW and the FRE met, with the Fresno Bison on the road. The Newark Mustangs defeated the Fresno Bison by a score of 123-111. Sheffield topped all scorers for the Newark Mustangs with 26 points. Fresno Bison scorer Pruitt put up 25 points. The Fresno Bison led 60-58 at the half after two competitive quarters. After facing a 10-point deficit earlier in the game, the Newark Mustangs came all the way back. It was Sheffield who put the Newark Mustangs ahead for good late in the fourth. Turnovers were an issue for the Fresno Bison, who had 10. Barnett battled foul trouble for stretches of the game."
373,100373,"The Buffalo Marshals visited the Tacoma Talons on January 11, 2026. The final score was Buffalo Marshals 145, Tacoma Talons 127. For the winners, Redmond scored 40 points. For the Tacoma Talons, Navarro scored a team-high 25 points. At the break, the Buffalo Marshals were up 70-65 after the opening two quarters. The Buffalo Marshals controlled the game from start to finish, never trailing. The Buffalo Marshals got 37 points off the bench. The Buffalo Marshals led by as many as 24 points at one stage of the game."
374,100374,"On the road on January 11, 2026, the COL took on the REN at the Reno Ridgebacks' arena. The Columbus Voyagers won, 115-98, over the Reno Ridgebacks. Vance was the top scorer for the Columbus Voyagers, going for 37 points. Jennings led the Reno Ridgebacks with 21 points in the loss. The Columbus Voyagers led 70-48 at the half after two competitive quarters. The Columbus Voyagers controlled the game from start to finish, never trailing. It was a double-double night for Ramsey: 25 points, 4 rebounds. Sinclair and Jennings picked up enough fouls during the game to be in foul trouble."
375,100375,"The Louisville Nomads hosted the Bakersfield Wranglers on January 11, 2026. The LOU beat the BAK, 108-105. Salazar paced the Louisville Nomads attack, scoring 19 points. Bakersfield Wranglers scorer Yates put up 33 points. At the break, the Louisville Nomads were up 53-51 after the opening two quarters. The Louisville Nomads rallied back from a 2-point deficit to come away with the win. It was Calloway who put the Louisville Nomads ahead for good late in the fourth. The Louisville Nomads won it by 3. Wakefield and Bellamy spent stretches of the game in foul trouble."
376,100376,"On the road on January 11, 2026, the TUL took on the ALE at the Albuquerque Lancers' arena. The Tulsa Admirals topped the Albuquerque Lancers, 104-95. Rutledge and Carver topped all scorers for the Tulsa Admirals with 24 points. Salazar scored 16 points to lead the Albuquerque Lancers. Heading into halftime, the Tulsa Admirals led 53-44 through two quarters of play. The Tulsa Admirals were in front the entire game, never trailing once. Winslow sat out for the Albuquerque Lancers, absent from the box score. The Tulsa Admirals built a lead as big as 9 points during the game."
377,100377,"On the road on January 11, 2026, the BOI took on the BAT at the Baton Rouge Falcons' arena. The Boise Glaciers won, 118-105, over the Baton Rouge Falcons. Montgomery topped all scorers for the Boise Glaciers with 31 points. Baton Rouge Falcons scorer McAllister put up 21 points. Heading into halftime, the Boise Glaciers led 54-49 through two quarters of play. The Boise Glaciers led wire-to-wire from the opening tip. No one out-rebounded Kirby, who grabbed 9. The Boise Glaciers opened up a 18-point advantage at one point in the game."
378,100378,"The Jacksonville Cobras visited the Missoula Anchors on January 11, 2026. The Missoula Anchors won, 117-101, over the Jacksonville Cobras. Castellano topped all scorers for the Missoula Anchors with 24 points. Jacksonville Cobras scorer Wolfe put up 26 points. At halftime, the Jacksonville Cobras were ahead 58-55 following the first two periods. Down by as many as 5 points during the game, the Missoula Anchors still found a way to win. The go-ahead bucket late in the game came from Castellano of the Missoula Anchors. Distributing the ball, Brennan finished with 7 assists. Foul trouble limited Wolfe for parts of the game."
379,100379,"The Fresno Bison never trailed on January 11, 2026, taking a 59-45 lead into the break on the road before beating the host Cheyenne Pioneers 115-103. Pruitt led Fresno with 21 points, Radford answered with 20 for Cheyenne, and Fresno hit 18 three-pointers while Zaire Wolfe and Hakeem Beckett battled foul trouble as the Bison's lead reached as high as 17 points. Fresno's balance carried the night, with the road team in control from the opening tip through the final horn."
380,100380,"On the road on January 11, 2026, the SPO took on the CIN at the Cincinnati Stallions' arena. The Spokane Outlaws defeated the Cincinnati Stallions by a score of 136-104. Ellison-Reyes paced the Spokane Outlaws attack, scoring 30 points. McAllister paced the Cincinnati Stallions with 19 points despite the loss. Heading into halftime, the Spokane Outlaws led 78-50 through two quarters of play. The Spokane Outlaws rallied back from a 5-point deficit to come away with the win. Radford came up with the go-ahead basket in the final stretch of the game. The Cincinnati Stallions coughed it up 21 times. It was a back-and-forth affair, with 6 lead changes along the way."
381,100381,"The Richmond Kestrels never trailed on January 11, 2026, taking a 77-62 lead into the break on the road before beating the Honolulu Miners 135-117. Beckett topped all scorers with 30 points for Richmond, Sinclair answered with 39 for Honolulu, and 27 points off the bench helped the Kestrels stretch their advantage to as many as 20 points. Richmond's balance carried the night, with the road team in control from the opening tip through the final horn. Richmond's depth up and down the roster made sure Honolulu never got the contest closer than a comfortable distance."
382,100382,"On the road on January 12, 2026, the TUL took on the ELP at the El Paso Ospreys' arena. The El Paso Ospreys defeated the Tulsa Admirals by a score of 119-110. Vance topped all scorers for the El Paso Ospreys with 32 points. Radford led the Tulsa Admirals with 21 points in the loss. The El Paso Ospreys held a 58-57 edge at the half of a closely contested game. The El Paso Ospreys did not trail at any point in the game. The margin of victory was 9 points. The El Paso Ospreys led by as many as 12 points at one stage of the game."
383,100383,"The Baton Rouge Falcons never trailed on January 12, 2026, taking a 57-53 lead into the break at home before beating the visiting Providence Skylarks 113-105. Thackeray led Baton Rouge with 27 points, Marlow answered with 28 for Providence, and the Falcons' 9-point cushion at its widest held up for an eventual 8-point margin of victory. Baton Rouge's balance carried the night, with the hosts in control from the opening tip through the final horn. Baton Rouge's poise down the stretch kept Providence from ever threatening a serious comeback bid."
384,100384,"On the road on January 12, 2026, the BIR took on the REN at the Reno Ridgebacks' arena. The REN beat the BIR, 128-115. Jennings topped all scorers for the Reno Ridgebacks with 26 points. For the Birmingham Foxes, Barnett scored a team-high 19 points. At halftime, the Reno Ridgebacks were ahead 70-50 following the first two periods. The Reno Ridgebacks controlled the game from start to finish, never trailing. Whitaker did not suit up for the Reno Ridgebacks. Easton spent stretches of the game in foul trouble."
385,100385,"On January 12, 2026, the AUS and the ALE met, with the Albuquerque Lancers on the road. The Austin Sentinels won, 106-105, over the Albuquerque Lancers. Marlow and Pruitt was the top scorer for the Austin Sentinels, going for 21 points. On the losing side, Salazar scored 30 points. The Austin Sentinels took a 50-47 lead into the locker room at the break. The Austin Sentinels erased a 7-point hole along the way to close out the win. Pruitt delivered the decisive go-ahead score for the Austin Sentinels down the stretch. Pruitt paced the glass work with 9 boards. At one stretch of the game, the Austin Sentinels were ahead by 3 points."
386,100386,"On the road on January 13, 2026, the TUL took on the AUS at the Austin Sentinels' arena. The final score was Tulsa Admirals 133, Austin Sentinels 127. Rutledge paced the Tulsa Admirals attack, scoring 36 points. Austin Sentinels scorer Pruitt put up 26 points. The Tulsa Admirals held a 74-57 edge at the half of a closely contested game. The Tulsa Admirals controlled the game from start to finish, never trailing. Distributing the ball, Marlow finished with 11 assists. Sawyer dealt with foul trouble over the course of the game."
387,100387,"The Richmond Kestrels visited the Spokane Outlaws on January 13, 2026. The Richmond Kestrels came away with a 124-97 victory over the Spokane Outlaws. Emerson led the Richmond Kestrels with 28 points. Ellison-Reyes led the Spokane Outlaws with 21 points in the loss. The Richmond Kestrels held a 58-51 edge at the half of a closely contested game. The Richmond Kestrels led wire-to-wire from the opening tip. The Richmond Kestrels made 19 three-pointers as a team. Beckett spent stretches of the game in foul trouble."
388,100388,"On January 13, 2026, the Missoula Anchors traveled to face the Reno Ridgebacks. The Missoula Anchors won, 117-110, over the Reno Ridgebacks. Keller paced the Missoula Anchors attack, scoring 30 points. Pruitt and Jennings led the Reno Ridgebacks with 23 points in the loss. The Reno Ridgebacks held a 57-56 edge at the half of a closely contested game. The Missoula Anchors trailed by 9 points at one stage before pulling away for good. Keller provided the go-ahead points for the Missoula Anchors in the closing minutes. Turnovers were an issue for the Reno Ridgebacks, who had 16. The Missoula Anchors built a lead as big as 9 points during the game."
389,100389,"The Birmingham Foxes hosted the Anchorage Herons on January 13, 2026. The ANC beat the BIR, 107-97. For the winners, Rutledge scored 35 points. Brennan led the Birmingham Foxes with 20 points in the loss. At halftime, the Anchorage Herons were ahead 57-49 following the first two periods. At no point during the contest did the Anchorage Herons trail. Reserves for the Anchorage Herons scored 14 points. Foul trouble limited Gentry and Brennan for parts of the game."
390,100390,"El Paso Ospreys controlled every minute on the road on January 13, 2026, taking a 52-46 lead into the break before beating the host Jacksonville Cobras 104-86. Salazar led El Paso with 31 points, Brennan answered with 23 for Jacksonville, and Ramsey turned in a 10-point, 10-rebound double-double for the Ospreys as Kendrick Easton battled foul trouble for Jacksonville. El Paso's balance carried the night, with the road team in control from the opening tip through the final horn. It was a thoroughly controlled road performance from start to finish."
391,100391,"On January 13, 2026, the Cheyenne Pioneers traveled to face the Cincinnati Stallions. The CHE beat the CIN, 123-112. For the winners, Kirby scored 32 points. On the losing side, Cortez scored 23 points. The Cheyenne Pioneers led 59-55 at the half after two competitive quarters. Down by as many as 4 points during the game, the Cheyenne Pioneers still found a way to win. Bellamy came up with the go-ahead basket in the final stretch of the game. The Cheyenne Pioneers came out on top by 11 points. The Cheyenne Pioneers opened up a 14-point advantage at one point in the game."
392,100392,"The Albuquerque Lancers visited the Des Moines Vultures on January 13, 2026. The Albuquerque Lancers defeated the Des Moines Vultures by a score of 123-113. Albuquerque Lancers scorer Holloway finished with a game-high 24 points. Des Moines Vultures scorer Redmond put up 23 points. At the break, the Albuquerque Lancers were up 65-50 after the opening two quarters. The Albuquerque Lancers controlled the game from start to finish, never trailing. Barnett sat out for the Des Moines Vultures, absent from the box score. Foul trouble limited Larkin and Bellamy for parts of the game."
393,100393,"The El Paso Ospreys hosted the Grand Rapids Drifters on January 14, 2026. The El Paso Ospreys won, 119-113, over the Grand Rapids Drifters. El Paso Ospreys scorer Salazar finished with a game-high 28 points. Blackwood paced the Grand Rapids Drifters with 34 points despite the loss. The Grand Rapids Drifters took a 62-61 lead into the locker room at the break. The El Paso Ospreys overcame a 5-point deficit at one stage to win the game. Ramsey hit the go-ahead jumper late in the fourth quarter. No one out-rebounded Salazar, who grabbed 10. Marlow battled foul trouble for stretches of the game."
394,100394,"On the road on January 14, 2026, the NEW took on the REN at the Reno Ridgebacks' arena. The Reno Ridgebacks won, 112-101, over the Newark Mustangs. Delgado led the Reno Ridgebacks with 27 points. McAllister scored 19 points to lead the Newark Mustangs. The Reno Ridgebacks led 53-50 at the half after two competitive quarters. The Reno Ridgebacks rallied back from a 4-point deficit to come away with the win. The go-ahead bucket late in the game came from Garner of the Reno Ridgebacks. Ball movement ran through Jennings, who had 11 assists. The Reno Ridgebacks' largest lead of the game was 16 points."
395,100395,"Owen Wakefield delivered the decisive go-ahead score down the stretch as the Des Moines Vultures overcame a 1-point deficit and held a 60-58 edge at the break on their way to beating the visiting Tulsa Admirals 127-119 on January 14, 2026. Carver's game-high 29 points led Des Moines, while a different Carver answered with 27 for Tulsa. Des Moines connected on 15 threes across 16 lead changes to secure the win. It stayed a tight, tense affair deep into the fourth before Wakefield's late basket finally tilted things Des Moines' way for good."
396,100396,"On the road on January 14, 2026, the ALE took on the BOI at the Boise Glaciers' arena. The Boise Glaciers came away with a 104-103 victory over the Albuquerque Lancers. McAllister paced the Boise Glaciers attack, scoring 23 points. Salazar paced the Albuquerque Lancers with 29 points despite the loss. The Albuquerque Lancers held a 59-53 edge at the half of a closely contested game. The Boise Glaciers rallied back from a 12-point deficit to come away with the win. Montgomery hit the go-ahead jumper late in the fourth quarter. 14 turnovers plagued the Albuquerque Lancers. Salazar dealt with foul trouble over the course of the game."
397,100397,"On January 14, 2026, the Birmingham Foxes welcomed the Fresno Bison at home. The Fresno Bison won, 110-106, over the Birmingham Foxes. Ellison topped all scorers for the Fresno Bison with 36 points. On the losing side, Barnett scored 28 points. The Fresno Bison led 56-53 at the half after two competitive quarters. The Fresno Bison rallied back from a 6-point deficit to come away with the win. Barnett delivered the decisive go-ahead score for the Fresno Bison down the stretch. 31 bench points helped the Fresno Bison. The Fresno Bison led by as many as 10 points at one stage of the game."
398,100398,"The Missoula Anchors hosted the Raleigh Wardens on January 15, 2026. The Missoula Anchors came away with a 127-110 victory over the Raleigh Wardens. Castellano led the Missoula Anchors with 27 points. For the Raleigh Wardens, Ramsey scored a team-high 32 points. The Missoula Anchors held a 69-52 edge at the half of a closely contested game. Down by as many as 5 points during the game, the Missoula Anchors still found a way to win. Rutledge hit the go-ahead jumper late in the fourth quarter. It was a double-double night for Ramsey: 32 points, 10 rebounds. 11 lead changes kept the outcome in doubt until late in the game."
399,100399,"The Richmond Kestrels visited the Tacoma Talons on January 15, 2026. The Tacoma Talons topped the Richmond Kestrels, 136-116. For the winners, Vance scored 24 points. Emerson led the Richmond Kestrels with 28 points in the loss. The Tacoma Talons held a 75-56 edge at the half of a closely contested game. The Tacoma Talons erased a 5-point hole along the way to close out the win. It was Vance who put the Tacoma Talons ahead for good late in the fourth. It finished as a 20-point game. The Tacoma Talons led by as many as 25 points at one stage of the game."
400,100400,"The Albany Condors led wire-to-wire on January 15, 2026, taking a 74-56 lead into the break on the road before routing the Fresno Bison 146-115. Easton torched Fresno for 50 points to lead Albany, while both Beckett and Pruitt scored 22 for the Bison. Quigley sat out for the Condors, absent from the box score, as Albany's lead ballooned to 32 points at its widest. Albany's balance carried the night, with the road team in control from the opening tip through the final horn."
401,100401,"On the road on January 15, 2026, the PRO took on the CHE at the Cheyenne Pioneers' arena. The Providence Skylarks came away with a 109-99 victory over the Cheyenne Pioneers. Zimmer topped all scorers for the Providence Skylarks with 25 points. Kirby scored 26 points to lead the Cheyenne Pioneers. The Providence Skylarks led 53-44 at the half after two competitive quarters. The Providence Skylarks erased a 4-point hole along the way to close out the win. The go-ahead bucket late in the game came from Zimmer of the Providence Skylarks. Sheffield paced the glass work with 12 boards. 8 lead changes kept the outcome in doubt until late in the game."
402,100402,"On the road on January 15, 2026, the ANC took on the COL at the Columbus Voyagers' arena. The final score was Anchorage Herons 102, Columbus Voyagers 100. Sinclair led the Anchorage Herons with 20 points. Vance led the Columbus Voyagers with 22 points in the loss. The Anchorage Herons held a 53-49 edge at the half of a closely contested game. The Anchorage Herons overcame a 6-point deficit at one stage to win the game. Moreno provided the go-ahead points for the Anchorage Herons in the closing minutes. Distributing the ball, Vance finished with 7 assists. Easton battled foul trouble for stretches of the game."
403,100403,"On the road on January 15, 2026, the BOI took on the ALE at the Albuquerque Lancers' arena. The Albuquerque Lancers topped the Boise Glaciers, 126-123. Albuquerque Lancers scorer Salazar finished with a game-high 39 points. McAllister led the Boise Glaciers with 55 points in the loss. At the break, the Albuquerque Lancers were up 65-62 after the opening two quarters. The Albuquerque Lancers rallied back from a 6-point deficit to come away with the win. Dalton hit the go-ahead jumper late in the fourth quarter. The Albuquerque Lancers connected on 15 threes. The Albuquerque Lancers built a lead as big as 12 points during the game."
404,100404,"Jace Maddox put the Cincinnati Stallions ahead for good late in the fourth after Cincinnati trailed by 2 points to the visiting Reno Ridgebacks on January 15, 2026, despite Reno's 57-56 halftime edge, before winning 123-118. McAllister led Cincinnati with 33 points, Brennan answered with a team-high 24 for Reno, and 11 turnovers by the Ridgebacks compounded their troubles across 6 lead changes, with Roman Easton and Kendrick Brennan both battling foul trouble. It stayed a tight, tense affair deep into the fourth before Maddox's late basket finally tilted things Cincinnati's way for good."
405,100405,"On January 15, 2026, the Tulsa Admirals traveled to face the Birmingham Foxes. The final score was Tulsa Admirals 128, Birmingham Foxes 107. Radford was the top scorer for the Tulsa Admirals, going for 35 points. For the Birmingham Foxes, Castellano and Brennan scored a team-high 15 points. The Tulsa Admirals held a 71-53 edge at the half of a closely contested game. The Tulsa Admirals controlled the game from start to finish, never trailing. The Tulsa Admirals bench chipped in 21 points. Lockhart and Ashby picked up enough fouls during the game to be in foul trouble."
406,100406,"On January 16, 2026, the Newark Mustangs traveled to face the Bakersfield Wranglers. The BAK beat the NEW, 112-107. Brennan topped all scorers for the Bakersfield Wranglers with 31 points. Sheffield scored 27 points to lead the Newark Mustangs. The Bakersfield Wranglers held a 58-53 edge at the half of a closely contested game. Down by as many as 2 points during the game, the Bakersfield Wranglers still found a way to win. Brennan came up with the go-ahead basket in the final stretch of the game. Sheffield added a double-double, going for 15 points and 5 assists. The Bakersfield Wranglers opened up a 16-point advantage at one point in the game."
407,100407,"On the road on January 16, 2026, the CHE took on the BAT at the Baton Rouge Falcons' arena. The Baton Rouge Falcons won, 144-122, over the Cheyenne Pioneers. Sutter topped all scorers for the Baton Rouge Falcons with 26 points. Vance paced the Cheyenne Pioneers with 27 points despite the loss. The Baton Rouge Falcons took a 82-53 lead into the locker room at the break. The Baton Rouge Falcons led wire-to-wire from the opening tip. The game was decided by 22 points. The Baton Rouge Falcons led by as many as 29 points at one stage of the game."
408,100408,"On January 16, 2026, the Honolulu Miners traveled to face the Anchorage Herons. The Honolulu Miners topped the Anchorage Herons, 115-107. Sinclair led the Honolulu Miners with 38 points. Fairbanks scored 28 points to lead the Anchorage Herons. The Honolulu Miners took a 58-56 lead into the locker room at the break. The Honolulu Miners overcame a 4-point deficit at one stage to win the game. Sinclair delivered the decisive go-ahead score for the Honolulu Miners down the stretch. Mercer, normally in the rotation for the Anchorage Herons, did not play. Foul trouble was an issue at times for Nash."
409,100409,"On January 16, 2026, the Boise Glaciers traveled to face the Austin Sentinels. The Boise Glaciers won, 131-114, over the Austin Sentinels. Boise Glaciers scorer McAllister finished with a game-high 33 points. Moreno led the Austin Sentinels with 20 points in the loss. The Boise Glaciers led 62-51 at the half after two competitive quarters. The Boise Glaciers rallied back from a 1-point deficit to come away with the win. Sawyer came up with the go-ahead basket in the final stretch of the game. On the boards, Pemberton finished with 16 rebounds. The Boise Glaciers built a lead as big as 24 points during the game."
410,100410,"On January 17, 2026, the ELP and the BOI met, with the Boise Glaciers on the road. The final score was El Paso Ospreys 110, Boise Glaciers 105. Salazar led the El Paso Ospreys with 39 points. On the losing side, Montgomery scored 39 points. At halftime, the El Paso Ospreys were ahead 56-53 following the first two periods. At no point during the contest did the El Paso Ospreys trail. Carver came up with the go-ahead basket in the final stretch of the game. Salazar dished out a team-high 7 assists. Carver and Sawyer and Pemberton dealt with foul trouble over the course of the game."
411,100411,"Rashad Rhodes came up with the go-ahead basket in the final stretch as the Tacoma Talons overcame a 6-point deficit to beat the visiting Columbus Voyagers 120-113 on January 17, 2026, despite Tacoma's own 63-56 halftime lead. Bellamy's game-high 31 points led Tacoma, Vance answered with a team-high 34 for Columbus, and the Talons went 18-for-the-night from beyond the arc as Reggie Bradford battled foul trouble down the stretch. It stayed a tight, tense affair deep into the fourth before Rhodes' late basket finally tilted things Tacoma's way for good."
412,100412,"The Bakersfield Wranglers hosted the Spokane Outlaws on January 17, 2026. The final score was Bakersfield Wranglers 108, Spokane Outlaws 105. Bellamy was the top scorer for the Bakersfield Wranglers, going for 26 points. Ellison-Reyes (KER) scored 25 points to lead the Spokane Outlaws. The Bakersfield Wranglers held a 56-54 edge at the half of a closely contested game. The Bakersfield Wranglers rallied back from a 11-point deficit to come away with the win. Bellamy delivered the decisive go-ahead score for the Bakersfield Wranglers down the stretch. Ball security was a problem, with the Spokane Outlaws turning it over 9 times. The Bakersfield Wranglers led by as many as 5 points at one stage of the game."
413,100413,"The Honolulu Miners led wire-to-wire on January 17, 2026, taking a 69-59 lead into the break at home before beating the visiting Austin Sentinels 120-114. Sinclair's game-high 36 points led Honolulu, Dupree answered with 23 for Austin, and 11 bench points helped Honolulu while Marlow, Pruitt, Rhodes and Dupree all battled foul trouble. Honolulu's balance carried the night, with the hosts in control from the opening tip through the final horn. Honolulu's poise down the stretch kept Austin from ever threatening a serious comeback bid late."
414,100414,"The Anchorage Herons hosted the Fresno Bison on January 17, 2026. The final score was Anchorage Herons 122, Fresno Bison 109. Wolfe was the top scorer for the Anchorage Herons, going for 31 points. Ellison led the Fresno Bison with 25 points in the loss. At the break, the Anchorage Herons were up 66-56 after the opening two quarters. The Anchorage Herons were in front the entire game, never trailing once. Wolfe notched a double-double, finishing with 31 points and 12 rebounds. The Anchorage Herons opened up a 18-point advantage at one point in the game."
415,100415,"The Cheyenne Pioneers visited the Missoula Anchors on January 17, 2026. The final score was Missoula Anchors 137, Cheyenne Pioneers 117. Keller was the top scorer for the Missoula Anchors, going for 33 points. Cheyenne Pioneers scorer Bellamy put up 22 points. The Missoula Anchors took a 65-56 lead into the locker room at the break. Down by as many as 3 points during the game, the Missoula Anchors still found a way to win. Castellano hit the go-ahead jumper late in the fourth quarter. The final margin was 20 points. The Missoula Anchors built a lead as big as 27 points during the game."
416,100416,"The Hartford Comets hosted the Tulsa Admirals on January 17, 2026. The Hartford Comets won, 124-114, over the Tulsa Admirals. Hartford Comets scorer Sawyer finished with a game-high 40 points. Rutledge scored 34 points to lead the Tulsa Admirals. The Hartford Comets held a 68-63 edge at the half of a closely contested game. After facing a 4-point deficit earlier in the game, the Hartford Comets came all the way back. Sawyer hit the go-ahead jumper late in the fourth quarter. Beckett sat out for the Tulsa Admirals, absent from the box score. The game featured 12 lead changes before it was finally decided."
417,100417,"On January 18, 2026, the Newark Mustangs welcomed the Baton Rouge Falcons at home. The Baton Rouge Falcons came away with a 114-97 victory over the Newark Mustangs. For the winners, Blackwood scored 26 points. Sheffield and Sheffield scored 22 points to lead the Newark Mustangs. Heading into halftime, the Baton Rouge Falcons led 62-52 through two quarters of play. The Baton Rouge Falcons rallied back from a 3-point deficit to come away with the win. The go-ahead bucket late in the game came from Thackeray of the Baton Rouge Falcons. No one out-rebounded Sheffield, who grabbed 18. Kirby and Sheffield and Carver dealt with foul trouble over the course of the game."
418,100418,"On the road on January 18, 2026, the PRO took on the TUL at the Tulsa Admirals' arena. The Tulsa Admirals defeated the Providence Skylarks by a score of 116-113. Radford led the Tulsa Admirals with 34 points. Marlow scored 20 points to lead the Providence Skylarks. The Providence Skylarks led 57-56 at the half after two competitive quarters. The Tulsa Admirals overcame a 5-point deficit at one stage to win the game. It was Radford who put the Tulsa Admirals ahead for good late in the fourth. Wakefield recorded 6 assists in the win. The Tulsa Admirals' largest lead of the game was 11 points."
419,100419,"The Missoula Anchors hosted the Buffalo Marshals on January 18, 2026. The Buffalo Marshals topped the Missoula Anchors, 110-98. Donnelly was the top scorer for the Buffalo Marshals, going for 22 points. Rutledge and Castellano led the Missoula Anchors with 21 points in the loss. Heading into halftime, the Buffalo Marshals led 55-42 through two quarters of play. The Buffalo Marshals led wire-to-wire from the opening tip. The Buffalo Marshals knocked down 9 shots from deep. The Buffalo Marshals led by up to 18 points along the way to the win."
420,100420,"The Grand Rapids Drifters hosted the Cheyenne Pioneers on January 18, 2026. The GRA beat the CHE, 128-126. Quigley paced the Grand Rapids Drifters attack, scoring 35 points. For the Cheyenne Pioneers, Vance scored a team-high 43 points. At halftime, the Grand Rapids Drifters were ahead 64-57 following the first two periods. The Grand Rapids Drifters erased a 4-point hole along the way to close out the win. The go-ahead bucket late in the game came from Salazar of the Grand Rapids Drifters. Ball security was a problem, with the Cheyenne Pioneers turning it over 13 times. Foul trouble limited Sheffield and Blackwood for parts of the game."
421,100421,"Samir Ellison came up with the go-ahead basket in the final stretch as the Fresno Bison trailed by 2 points before beating the host Louisville Nomads 98-92 on January 18, 2026, despite a 49-45 halftime lead. Pruitt's game-high 26 points led Fresno, Salazar answered with a team-high 20 for Louisville, and 9 bench points helped the Bison stretch their lead to 12 points as Quigley, Farrell and Vasquez all battled foul trouble. It stayed a tight, tense affair deep into the fourth before Ellison's late basket finally tilted things Fresno's way for good."
422,100422,"On January 19, 2026, the ELP and the BAK met, with the Bakersfield Wranglers on the road. The El Paso Ospreys topped the Bakersfield Wranglers, 100-97. Salazar led the El Paso Ospreys with 26 points. For the Bakersfield Wranglers, Brennan scored a team-high 27 points. The Bakersfield Wranglers led 51-49 at the half after two competitive quarters. After facing a 8-point deficit earlier in the game, the El Paso Ospreys came all the way back. Garner provided the go-ahead points for the El Paso Ospreys in the closing minutes. It was a double-double night for Salazar: 26 points, 10 rebounds. The game featured 12 lead changes before it was finally decided."
423,100423,"On the road on January 19, 2026, the REN took on the HAR at the Hartford Comets' arena. The Hartford Comets topped the Reno Ridgebacks, 113-111. Boone led the Hartford Comets with 40 points. Reno Ridgebacks scorer Easton put up 27 points. At the break, the Reno Ridgebacks were up 61-59 after the opening two quarters. After facing a 6-point deficit earlier in the game, the Hartford Comets came all the way back. Hargrove delivered the decisive go-ahead score for the Hartford Comets down the stretch. The final margin was 2 points. Easton and Garner picked up enough fouls during the game to be in foul trouble."
424,100424,"The Jacksonville Cobras never trailed on January 19, 2026, taking a 64-53 lead into the break at home before beating the visiting Tulsa Admirals 117-100. Bellamy paced Jacksonville with 25 points, Carver answered with 22 for Tulsa, and Radford (TUL), a rotation regular, did not appear in the box score as the Cobras' lead reached as many as 25 points. Jacksonville's balance carried the night, with the hosts in control from the opening tip through the final horn. Jacksonville's depth made sure Tulsa never got the contest closer than a comfortable distance all night."
425,100425,"The Honolulu Miners visited the Baton Rouge Falcons on January 19, 2026. The Honolulu Miners won, 116-110, over the Baton Rouge Falcons. Sinclair led the Honolulu Miners with 33 points. Blackwood paced the Baton Rouge Falcons with 24 points despite the loss. The Baton Rouge Falcons held a 55-52 edge at the half of a closely contested game. The Honolulu Miners erased a 11-point hole along the way to close out the win. Sinclair provided the go-ahead points for the Honolulu Miners in the closing minutes. No one out-rebounded Vasquez, who grabbed 11. 6 lead changes kept the outcome in doubt until late in the game."
426,100426,"The Tacoma Talons visited the Boise Glaciers on January 19, 2026. The Boise Glaciers defeated the Tacoma Talons by a score of 108-83. Montgomery paced the Boise Glaciers attack, scoring 18 points. Rhodes paced the Tacoma Talons with 13 points despite the loss. The Boise Glaciers held a 57-43 edge at the half of a closely contested game. The Boise Glaciers overcame a 1-point deficit at one stage to win the game. It was Sawyer who put the Boise Glaciers ahead for good late in the fourth. Ball movement ran through Radford, who had 8 assists. Navarro battled foul trouble for stretches of the game."
427,100427,"On January 19, 2026, the Louisville Nomads traveled to face the Anchorage Herons. The Louisville Nomads won, 109-107, over the Anchorage Herons. For the winners, Vance and Sutter scored 22 points. For the Anchorage Herons, Fairbanks scored a team-high 24 points. At the break, the Louisville Nomads were up 58-49 after the opening two quarters. The Louisville Nomads led wire-to-wire from the opening tip. It was Sutter who put the Louisville Nomads ahead for good late in the fourth. The Louisville Nomads made 6 three-pointers as a team. The Louisville Nomads' largest lead of the game was 12 points."
428,100428,"On the road on January 20, 2026, the RIC took on the CHE at the Cheyenne Pioneers' arena. The RIC beat the CHE, 150-95. Donnelly led the Richmond Kestrels with 20 points. Vance scored 26 points to lead the Cheyenne Pioneers. The Richmond Kestrels held a 72-47 edge at the half of a closely contested game. Down by as many as 6 points during the game, the Richmond Kestrels still found a way to win. Gallagher hit the go-ahead jumper late in the fourth quarter. The Cheyenne Pioneers coughed it up 15 times. It was a back-and-forth affair, with 7 lead changes along the way."
429,100429,"On January 20, 2026, the ALB and the ALE met, with the Albuquerque Lancers on the road. The Albuquerque Lancers came away with a 100-95 victory over the Albany Condors. Holloway and Salazar paced the Albuquerque Lancers attack, scoring 21 points. Winslow led the Albany Condors with 29 points in the loss. The Albuquerque Lancers led 50-47 at the half after two competitive quarters. The Albuquerque Lancers overcame a 3-point deficit at one stage to win the game. Salazar provided the go-ahead points for the Albuquerque Lancers in the closing minutes. 47 bench points helped the Albuquerque Lancers. The Albuquerque Lancers led by up to 7 points along the way to the win."
430,100430,"Eli Fairbanks was nearly unstoppable on January 20, 2026, pouring in 42 points to lift the Anchorage Herons past the visiting Birmingham Foxes, 121-115. Brennan kept Birmingham within reach with 29 of his own, but the Herons never let the game slip away by much: a 56-55 halftime edge held up even though the Herons themselves had clawed back from a 5-point deficit earlier in the game. Fairbanks supplied the decisive basket late in the fourth to seal it for Anchorage. Off the bench, Rivera chipped in a quiet double-double, 8 points and 10 rebounds, and the Herons' biggest cushion of the night was just 7 points in a game that stayed tight throughout the fourth quarter."
431,100431,"On January 20, 2026, the AUS and the JAC met, with the Jacksonville Cobras on the road. The Jacksonville Cobras came away with a 124-122 victory over the Austin Sentinels. Rutledge topped all scorers for the Jacksonville Cobras with 32 points. Bellamy paced the Austin Sentinels with 23 points despite the loss. The score was knotted at 58-58 heading into halftime after two close quarters. The Jacksonville Cobras trailed by 5 points at one stage before pulling away for good. Nash provided the go-ahead points for the Jacksonville Cobras in the closing minutes. It finished as a 2-point game. There were 16 lead changes over the course of the game."
432,100432,"The Buffalo Marshals hosted the Fresno Bison on January 20, 2026. The Fresno Bison defeated the Buffalo Marshals by a score of 121-117. Fresno Bison scorer Ellison finished with a game-high 31 points. Redmond led the Buffalo Marshals with 24 points in the loss. The Fresno Bison took a 67-60 lead into the locker room at the break. The Fresno Bison overcame a 5-point deficit at one stage to win the game. The go-ahead bucket late in the game came from Ellison of the Fresno Bison. There was no box score entry for Garner of the Buffalo Marshals. Redmond dealt with foul trouble over the course of the game."
433,100433,"On January 20, 2026, the Hartford Comets welcomed the El Paso Ospreys at home. The Hartford Comets defeated the El Paso Ospreys by a score of 128-122. For the winners, Boone scored 36 points. For the El Paso Ospreys, Salazar scored a team-high 36 points. At halftime, the El Paso Ospreys were ahead 65-64 following the first two periods. The Hartford Comets trailed by 3 points at one stage before pulling away for good. Castellano provided the go-ahead points for the Hartford Comets in the closing minutes. On the boards, Sawyer finished with 15 rebounds. The Hartford Comets opened up a 14-point advantage at one point in the game."
434,100434,"On January 20, 2026, the Louisville Nomads welcomed the Reno Ridgebacks at home. The Louisville Nomads won, 139-116, over the Reno Ridgebacks. For the winners, Vance scored 29 points. Reno Ridgebacks scorer Pruitt put up 19 points. The Louisville Nomads led 66-55 at the half after two competitive quarters. At no point during the contest did the Louisville Nomads trail. Vance recorded 11 assists in the win. The Louisville Nomads' largest lead of the game was 31 points."
435,100435,"Roman Easton battled foul trouble for the Reno Ridgebacks on January 21, 2026, and the visiting Raleigh Wardens made him pay, cashing in on 21 made threes to escape with a 130-117 win on the road. Ramsey led all scorers with 25 points for the Wardens, while Delgado answered for Reno with 23. Raleigh carried a 63-56 cushion into the break after briefly trailing by just 1 point earlier in the game, and Tyrell Moreno supplied the go-ahead score down the stretch to put the Raleigh Wardens' win away for good."
436,100436,"The Honolulu Miners visited the Cincinnati Stallions on January 21, 2026. The Cincinnati Stallions defeated the Honolulu Miners by a score of 129-99. McAllister led the Cincinnati Stallions with 25 points. Sinclair led the Honolulu Miners with 29 points in the loss. At the break, the Cincinnati Stallions were up 61-46 after the opening two quarters. The Cincinnati Stallions rallied back from a 6-point deficit to come away with the win. Hastings came up with the go-ahead basket in the final stretch of the game. The Honolulu Miners committed 16 turnovers. The Cincinnati Stallions' largest lead of the game was 32 points."
437,100437,"The Tulsa Admirals hosted the Missoula Anchors on January 21, 2026. The Missoula Anchors topped the Tulsa Admirals, 122-109. Keller topped all scorers for the Missoula Anchors with 34 points. Carver led the Tulsa Admirals with 35 points in the loss. At the break, the Missoula Anchors were up 58-57 after the opening two quarters. The Missoula Anchors trailed by 8 points at one stage before pulling away for good. Calloway came up with the go-ahead basket in the final stretch of the game. Non-starters for the Missoula Anchors combined for 34 points. 3 lead changes kept the outcome in doubt until late in the game."
438,100438,"On the road on January 21, 2026, the AUS took on the NAS at the Nashville Tempest' arena. The NAS beat the AUS, 118-111. Nash paced the Nashville Tempest attack, scoring 26 points. Pruitt paced the Austin Sentinels with 30 points despite the loss. Heading into halftime, the Nashville Tempest led 54-51 through two quarters of play. The Nashville Tempest rallied back from a 4-point deficit to come away with the win. It was Hale who put the Nashville Tempest ahead for good late in the fourth. Nash added a double-double, going for 26 points and 4 assists. The Nashville Tempest' largest lead of the game was 7 points."
439,100439,"The Providence Skylarks hosted the Bakersfield Wranglers on January 22, 2026. The Bakersfield Wranglers topped the Providence Skylarks, 126-117. Wakefield topped all scorers for the Bakersfield Wranglers with 27 points. On the losing side, Marlow scored 23 points. The Bakersfield Wranglers led 60-57 at the half after two competitive quarters. After facing a 2-point deficit earlier in the game, the Bakersfield Wranglers came all the way back. It was Rivera who put the Bakersfield Wranglers ahead for good late in the fourth. The Bakersfield Wranglers came out on top by 9 points. The Bakersfield Wranglers led by up to 14 points along the way to the win."
440,100440,"The Albuquerque Lancers made the short trip to Cheyenne on January 22, 2026, and never trailed, riding 31 points from Holloway to a 126-109 win over the Cheyenne Pioneers. Radford paced the Pioneers with 25 in defeat. Albuquerque had already built a 65-53 cushion by halftime and stretched it to as much as 18 points before the final horn. Winslow was held out of the box score entirely for the Lancers, who wrapped up a wire-to-wire victory over Cheyenne without ever needing him on the floor."
441,100441,"On January 22, 2026, the Tacoma Talons welcomed the Jacksonville Cobras at home. The JAC beat the TAC, 124-111. Brennan led the Jacksonville Cobras with 24 points. Bellamy led the Tacoma Talons with 31 points in the loss. The Jacksonville Cobras took a 55-54 lead into the locker room at the break. The Jacksonville Cobras were in front the entire game, never trailing once. Wolfe controlled the glass with 12 rebounds. The Jacksonville Cobras led by as many as 17 points at one stage of the game."
442,100442,"Fresno never trailed on January 22, 2026, riding a 33-point night from Pruitt to a 119-105 win over the visiting Birmingham Foxes. Brennan kept the Foxes competitive with 23 points, but the Fresno Bison had control from the opening tip, leading 59-54 at the half and by as many as 17 points in the second half. Ellison orchestrated the offense with a team-high 8 assists as Fresno closed out a comfortable victory that was rarely in doubt from start to finish against Birmingham."
443,100443,"The Des Moines Vultures visited the Spokane Outlaws on January 22, 2026. The final score was Des Moines Vultures 117, Spokane Outlaws 114. Lockhart was the top scorer for the Des Moines Vultures, going for 27 points. Spokane Outlaws scorer Ellison-Reyes put up 47 points. The Spokane Outlaws took a 61-54 lead into the locker room at the break. The Des Moines Vultures rallied back from a 8-point deficit to come away with the win. Redmond came up with the go-ahead basket in the final stretch of the game. From beyond the arc, the Des Moines Vultures went 16-for-the-night. The lead changed hands 4 times during the course of the game."
444,100444,"The Raleigh Wardens hosted the Tulsa Admirals on January 22, 2026. The Raleigh Wardens won, 125-106, over the Tulsa Admirals. Quigley was the top scorer for the Raleigh Wardens, going for 34 points. For the Tulsa Admirals, Radford scored a team-high 27 points. The Raleigh Wardens led 70-53 at the half after two competitive quarters. The Raleigh Wardens did not trail at any point in the game. The Tulsa Admirals gave the ball away 24 times. At one stretch of the game, the Raleigh Wardens were ahead by 21 points."
445,100445,"The Baton Rouge Falcons visited the El Paso Ospreys on January 22, 2026. The El Paso Ospreys defeated the Baton Rouge Falcons by a score of 111-107. Zimmer topped all scorers for the El Paso Ospreys with 21 points. Thackeray led the Baton Rouge Falcons with 34 points in the loss. At the break, the El Paso Ospreys were up 57-50 after the opening two quarters. The El Paso Ospreys rallied back from a 2-point deficit to come away with the win. Rivera came up with the go-ahead basket in the final stretch of the game. The El Paso Ospreys bench unit produced 27 points. The El Paso Ospreys led by up to 13 points along the way to the win."
446,100446,"On January 23, 2026, the MIS and the ELP met, with the El Paso Ospreys on the road. The Missoula Anchors won, 111-105, over the El Paso Ospreys. Keller led the Missoula Anchors with 25 points. Salazar led the El Paso Ospreys with 30 points in the loss. The Missoula Anchors took a 55-54 lead into the locker room at the break. The Missoula Anchors controlled the game from start to finish, never trailing. Salazar recorded a double-double at 30 points and 4 assists. Foul trouble was an issue at times for Vance."
447,100447,"Emerson's 27 points carried the Albuquerque Lancers to a 107-91 home win over the visiting Honolulu Miners on January 23, 2026, even though Sinclair torched them for a game-high 38 in defeat. The Lancers were in front the whole way, up 52-48 at halftime and eventually winning it by 16. Dalton spent long stretches in foul trouble for Albuquerque, but it barely mattered given how comfortably the Albuquerque Lancers controlled the pace from the opening tip to the final buzzer against Honolulu."
448,100448,"On January 23, 2026, the Raleigh Wardens welcomed the Bakersfield Wranglers at home. The Raleigh Wardens defeated the Bakersfield Wranglers by a score of 127-121. Ramsey was the top scorer for the Raleigh Wardens, going for 29 points. Wakefield and Yates scored 25 points to lead the Bakersfield Wranglers. The Raleigh Wardens held a 63-61 edge at the half of a closely contested game. The Raleigh Wardens were in front the entire game, never trailing once. The Bakersfield Wranglers were without regular contributor Castellano. The Raleigh Wardens led by as many as 14 points at one stage of the game."
449,100449,"The Grand Rapids Drifters hosted the Fresno Bison on January 23, 2026. The Grand Rapids Drifters topped the Fresno Bison, 138-110. Rivera paced the Grand Rapids Drifters attack, scoring 27 points. Ellison scored 24 points to lead the Fresno Bison. The Grand Rapids Drifters led 60-58 at the half after two competitive quarters. At no point during the contest did the Grand Rapids Drifters trail. No one out-rebounded Barnett, who grabbed 11. The Grand Rapids Drifters' largest lead of the game was 33 points."
450,100450,"On the road on January 23, 2026, the RIC took on the AUS at the Austin Sentinels' arena. The final score was Richmond Kestrels 112, Austin Sentinels 97. Emerson topped all scorers for the Richmond Kestrels with 26 points. Pruitt scored 26 points to lead the Austin Sentinels. Heading into halftime, the Richmond Kestrels led 59-44 through two quarters of play. The Richmond Kestrels erased a 6-point hole along the way to close out the win. Donnelly came up with the go-ahead basket in the final stretch of the game. Distributing the ball, Marlow finished with 6 assists. The Richmond Kestrels led by as many as 26 points at one stage of the game."
451,100451,"On January 23, 2026, the Baton Rouge Falcons traveled to face the Reno Ridgebacks. The final score was Baton Rouge Falcons 100, Reno Ridgebacks 98. Thackeray led the Baton Rouge Falcons with 20 points. Delgado led the Reno Ridgebacks with 21 points in the loss. Heading into halftime, the Reno Ridgebacks led 51-48 through two quarters of play. The Baton Rouge Falcons trailed by 5 points at one stage before pulling away for good. Thackeray came up with the go-ahead basket in the final stretch of the game. From beyond the arc, the Baton Rouge Falcons went 8-for-the-night. At one stretch of the game, the Baton Rouge Falcons were ahead by 4 points."
452,100452,"The Buffalo Marshals visited the Spokane Outlaws on January 23, 2026. The final score was Buffalo Marshals 103, Spokane Outlaws 101. Redmond led the Buffalo Marshals with 23 points. Spokane Outlaws scorer Ellison-Reyes (KER) put up 24 points. At the break, the Buffalo Marshals were up 56-50 after the opening two quarters. The Buffalo Marshals erased a 4-point hole along the way to close out the win. It was Redmond who put the Buffalo Marshals ahead for good late in the fourth. The Spokane Outlaws coughed it up 11 times. The game featured 7 lead changes before it was finally decided."
453,100453,"On January 24, 2026, the ELP and the SPO met, with the Spokane Outlaws on the road. The Spokane Outlaws won, 111-91, over the El Paso Ospreys. Ellison-Reyes paced the Spokane Outlaws attack, scoring 20 points. Salazar scored 19 points to lead the El Paso Ospreys. The Spokane Outlaws led 60-45 at the half after two competitive quarters. The Spokane Outlaws controlled the game from start to finish, never trailing. The Spokane Outlaws bench unit produced 49 points. The Spokane Outlaws led by as many as 23 points at one stage of the game."
454,100454,"Delgado's 32 points powered the Reno Ridgebacks to a 124-112 home win over the visiting Honolulu Miners on January 24, 2026, despite 42 from Sinclair in a losing cause. Reno never trailed, taking a 64-58 lead into the break and pushing it as high as 15 points along the way. Vasquez chipped in a double-double off the margins with 13 points and 13 rebounds, rounding out a balanced effort for the Reno Ridgebacks that kept the Miners from ever threatening a real comeback."
455,100455,"On January 25, 2026, the Buffalo Marshals traveled to face the Honolulu Miners. The Honolulu Miners won, 110-93, over the Buffalo Marshals. For the winners, Sinclair and Vasquez scored 25 points. For the Buffalo Marshals, Redmond scored a team-high 22 points. Heading into halftime, the Honolulu Miners led 50-46 through two quarters of play. The Honolulu Miners led wire-to-wire from the opening tip. The Honolulu Miners came out on top by 17 points. The Honolulu Miners opened up a 22-point advantage at one point in the game."
456,100456,"The Anchorage Herons hosted the Columbus Voyagers on January 25, 2026. The Anchorage Herons won, 108-104, over the Columbus Voyagers. For the winners, Moreno scored 25 points. Vance paced the Columbus Voyagers with 31 points despite the loss. At halftime, the Anchorage Herons were ahead 56-51 following the first two periods. The Anchorage Herons never trailed at any point in the game. Rivera hit the go-ahead jumper late in the fourth quarter. Mercer sat out for the Anchorage Herons, absent from the box score. Nash spent stretches of the game in foul trouble."
457,100457,"On January 25, 2026, the Spokane Outlaws welcomed the Raleigh Wardens at home. The SPO beat the RAL, 124-112. Spokane Outlaws scorer Ellison-Reyes finished with a game-high 29 points. On the losing side, Abbott scored 23 points. The Spokane Outlaws led 61-58 at the half after two competitive quarters. The Spokane Outlaws overcame a 9-point deficit at one stage to win the game. Zimmer hit the go-ahead jumper late in the fourth quarter. Ramsey paced the glass work with 14 boards. The Spokane Outlaws built a lead as big as 12 points during the game."
458,100458,"On January 25, 2026, the Reno Ridgebacks traveled to face the Newark Mustangs. The final score was Newark Mustangs 103, Reno Ridgebacks 87. Sheffield led the Newark Mustangs with 28 points. On the losing side, Delgado scored 34 points. The Newark Mustangs held a 48-41 edge at the half of a closely contested game. The Newark Mustangs controlled the game from start to finish, never trailing. Distributing the ball, Brennan finished with 7 assists. At one stretch of the game, the Newark Mustangs were ahead by 18 points."
459,100459,"The Tulsa Admirals visited the Nashville Tempest on January 25, 2026. The Nashville Tempest came away with a 128-118 victory over the Tulsa Admirals. Keller topped all scorers for the Nashville Tempest with 27 points. On the losing side, Carver scored 22 points. The two teams were tied 61-61 at the half after an evenly played first two quarters. The Nashville Tempest erased a 7-point hole along the way to close out the win. It was Bradford who put the Nashville Tempest ahead for good late in the fourth. The Nashville Tempest hit 11 three-pointers. Alder dealt with foul trouble over the course of the game."
460,100460,"The Tacoma Talons hosted the Louisville Nomads on January 25, 2026. The Louisville Nomads defeated the Tacoma Talons by a score of 131-124. Louisville Nomads scorer Vance finished with a game-high 29 points. Bellamy scored 23 points to lead the Tacoma Talons. At the break, the Louisville Nomads were up 64-59 after the opening two quarters. After facing a 7-point deficit earlier in the game, the Louisville Nomads came all the way back. Vance delivered the decisive go-ahead score for the Louisville Nomads down the stretch. 18 turnovers plagued the Tacoma Talons. At one stretch of the game, the Louisville Nomads were ahead by 19 points."
461,100461,"On January 26, 2026, the BOI and the GRA met, with the Grand Rapids Drifters on the road. The Grand Rapids Drifters defeated the Boise Glaciers by a score of 120-115. Rivera was the top scorer for the Grand Rapids Drifters, going for 22 points. For the Boise Glaciers, Montgomery scored a team-high 30 points. The Grand Rapids Drifters led 56-49 at the half after two competitive quarters. The Grand Rapids Drifters overcame a 1-point deficit at one stage to win the game. Quigley delivered the decisive go-ahead score for the Grand Rapids Drifters down the stretch. 49 bench points helped the Grand Rapids Drifters. It was a back-and-forth affair, with 6 lead changes along the way."
462,100462,"The Fresno Bison buried the visiting Providence Skylarks early and often on January 26, 2026, cruising to a 126-89 home win behind Pruitt's 28 points. Easton's 14 led a Providence side that trailed the whole way, down 65-42 at the break and by as much as 42 points at one stretch. Barnett rounded out the rout with a double-double of 11 points and 10 rebounds as the Fresno Bison controlled the game wire to wire without a single lead change all night."
463,100463,"On January 26, 2026, the Cincinnati Stallions traveled to face the Bakersfield Wranglers. The BAK beat the CIN, 126-113. Wakefield paced the Bakersfield Wranglers attack, scoring 27 points. For the Cincinnati Stallions, Fairbanks scored a team-high 17 points. Heading into halftime, the Bakersfield Wranglers led 62-52 through two quarters of play. The Bakersfield Wranglers were in front the entire game, never trailing once. The margin of victory was 13 points. The Bakersfield Wranglers led by as many as 14 points at one stage of the game."
464,100464,"The Cheyenne Pioneers hosted the Tacoma Talons on January 26, 2026. The Tacoma Talons won, 140-124, over the Cheyenne Pioneers. Bellamy paced the Tacoma Talons attack, scoring 27 points. Vance paced the Cheyenne Pioneers with 22 points despite the loss. The Tacoma Talons led 67-61 at the half after two competitive quarters. The Tacoma Talons did not trail at any point in the game. Donnelly, normally in the rotation for the Tacoma Talons, did not play. The Tacoma Talons led by as many as 24 points at one stage of the game."
465,100465,"On January 27, 2026, the Austin Sentinels welcomed the Bakersfield Wranglers at home. The Bakersfield Wranglers came away with a 117-98 victory over the Austin Sentinels. Bakersfield Wranglers scorer Wakefield finished with a game-high 21 points. For the Austin Sentinels, Pruitt scored a team-high 19 points. At halftime, the Bakersfield Wranglers were ahead 60-48 following the first two periods. The Bakersfield Wranglers were in front the entire game, never trailing once. Gallagher paced the glass work with 12 boards. Emerson dealt with foul trouble over the course of the game."
466,100466,"The Reno Ridgebacks hosted the Albany Condors on January 27, 2026. The Albany Condors won, 120-106, over the Reno Ridgebacks. Easton paced the Albany Condors attack, scoring 29 points. Delgado led the Reno Ridgebacks with 25 points in the loss. At halftime, the Albany Condors were ahead 54-51 following the first two periods. The Albany Condors led wire-to-wire from the opening tip. Easton recorded 7 assists in the win. The Albany Condors built a lead as big as 16 points during the game."
467,100467,"On January 27, 2026, the MIS and the HON met, with the Honolulu Miners on the road. The Missoula Anchors came away with a 132-116 victory over the Honolulu Miners. Castellano led the Missoula Anchors with 25 points. Sinclair scored 25 points to lead the Honolulu Miners. The two teams were tied 60-60 at the half after an evenly played first two quarters. The Missoula Anchors overcame a 9-point deficit at one stage to win the game. Pruitt came up with the go-ahead basket in the final stretch of the game. The Missoula Anchors connected on 16 threes. The lead changed hands 2 times during the course of the game."
468,100468,"The Hartford Comets hosted the Anchorage Herons on January 27, 2026. The Anchorage Herons won, 125-124, over the Hartford Comets. Rhodes was the top scorer for the Anchorage Herons, going for 29 points. For the Hartford Comets, Sawyer scored a team-high 32 points. At the break, the Hartford Comets were up 63-60 after the opening two quarters. The Anchorage Herons trailed by 3 points at one stage before pulling away for good. It was Nash who put the Anchorage Herons ahead for good late in the fourth. The Hartford Comets coughed it up 14 times. Nash battled foul trouble for stretches of the game."
469,100469,"On the road at Providence on January 27, 2026, the Fresno Bison never trailed en route to a 121-105 win, with Ellison leading all scorers at 31 points. Zimmer's 19 paced the Providence Skylarks in defeat. Fresno was already up 59-48 at halftime and later stretched the margin to 24 points, its largest of the game, with reserves chipping in 34 of the total. The Fresno Bison's bench depth proved decisive against a Providence squad that could never find an answer to it."
470,100470,"The Albuquerque Lancers overcame a 2-point deficit to beat the visiting Columbus Voyagers 119-101 on January 27, 2026, with Salazar's 22 points leading the Lancers and Vance's 21 topping Columbus. Albuquerque led 56-51 at the break before Holloway supplied the decisive go-ahead basket, part of a wild sequence that saw 18 lead changes over the course of the night. Dalton nearly posted a double-double with 19 points and 1 rebound, and Adrian Sinclair fought through foul trouble as the Albuquerque Lancers pulled it out."
471,100471,"The Cincinnati Stallions visited the Boise Glaciers on January 28, 2026. The Boise Glaciers defeated the Cincinnati Stallions by a score of 131-122. Montgomery led the Boise Glaciers with 28 points. McAllister paced the Cincinnati Stallions with 30 points despite the loss. At the break, the Boise Glaciers were up 65-60 after the opening two quarters. The Boise Glaciers rallied back from a 6-point deficit to come away with the win. Radford delivered the decisive go-ahead score for the Boise Glaciers down the stretch. The Boise Glaciers came out on top by 9 points. At one stretch of the game, the Boise Glaciers were ahead by 17 points."
472,100472,"The Tacoma Talons hosted the Raleigh Wardens on January 28, 2026. The Tacoma Talons came away with a 135-112 victory over the Raleigh Wardens. Marlow led the Tacoma Talons with 24 points. Raleigh Wardens scorer Quigley put up 21 points. The Tacoma Talons led 63-54 at the half after two competitive quarters. The Tacoma Talons never trailed at any point in the game. Donnelly, normally in the rotation for the Tacoma Talons, did not play. The Tacoma Talons led by as many as 24 points at one stage of the game."
473,100473,"On January 28, 2026, the Grand Rapids Drifters welcomed the Honolulu Miners at home. The Honolulu Miners defeated the Grand Rapids Drifters by a score of 129-118. Sinclair paced the Honolulu Miners attack, scoring 46 points. For the Grand Rapids Drifters, Rivera scored a team-high 23 points. Heading into halftime, the Honolulu Miners led 61-53 through two quarters of play. The Honolulu Miners erased a 6-point hole along the way to close out the win. Emerson provided the go-ahead points for the Honolulu Miners in the closing minutes. Quigley paced the glass work with 11 boards. The lead changed hands 2 times during the course of the game."
474,100474,"On January 28, 2026, the Albuquerque Lancers welcomed the Cheyenne Pioneers at home. The Albuquerque Lancers came away with a 123-110 victory over the Cheyenne Pioneers. For the winners, Salazar scored 33 points. For the Cheyenne Pioneers, Kirby scored a team-high 30 points. At halftime, the Cheyenne Pioneers were ahead 60-59 following the first two periods. After facing a 8-point deficit earlier in the game, the Albuquerque Lancers came all the way back. Salazar came up with the go-ahead basket in the final stretch of the game. Ball movement ran through Holloway, who had 8 assists. Sheffield battled foul trouble for stretches of the game."
475,100475,"On the road on January 28, 2026, the REN took on the ALB at the Albany Condors' arena. The final score was Albany Condors 112, Reno Ridgebacks 93. Navarro paced the Albany Condors attack, scoring 29 points. For the Reno Ridgebacks, Kirby scored a team-high 17 points. Heading into halftime, the Albany Condors led 54-44 through two quarters of play. The Albany Condors never trailed at any point in the game. From beyond the arc, the Albany Condors went 18-for-the-night. The Albany Condors opened up a 23-point advantage at one point in the game."
476,100476,"The Albuquerque Lancers visited the Spokane Outlaws on January 29, 2026. The Spokane Outlaws came away with a 119-98 victory over the Albuquerque Lancers. Ellison-Reyes (KER) led the Spokane Outlaws with 34 points. On the losing side, Dalton scored 20 points. The Spokane Outlaws led 67-50 at the half after two competitive quarters. At no point during the contest did the Spokane Outlaws trail. Ball security was a problem, with the Albuquerque Lancers turning it over 11 times. Foul trouble was an issue at times for Holloway."
477,100477,"On January 29, 2026, the Cheyenne Pioneers traveled to face the Baton Rouge Falcons. The Baton Rouge Falcons defeated the Cheyenne Pioneers by a score of 138-120. For the winners, Sutter scored 23 points. Kirby led the Cheyenne Pioneers with 29 points in the loss. It was even, 65-65, at the break following a back-and-forth opening half. The Baton Rouge Falcons trailed by 7 points at one stage before pulling away for good. Sutter came up with the go-ahead basket in the final stretch of the game. Reserves for the Baton Rouge Falcons scored 65 points. Foul trouble limited Fairbanks and Sheffield and Jennings for parts of the game."
478,100478,"On January 29, 2026, the Columbus Voyagers traveled to face the Honolulu Miners. The final score was Columbus Voyagers 105, Honolulu Miners 101. Ramsey was the top scorer for the Columbus Voyagers, going for 22 points. Emerson paced the Honolulu Miners with 26 points despite the loss. The Honolulu Miners held a 48-47 edge at the half of a closely contested game. After facing a 5-point deficit earlier in the game, the Columbus Voyagers came all the way back. Dupree provided the go-ahead points for the Columbus Voyagers in the closing minutes. Emerson turned in a double-double with 26 points and 9 rebounds. The Columbus Voyagers' largest lead of the game was 12 points."
479,100479,"On the road on January 29, 2026, the MIS took on the TAC at the Tacoma Talons' arena. The final score was Tacoma Talons 119, Missoula Anchors 97. Tacoma Talons scorer Vance finished with a game-high 23 points. For the Missoula Anchors, Castellano scored a team-high 19 points. At halftime, the Tacoma Talons were ahead 62-45 following the first two periods. The Tacoma Talons controlled the game from start to finish, never trailing. The Tacoma Talons won it by 22. The Tacoma Talons' largest lead of the game was 26 points."
480,100480,"The El Paso Ospreys needed a 33-point night apiece from Carver and Salazar to hold off the visiting Austin Sentinels, 108-99, on January 29, 2026, despite 17 points each from Pruitt and Fairbanks for Austin. El Paso led 55-53 at the break, then had to dig out of a 6-point hole before Sebastian Rivera hit the go-ahead jumper late in the fourth. Trent Carver played through foul trouble down the stretch, and the El Paso Ospreys did it all without regular contributor Garner, who was missing from the lineup."
481,100481,"The Anchorage Herons hosted the Jacksonville Cobras on January 29, 2026. The Jacksonville Cobras defeated the Anchorage Herons by a score of 110-87. Rutledge was the top scorer for the Jacksonville Cobras, going for 29 points. Rutledge scored 25 points to lead the Anchorage Herons. Heading into halftime, the Jacksonville Cobras led 60-44 through two quarters of play. The Jacksonville Cobras were in front the entire game, never trailing once. Granger controlled the glass with 11 rebounds. The Jacksonville Cobras led by up to 24 points along the way to the win."
482,100482,"On January 30, 2026, the Providence Skylarks traveled to face the Austin Sentinels. The Austin Sentinels won, 103-98, over the Providence Skylarks. Dalton was the top scorer for the Austin Sentinels, going for 21 points. Providence Skylarks scorer Mercer and Wakefield put up 17 points. Heading into halftime, the Austin Sentinels led 50-46 through two quarters of play. After facing a 3-point deficit earlier in the game, the Austin Sentinels came all the way back. Fairbanks provided the go-ahead points for the Austin Sentinels in the closing minutes. Distributing the ball, Marlow finished with 13 assists. The game featured 7 lead changes before it was finally decided."
483,100483,"On the road on January 30, 2026, the REN took on the BAK at the Bakersfield Wranglers' arena. The Bakersfield Wranglers won, 129-102, over the Reno Ridgebacks. Brennan was the top scorer for the Bakersfield Wranglers, going for 33 points. Reno Ridgebacks scorer Whitaker put up 23 points. Heading into halftime, the Bakersfield Wranglers led 64-56 through two quarters of play. Down by as many as 3 points during the game, the Bakersfield Wranglers still found a way to win. It was Wakefield who put the Bakersfield Wranglers ahead for good late in the fourth. The Bakersfield Wranglers connected on 8 threes. Farrell battled foul trouble for stretches of the game."
484,100484,"Antoine Sheffield's go-ahead basket in the final stretch lifted the Baton Rouge Falcons to a 123-115 home win over the Tacoma Talons on January 30, 2026. Castellano's 30 points led the Baton Rouge Falcons, while Bellamy poured in 38 for Tacoma in the loss. The Talons actually led 58-54 at halftime, but Baton Rouge erased a 7-point deficit late and eventually opened a 15-point advantage of its own, riding 10 Tacoma turnovers to the finish line for the home win."
485,100485,"On January 30, 2026, the ELP and the ALE met, with the Albuquerque Lancers on the road. The final score was Albuquerque Lancers 111, El Paso Ospreys 99. Albuquerque Lancers scorer Salazar finished with a game-high 28 points. For the El Paso Ospreys, Zimmer scored a team-high 25 points. Heading into halftime, the Albuquerque Lancers led 59-51 through two quarters of play. The Albuquerque Lancers erased a 4-point hole along the way to close out the win. It was Donnelly who put the Albuquerque Lancers ahead for good late in the fourth. The Albuquerque Lancers bench chipped in 38 points. It was a back-and-forth affair, with 5 lead changes along the way."
486,100486,"The Raleigh Wardens visited the Boise Glaciers on January 30, 2026. The Boise Glaciers came away with a 122-94 victory over the Raleigh Wardens. McAllister was the top scorer for the Boise Glaciers, going for 26 points. Quigley paced the Raleigh Wardens with 21 points despite the loss. The Boise Glaciers held a 59-45 edge at the half of a closely contested game. The Boise Glaciers were in front the entire game, never trailing once. It was a double-double night for Montgomery: 15 points, 11 rebounds. The Boise Glaciers built a lead as big as 34 points during the game."
487,100487,"Ellison-Reyes exploded for 46 points as the Spokane Outlaws outlasted the Cheyenne Pioneers, 129-125, on January 30, 2026, overcoming a 13-point hole after trailing 65-57 at the break. Bellamy answered with 29 for Cheyenne, but it was Zaire Rhodes who delivered the late go-ahead bucket for the Spokane Outlaws. Spokane's largest lead of the night was only 12, and the final margin held at 4 points in a game where foul trouble touched Samir Zimmer for Spokane and Landon Kirby and Dante Marlow for Cheyenne."
488,100488,"The Fresno Bison hosted the Honolulu Miners on January 30, 2026. The FRE beat the HON, 112-104. Pruitt was the top scorer for the Fresno Bison, going for 24 points. Honolulu Miners scorer Sinclair put up 32 points. The Honolulu Miners led 61-54 at the half after two competitive quarters. The Fresno Bison rallied back from a 8-point deficit to come away with the win. Pruitt provided the go-ahead points for the Fresno Bison in the closing minutes. Mercer (FRE), a rotation regular, did not appear in the box score. It was a back-and-forth affair, with 16 lead changes along the way."
489,100489,"On January 30, 2026, the Newark Mustangs welcomed the Missoula Anchors at home. The Newark Mustangs won, 127-97, over the Missoula Anchors. Sheffield was the top scorer for the Newark Mustangs, going for 26 points. On the losing side, Castellano scored 26 points. The Newark Mustangs led 61-46 at the half after two competitive quarters. The Newark Mustangs led wire-to-wire from the opening tip. On the boards, Sheffield finished with 20 rebounds. The Newark Mustangs opened up a 31-point advantage at one point in the game."
490,100490,"On the road on January 31, 2026, the ANC took on the PRO at the Providence Skylarks' arena. The final score was Providence Skylarks 127, Anchorage Herons 115. For the winners, Marlow scored 27 points. Fairbanks scored 27 points to lead the Anchorage Herons. The Providence Skylarks led 66-60 at the half after two competitive quarters. The Providence Skylarks rallied back from a 7-point deficit to come away with the win. Marlow came up with the go-ahead basket in the final stretch of the game. Distributing the ball, Fairbanks finished with 16 assists. The Providence Skylarks built a lead as big as 17 points during the game."
491,100491,"The Albuquerque Lancers hosted the Missoula Anchors on January 31, 2026. The Missoula Anchors won, 115-110, over the Albuquerque Lancers. Keller led the Missoula Anchors with 29 points. Dalton scored 23 points to lead the Albuquerque Lancers. The Missoula Anchors led 50-49 at the half after two competitive quarters. Down by as many as 7 points during the game, the Missoula Anchors still found a way to win. Oakley provided the go-ahead points for the Missoula Anchors in the closing minutes. The Missoula Anchors knocked down 19 shots from deep. 3 lead changes kept the outcome in doubt until late in the game."
492,100492,"The Columbus Voyagers hosted the Spokane Outlaws on January 31, 2026. The Spokane Outlaws won, 122-102, over the Columbus Voyagers. For the winners, Ellison-Reyes (KER) scored 40 points. Vance scored 19 points to lead the Columbus Voyagers. The Spokane Outlaws led 56-49 at the half after two competitive quarters. The Spokane Outlaws did not trail at any point in the game. The Columbus Voyagers committed 16 turnovers. At one stretch of the game, the Spokane Outlaws were ahead by 20 points."
493,100493,"On the road on January 31, 2026, the LOU took on the TUL at the Tulsa Admirals' arena. The LOU beat the TUL, 112-104. Garner led the Louisville Nomads with 20 points. Rutledge paced the Tulsa Admirals with 20 points despite the loss. The Louisville Nomads held a 57-49 edge at the half of a closely contested game. The Louisville Nomads never trailed at any point in the game. Reserves for the Louisville Nomads scored 38 points. The Louisville Nomads' largest lead of the game was 18 points."
494,100494,"On the road on February 1, 2026, the ELP took on the DES at the Des Moines Vultures' arena. The El Paso Ospreys won, 118-114, over the Des Moines Vultures. Carver was the top scorer for the El Paso Ospreys, going for 39 points. Redmond paced the Des Moines Vultures with 27 points despite the loss. At the break, the El Paso Ospreys were up 58-56 after the opening two quarters. Down by as many as 6 points during the game, the El Paso Ospreys still found a way to win. Carver came up with the go-ahead basket in the final stretch of the game. Carver recorded a double-double at 39 points and 5 assists. The lead changed hands 8 times during the course of the game."
495,100495,"On February 1, 2026, the Baton Rouge Falcons welcomed the Albany Condors at home. The Albany Condors won, 110-100, over the Baton Rouge Falcons. Easton led the Albany Condors with 33 points. Thackeray led the Baton Rouge Falcons with 36 points in the loss. The Albany Condors held a 62-53 edge at the half of a closely contested game. The Albany Condors controlled the game from start to finish, never trailing. It finished as a 10-point game. Pemberton picked up enough fouls during the game to be in foul trouble."
496,100496,"On the road on February 1, 2026, the HAR took on the MIS at the Missoula Anchors' arena. The Missoula Anchors came away with a 135-118 victory over the Hartford Comets. Keller led the Missoula Anchors with 30 points. Hartford Comets scorer Boone put up 30 points. At the break, the Missoula Anchors were up 68-56 after the opening two quarters. The Missoula Anchors were in front the entire game, never trailing once. There was no box score entry for Maddox of the Missoula Anchors. At one stretch of the game, the Missoula Anchors were ahead by 19 points."
497,100497,"On February 1, 2026, the Boise Glaciers traveled to face the Austin Sentinels. The Austin Sentinels won, 137-128, over the Boise Glaciers. Austin Sentinels scorer Pruitt finished with a game-high 30 points. On the losing side, McAllister scored 39 points. The Austin Sentinels led 71-58 at the half after two competitive quarters. The Austin Sentinels rallied back from a 4-point deficit to come away with the win. Dupree hit the go-ahead jumper late in the fourth quarter. Pemberton cleaned up 10 rebounds to lead all players. The two teams traded the lead 15 times during the contest."
498,100498,"The Nashville Tempest hosted the Cheyenne Pioneers on February 1, 2026. The Nashville Tempest came away with a 120-117 victory over the Cheyenne Pioneers. Nash led the Nashville Tempest with 23 points. On the losing side, Bellamy scored 27 points. The Nashville Tempest held a 57-55 edge at the half of a closely contested game. At no point during the contest did the Nashville Tempest trail. Thornton delivered the decisive go-ahead score for the Nashville Tempest down the stretch. Fairbanks recorded 10 assists in the win. The Nashville Tempest opened up a 3-point advantage at one point in the game."
499,100499,"On the road on February 1, 2026, the HON took on the BAK at the Bakersfield Wranglers' arena. The Bakersfield Wranglers topped the Honolulu Miners, 113-110. Yates led the Bakersfield Wranglers with 28 points. Sinclair paced the Honolulu Miners with 41 points despite the loss. The Bakersfield Wranglers took a 62-54 lead into the locker room at the break. The Bakersfield Wranglers trailed by 7 points at one stage before pulling away for good. Yates came up with the go-ahead basket in the final stretch of the game. The Bakersfield Wranglers connected on 22 threes. The Bakersfield Wranglers led by up to 16 points along the way to the win."
500,100500,"On February 1, 2026, the TUL and the TAC met, with the Tacoma Talons on the road. The final score was Tulsa Admirals 113, Tacoma Talons 109. Carver paced the Tulsa Admirals attack, scoring 26 points. Vance scored 28 points to lead the Tacoma Talons. At the break, the Tulsa Admirals were up 58-52 after the opening two quarters. The Tulsa Admirals controlled the game from start to finish, never trailing. The go-ahead bucket late in the game came from Ellison of the Tulsa Admirals. The Tacoma Talons committed 20 turnovers. Thackeray and Godfrey and Maddox spent stretches of the game in foul trouble."
501,100501,"On the road on February 2, 2026, the CIN took on the MIS at the Missoula Anchors' arena. The Cincinnati Stallions topped the Missoula Anchors, 130-111. Bellamy was the top scorer for the Cincinnati Stallions, going for 40 points. Calloway led the Missoula Anchors with 21 points in the loss. At the break, the Cincinnati Stallions were up 65-60 after the opening two quarters. The Cincinnati Stallions never trailed at any point in the game. The Cincinnati Stallions bench chipped in 30 points. The Cincinnati Stallions built a lead as big as 21 points during the game."
502,100502,"On February 2, 2026, the Albany Condors traveled to face the Honolulu Miners. The ALB beat the HON, 111-89. Easton led the Albany Condors with 32 points. Sinclair paced the Honolulu Miners with 25 points despite the loss. The Albany Condors held a 53-45 edge at the half of a closely contested game. The Albany Condors trailed by 6 points at one stage before pulling away for good. It was Ellison who put the Albany Condors ahead for good late in the fourth. It was a double-double night for Rutledge: 10 points, 12 rebounds. At one stretch of the game, the Albany Condors were ahead by 27 points."
503,100503,"The Cheyenne Pioneers hosted the Tulsa Admirals on February 2, 2026. The Tulsa Admirals won, 129-118, over the Cheyenne Pioneers. Rutledge topped all scorers for the Tulsa Admirals with 42 points. Radford paced the Cheyenne Pioneers with 23 points despite the loss. At the break, the Cheyenne Pioneers were up 61-59 after the opening two quarters. Down by as many as 5 points during the game, the Tulsa Admirals still found a way to win. The go-ahead bucket late in the game came from Ellison of the Tulsa Admirals. It finished as a 11-point game. There were 8 lead changes over the course of the game."
504,100504,"The Bakersfield Wranglers visited the Albuquerque Lancers on February 2, 2026. The Albuquerque Lancers defeated the Bakersfield Wranglers by a score of 121-94. Dalton topped all scorers for the Albuquerque Lancers with 20 points. Castellano led the Bakersfield Wranglers with 26 points in the loss. Heading into halftime, the Albuquerque Lancers led 65-41 through two quarters of play. The Albuquerque Lancers trailed by 3 points at one stage before pulling away for good. Holloway hit the go-ahead jumper late in the fourth quarter. The Albuquerque Lancers were without regular contributor Garner. Dalton dealt with foul trouble over the course of the game."
505,100505,"The Nashville Tempest visited the Spokane Outlaws on February 3, 2026. The Spokane Outlaws won, 128-92, over the Nashville Tempest. Radford topped all scorers for the Spokane Outlaws with 22 points. On the losing side, Abbott scored 20 points. At the break, the Spokane Outlaws were up 67-48 after the opening two quarters. The Spokane Outlaws overcame a 1-point deficit at one stage to win the game. It was Zimmer who put the Spokane Outlaws ahead for good late in the fourth. On the boards, Brennan finished with 10 rebounds. The Spokane Outlaws led by as many as 39 points at one stage of the game."
506,100506,"On the road on February 3, 2026, the ALB took on the TAC at the Tacoma Talons' arena. The ALB beat the TAC, 121-110. Navarro was the top scorer for the Albany Condors, going for 26 points. Tacoma Talons scorer Vance put up 18 points. The Albany Condors led 67-52 at the half after two competitive quarters. After facing a 1-point deficit earlier in the game, the Albany Condors came all the way back. The go-ahead bucket late in the game came from Quigley of the Albany Condors. Easton recorded 13 assists in the win. It was a back-and-forth affair, with 16 lead changes along the way."
507,100507,"On February 3, 2026, the ELP and the REN met, with the Reno Ridgebacks on the road. The El Paso Ospreys topped the Reno Ridgebacks, 128-97. Sinclair was the top scorer for the El Paso Ospreys, going for 28 points. Jennings paced the Reno Ridgebacks with 22 points despite the loss. Heading into halftime, the El Paso Ospreys led 59-48 through two quarters of play. At no point during the contest did the El Paso Ospreys trail. From beyond the arc, the El Paso Ospreys went 17-for-the-night. The El Paso Ospreys' largest lead of the game was 37 points."
508,100508,"The Austin Sentinels visited the Missoula Anchors on February 3, 2026. The Missoula Anchors won, 135-115, over the Austin Sentinels. For the winners, Thackeray scored 23 points. On the losing side, Marlow scored 18 points. Heading into halftime, the Missoula Anchors led 73-62 through two quarters of play. The Missoula Anchors led wire-to-wire from the opening tip. The Austin Sentinels committed 16 turnovers. At one stretch of the game, the Missoula Anchors were ahead by 22 points."
509,100509,"On February 3, 2026, the TUL and the HAR met, with the Hartford Comets on the road. The Tulsa Admirals topped the Hartford Comets, 126-111. Hargrove led the Tulsa Admirals with 23 points. Boone led the Hartford Comets with 27 points in the loss. At the break, the Tulsa Admirals were up 63-49 after the opening two quarters. The Tulsa Admirals overcame a 4-point deficit at one stage to win the game. Pemberton hit the go-ahead jumper late in the fourth quarter. The Tulsa Admirals bench chipped in 55 points. The lead changed hands 6 times during the course of the game."
510,100510,"On February 3, 2026, the Newark Mustangs welcomed the Honolulu Miners at home. The Newark Mustangs topped the Honolulu Miners, 112-100. Newark Mustangs scorer Brennan finished with a game-high 25 points. On the losing side, Sinclair scored 30 points. At halftime, the Newark Mustangs were ahead 58-52 following the first two periods. The Newark Mustangs rallied back from a 12-point deficit to come away with the win. It was Lambert who put the Newark Mustangs ahead for good late in the fourth. Sinclair posted a double-double with 30 points and 15 rebounds. The Newark Mustangs led by as many as 16 points at one stage of the game."
511,100511,"On February 3, 2026, the Albuquerque Lancers traveled to face the Baton Rouge Falcons. The Albuquerque Lancers topped the Baton Rouge Falcons, 135-123. Salazar was the top scorer for the Albuquerque Lancers, going for 29 points. Castellano and Thackeray paced the Baton Rouge Falcons with 32 points despite the loss. The Albuquerque Lancers took a 67-65 lead into the locker room at the break. The Albuquerque Lancers never trailed at any point in the game. The Albuquerque Lancers won it by 12. At one stretch of the game, the Albuquerque Lancers were ahead by 18 points."
512,100512,"It was tied 52-52 at the half between the visiting Tacoma Talons and the Honolulu Miners on February 4, 2026, before Honolulu pulled away for good, winning 105-99 at home. Emerson led the Miners with 20 points, while Maddox answered with 25 for Tacoma in the loss. The Honolulu Miners never trailed once the game turned, and Sinclair suited up and contributed for Honolulu alongside Emerson; Carlos Thackeray and Reggie Bradford both battled foul trouble along the way for Tacoma in a game that stayed comfortably in the Miners' control throughout."
513,100513,"On the road on February 4, 2026, the TUL took on the RIC at the Richmond Kestrels' arena. The final score was Richmond Kestrels 102, Tulsa Admirals 95. Richmond Kestrels scorer Beckett finished with a game-high 24 points. Radford led the Tulsa Admirals with 27 points in the loss. The Richmond Kestrels took a 51-44 lead into the locker room at the break. The Richmond Kestrels rallied back from a 2-point deficit to come away with the win. Beckett came up with the go-ahead basket in the final stretch of the game. Carver controlled the glass with 11 rebounds. At one stretch of the game, the Richmond Kestrels were ahead by 8 points."
514,100514,"The Spokane Outlaws visited the Albuquerque Lancers on February 4, 2026. The Albuquerque Lancers won, 116-106, over the Spokane Outlaws. Emerson led the Albuquerque Lancers with 25 points. For the Spokane Outlaws, Rhodes scored a team-high 25 points. At the break, the Albuquerque Lancers were up 57-49 after the opening two quarters. The Albuquerque Lancers controlled the game from start to finish, never trailing. Holloway handed out 10 assists to lead all passers. At one stretch of the game, the Albuquerque Lancers were ahead by 16 points."
515,100515,"On the road on February 4, 2026, the HAR took on the BOI at the Boise Glaciers' arena. The Hartford Comets came away with a 135-108 victory over the Boise Glaciers. Boone paced the Hartford Comets attack, scoring 39 points. Boise Glaciers scorer McAllister put up 28 points. At halftime, the Hartford Comets were ahead 65-53 following the first two periods. At no point during the contest did the Hartford Comets trail. The Hartford Comets hit 21 three-pointers. Keller and Yates dealt with foul trouble over the course of the game."
516,100516,"On February 4, 2026, the Cincinnati Stallions traveled to face the Reno Ridgebacks. The Cincinnati Stallions defeated the Reno Ridgebacks by a score of 132-126. Cincinnati Stallions scorer McAllister finished with a game-high 35 points. For the Reno Ridgebacks, Rivera scored a team-high 30 points. At halftime, the Cincinnati Stallions were ahead 67-59 following the first two periods. The Cincinnati Stallions were in front the entire game, never trailing once. Turnovers were an issue for the Reno Ridgebacks, who had 15. The Cincinnati Stallions led by as many as 16 points at one stage of the game."
517,100517,"On the road on February 4, 2026, the CHE took on the RAL at the Raleigh Wardens' arena. The Cheyenne Pioneers topped the Raleigh Wardens, 115-111. Pruitt paced the Cheyenne Pioneers attack, scoring 22 points. For the Raleigh Wardens, Abbott scored a team-high 26 points. The Raleigh Wardens took a 61-59 lead into the locker room at the break. After facing a 6-point deficit earlier in the game, the Cheyenne Pioneers came all the way back. It was Vance who put the Cheyenne Pioneers ahead for good late in the fourth. The Cheyenne Pioneers bench chipped in 37 points. At one stretch of the game, the Cheyenne Pioneers were ahead by 10 points."
518,100518,"On February 4, 2026, the BAK and the FRE met, with the Fresno Bison on the road. The Fresno Bison came away with a 117-93 victory over the Bakersfield Wranglers. Fresno Bison scorer Pruitt finished with a game-high 25 points. Yates paced the Bakersfield Wranglers with 23 points despite the loss. The Fresno Bison held a 57-42 edge at the half of a closely contested game. The Fresno Bison controlled the game from start to finish, never trailing. Barnett added a double-double, going for 14 points and 1 assists. Foul trouble limited Gallagher and Wakefield and Nash for parts of the game."
519,100519,"The Honolulu Miners shook off a slow start to beat the visiting Baton Rouge Falcons, 124-104, on February 5, 2026, erasing an early 3-point deficit and eventually winning by 20. Emerson led Honolulu with 28 points, and Castellano and Blackwood each had 19 for Baton Rouge. The Honolulu Miners were up 62-56 at the break before Silas Sinclair delivered the late go-ahead bucket, and their lead swelled to a game-high 28 points before the final horn sounded on a comfortable home win."
520,100520,"On the road on February 5, 2026, the MIS took on the RIC at the Richmond Kestrels' arena. The Richmond Kestrels won, 109-93, over the Missoula Anchors. Emerson led the Richmond Kestrels with 26 points. Missoula Anchors scorer Rutledge put up 25 points. The Richmond Kestrels led 51-44 at the half after two competitive quarters. Down by as many as 8 points during the game, the Richmond Kestrels still found a way to win. The go-ahead bucket late in the game came from Emerson of the Richmond Kestrels. Keller sat out for the Missoula Anchors, absent from the box score. The Richmond Kestrels' largest lead of the game was 22 points."
521,100521,"The Reno Ridgebacks visited the Tulsa Admirals on February 5, 2026. The final score was Tulsa Admirals 120, Reno Ridgebacks 94. Radford paced the Tulsa Admirals attack, scoring 21 points. For the Reno Ridgebacks, Garner scored a team-high 21 points. The Tulsa Admirals led 58-45 at the half after two competitive quarters. The Tulsa Admirals erased a 3-point hole along the way to close out the win. The go-ahead bucket late in the game came from Radford of the Tulsa Admirals. Garner pulled down a game-high 19 rebounds. The game featured 16 lead changes before it was finally decided."
522,100522,"The Bakersfield Wranglers hosted the Tacoma Talons on February 5, 2026. The final score was Tacoma Talons 101, Bakersfield Wranglers 97. Tacoma Talons scorer Langford finished with a game-high 20 points. Wakefield led the Bakersfield Wranglers with 24 points in the loss. At halftime, the Tacoma Talons were ahead 51-47 following the first two periods. The Tacoma Talons led wire-to-wire from the opening tip. Sutter delivered the decisive go-ahead score for the Tacoma Talons down the stretch. Distributing the ball, Thackeray finished with 7 assists. The Tacoma Talons' largest lead of the game was 16 points."
523,100523,"The El Paso Ospreys hosted the Fresno Bison on February 5, 2026. The Fresno Bison defeated the El Paso Ospreys by a score of 105-102. Pruitt topped all scorers for the Fresno Bison with 27 points. Salazar scored 21 points to lead the El Paso Ospreys. Heading into halftime, the Fresno Bison led 52-49 through two quarters of play. The Fresno Bison controlled the game from start to finish, never trailing. Nash delivered the decisive go-ahead score for the Fresno Bison down the stretch. From beyond the arc, the Fresno Bison went 11-for-the-night. The Fresno Bison built a lead as big as 9 points during the game."
524,100524,"Devonte Dalton's late go-ahead bucket sent the Albuquerque Lancers past the visiting Reno Ridgebacks, 139-122, on February 6, 2026, capping a night that saw Albuquerque climb out of an 8-point hole. Salazar scored 28 for the Lancers, while Whitaker and Delgado each put up 20 for Reno. The Albuquerque Lancers led just 61-60 at the break in a game that featured only 4 lead changes overall, and Reno's 12 turnovers proved costly in the end for the visiting Ridgebacks, who never quite found an answer for Albuquerque's late push."
525,100525,"On February 6, 2026, the TUL and the COL met, with the Columbus Voyagers on the road. The Columbus Voyagers came away with a 139-118 victory over the Tulsa Admirals. Jennings and Sinclair paced the Columbus Voyagers attack, scoring 27 points. Carver scored 32 points to lead the Tulsa Admirals. The Columbus Voyagers took a 62-56 lead into the locker room at the break. At no point during the contest did the Columbus Voyagers trail. 69 bench points helped the Columbus Voyagers. Foul trouble limited Ocampo for parts of the game."
526,100526,"The Baton Rouge Falcons hosted the Austin Sentinels on February 6, 2026. The Austin Sentinels topped the Baton Rouge Falcons, 124-105. Marlow was the top scorer for the Austin Sentinels, going for 25 points. For the Baton Rouge Falcons, Sheffield scored a team-high 16 points. At halftime, the Austin Sentinels were ahead 58-51 following the first two periods. The Austin Sentinels never trailed at any point in the game. Kirby posted a double-double with 13 points and 11 rebounds. The Austin Sentinels led by as many as 20 points at one stage of the game."
527,100527,"The Missoula Anchors visited the Boise Glaciers on February 7, 2026. The Boise Glaciers defeated the Missoula Anchors by a score of 133-109. Montgomery paced the Boise Glaciers attack, scoring 41 points. Rutledge paced the Missoula Anchors with 23 points despite the loss. At the break, the Boise Glaciers were up 71-56 after the opening two quarters. The Boise Glaciers erased a 3-point hole along the way to close out the win. Montgomery came up with the go-ahead basket in the final stretch of the game. The Boise Glaciers won it by 24. It was a back-and-forth affair, with 13 lead changes along the way."
528,100528,"On February 7, 2026, the Spokane Outlaws welcomed the Columbus Voyagers at home. The final score was Columbus Voyagers 110, Spokane Outlaws 93. For the winners, Maddox scored 19 points. Radford scored 17 points to lead the Spokane Outlaws. The two teams were tied 49-49 at the half after an evenly played first two quarters. The Columbus Voyagers rallied back from a 2-point deficit to come away with the win. Winslow hit the go-ahead jumper late in the fourth quarter. Thackeray did not suit up for the Spokane Outlaws. The Columbus Voyagers built a lead as big as 22 points during the game."
529,100529,"Wolfe's monster night, 35 points and 20 rebounds, wasn't enough to save the visiting Anchorage Herons on February 7, 2026, as the Tacoma Talons rolled to a 128-117 home win, controlling the game from the opening tip. Maddox scored 23 to pace the Tacoma Talons, who led 61-55 at halftime and stretched the margin to 19 points at its peak. Carlos Thackeray dealt with foul trouble for Tacoma, though it did little to slow down the Talons' wire-to-wire victory over Anchorage."
530,100530,"On February 7, 2026, the Louisville Nomads welcomed the Albuquerque Lancers at home. The ALE beat the LOU, 114-103. Thackeray was the top scorer for the Albuquerque Lancers, going for 28 points. Garner scored 25 points to lead the Louisville Nomads. At halftime, the Albuquerque Lancers were ahead 60-54 following the first two periods. After facing a 1-point deficit earlier in the game, the Albuquerque Lancers came all the way back. The go-ahead bucket late in the game came from Thackeray of the Albuquerque Lancers. Dalton set the pace with 11 assists. There were 14 lead changes over the course of the game."
531,100531,"On February 7, 2026, the BAK and the ALB met, with the Albany Condors on the road. The Albany Condors defeated the Bakersfield Wranglers by a score of 97-81. Winslow led the Albany Condors with 22 points. Bakersfield Wranglers scorer Delgado put up 15 points. The Albany Condors held a 46-41 edge at the half of a closely contested game. The Albany Condors overcame a 4-point deficit at one stage to win the game. Navarro delivered the decisive go-ahead score for the Albany Condors down the stretch. 13 made threes came from the Albany Condors. The Albany Condors' largest lead of the game was 24 points."
532,100532,"Silas Garner's go-ahead basket in the final stretch capped a 134-130 win for the Baton Rouge Falcons over the host Des Moines Vultures on February 7, 2026. Bradford led the Baton Rouge Falcons with 25 points, while Redmond countered with 30 for Des Moines. Baton Rouge was up 65-62 at the half after climbing back from a 6-point deficit, and their lead eventually reached 15 points; turnovers were the difference too, with the Des Moines Vultures giving the ball away 15 times down the stretch."
533,100533,"On February 7, 2026, the JAC and the CHE met, with the Cheyenne Pioneers on the road. The Jacksonville Cobras topped the Cheyenne Pioneers, 121-119. Jacksonville Cobras scorer Whitaker finished with a game-high 26 points. Fairbanks led the Cheyenne Pioneers with 25 points in the loss. The Cheyenne Pioneers took a 63-57 lead into the locker room at the break. The Jacksonville Cobras overcame a 8-point deficit at one stage to win the game. Granger hit the go-ahead jumper late in the fourth quarter. 39 bench points helped the Jacksonville Cobras. The lead changed hands 13 times during the course of the game."
534,100534,"On the road on February 7, 2026, the AUS took on the RAL at the Raleigh Wardens' arena. The Raleigh Wardens won, 136-120, over the Austin Sentinels. Raleigh Wardens scorer Abbott finished with a game-high 28 points. Austin Sentinels scorer Sawyer put up 28 points. The Raleigh Wardens held a 65-62 edge at the half of a closely contested game. The Raleigh Wardens overcame a 1-point deficit at one stage to win the game. It was Moreno who put the Raleigh Wardens ahead for good late in the fourth. Oakley posted a double-double with 11 points and 15 rebounds. Jennings and Emerson battled foul trouble for stretches of the game."
535,100535,"The Nashville Tempest hosted the El Paso Ospreys on February 8, 2026. The ELP beat the NAS, 113-108. Salazar paced the El Paso Ospreys attack, scoring 40 points. On the losing side, Keller scored 30 points. The Nashville Tempest led 57-56 at the half after two competitive quarters. The El Paso Ospreys rallied back from a 10-point deficit to come away with the win. Salazar delivered the decisive go-ahead score for the El Paso Ospreys down the stretch. The El Paso Ospreys came out on top by 5 points. At one stretch of the game, the El Paso Ospreys were ahead by 8 points."
536,100536,"On the road on February 9, 2026, the MIS took on the BAK at the Bakersfield Wranglers' arena. The final score was Missoula Anchors 92, Bakersfield Wranglers 77. Missoula Anchors scorer Oakley and Thackeray finished with a game-high 23 points. Bakersfield Wranglers scorer Delgado put up 18 points. The Missoula Anchors held a 43-41 edge at the half of a closely contested game. The Missoula Anchors rallied back from a 7-point deficit to come away with the win. It was Oakley who put the Missoula Anchors ahead for good late in the fourth. There was no box score entry for Wakefield of the Bakersfield Wranglers. The lead changed hands 16 times during the course of the game."
537,100537,"On February 9, 2026, the Hartford Comets traveled to face the Honolulu Miners. The Honolulu Miners won, 119-115, over the Hartford Comets. Zimmer paced the Honolulu Miners attack, scoring 35 points. For the Hartford Comets, Sawyer scored a team-high 35 points. At halftime, the Honolulu Miners were ahead 58-57 following the first two periods. The Honolulu Miners overcame a 12-point deficit at one stage to win the game. Vasquez came up with the go-ahead basket in the final stretch of the game. Rutledge paced the glass work with 10 boards. Ellison and Boone picked up enough fouls during the game to be in foul trouble."
538,100538,"On February 9, 2026, the BOI and the BAT met, with the Baton Rouge Falcons on the road. The BOI beat the BAT, 122-111. For the winners, McAllister scored 40 points. For the Baton Rouge Falcons, Bradford scored a team-high 18 points. Heading into halftime, the Boise Glaciers led 66-61 through two quarters of play. The Boise Glaciers controlled the game from start to finish, never trailing. Distributing the ball, Radford finished with 9 assists. The Boise Glaciers' largest lead of the game was 19 points."
539,100539,"On February 9, 2026, the SPO and the ELP met, with the El Paso Ospreys on the road. The El Paso Ospreys won, 112-106, over the Spokane Outlaws. El Paso Ospreys scorer Rivera finished with a game-high 26 points. Spokane Outlaws scorer Sutter put up 23 points. The El Paso Ospreys took a 56-47 lead into the locker room at the break. The El Paso Ospreys were in front the entire game, never trailing once. The El Paso Ospreys made 15 three-pointers as a team. Radford and Rivera picked up enough fouls during the game to be in foul trouble."
540,100540,"On February 9, 2026, the Fresno Bison traveled to face the Reno Ridgebacks. The FRE beat the REN, 114-111. Fresno Bison scorer Pruitt finished with a game-high 31 points. Reno Ridgebacks scorer Pruitt put up 18 points. The Fresno Bison held a 58-52 edge at the half of a closely contested game. At no point during the contest did the Fresno Bison trail. The go-ahead bucket late in the game came from Pruitt of the Fresno Bison. 11 turnovers plagued the Reno Ridgebacks. Beckett and Rivera picked up enough fouls during the game to be in foul trouble."
541,100541,"On the road on February 9, 2026, the AUS took on the ANC at the Anchorage Herons' arena. The ANC beat the AUS, 122-116. Wolfe topped all scorers for the Anchorage Herons with 26 points. Austin Sentinels scorer Sawyer put up 21 points. At halftime, the Austin Sentinels were ahead 66-59 following the first two periods. The Anchorage Herons rallied back from a 7-point deficit to come away with the win. Wolfe provided the go-ahead points for the Anchorage Herons in the closing minutes. 43 bench points helped the Anchorage Herons. The Anchorage Herons led by as many as 12 points at one stage of the game."
542,100542,"The Buffalo Marshals hosted the Albuquerque Lancers on February 9, 2026. The ALE beat the BUF, 110-107. Albuquerque Lancers scorer Thackeray finished with a game-high 21 points. Sawyer and Redmond led the Buffalo Marshals with 20 points in the loss. At the break, the Albuquerque Lancers were up 60-50 after the opening two quarters. At no point during the contest did the Albuquerque Lancers trail. Thackeray hit the go-ahead jumper late in the fourth quarter. Sawyer turned in a double-double with 20 points and 11 rebounds. The Albuquerque Lancers opened up a 14-point advantage at one point in the game."
543,100543,"On the road on February 10, 2026, the BAT took on the ALE at the Albuquerque Lancers' arena. The final score was Albuquerque Lancers 138, Baton Rouge Falcons 125. Dalton led the Albuquerque Lancers with 40 points. For the Baton Rouge Falcons, Sutter scored a team-high 19 points. Heading into halftime, the Baton Rouge Falcons led 67-66 through two quarters of play. The Albuquerque Lancers rallied back from a 17-point deficit to come away with the win. Dalton delivered the decisive go-ahead score for the Albuquerque Lancers down the stretch. The final margin was 13 points. Garner picked up enough fouls during the game to be in foul trouble."
544,100544,"The Boise Glaciers held on for a 124-121 win at Missoula on February 10, 2026, with McAllister scoring 34 and Rutledge answering with 22 for the Missoula Anchors. Boise led 67-57 at halftime but had to fend off a rally after falling behind by 4 points before Preston Radford delivered the late go-ahead bucket. The Boise Glaciers' largest lead of the night reached 10 points, and Boise did it without Rivera, who was out of the lineup entirely for the road trip to Missoula."
545,100545,"The Fresno Bison hosted the Cincinnati Stallions on February 10, 2026. The Cincinnati Stallions topped the Fresno Bison, 124-91. McAllister paced the Cincinnati Stallions attack, scoring 29 points. Pruitt led the Fresno Bison with 25 points in the loss. At the break, the Cincinnati Stallions were up 55-45 after the opening two quarters. The Cincinnati Stallions were in front the entire game, never trailing once. On the boards, Bellamy finished with 11 rebounds. The Cincinnati Stallions led by as many as 40 points at one stage of the game."
546,100546,"The Columbus Voyagers hosted the Tulsa Admirals on February 11, 2026. The Columbus Voyagers defeated the Tulsa Admirals by a score of 141-137. Columbus Voyagers scorer Sinclair finished with a game-high 27 points. On the losing side, Radford scored 44 points. The Columbus Voyagers led 79-68 at the half after two competitive quarters. The Columbus Voyagers controlled the game from start to finish, never trailing. Ellison delivered the decisive go-ahead score for the Columbus Voyagers down the stretch. Dupree handed out 9 assists to lead all passers. Foul trouble limited Carver for parts of the game."
547,100547,"On February 11, 2026, the HON and the ALE met, with the Albuquerque Lancers on the road. The Albuquerque Lancers defeated the Honolulu Miners by a score of 136-108. Salazar topped all scorers for the Albuquerque Lancers with 40 points. For the Honolulu Miners, Nash and Mercer scored a team-high 14 points. At halftime, the Albuquerque Lancers were ahead 63-50 following the first two periods. The Albuquerque Lancers led wire-to-wire from the opening tip. The Albuquerque Lancers connected on 13 threes. The Albuquerque Lancers led by up to 34 points along the way to the win."
548,100548,"On the road on February 11, 2026, the ANC took on the SPO at the Spokane Outlaws' arena. The Spokane Outlaws came away with a 127-121 victory over the Anchorage Herons. Ellison-Reyes paced the Spokane Outlaws attack, scoring 36 points. Fairbanks led the Anchorage Herons with 39 points in the loss. The Spokane Outlaws held a 65-63 edge at the half of a closely contested game. The Spokane Outlaws never trailed at any point in the game. The Anchorage Herons gave the ball away 17 times. Foul trouble limited Brennan and Fairbanks for parts of the game."
549,100549,"The Bakersfield Wranglers hosted the Hartford Comets on February 11, 2026. The Hartford Comets defeated the Bakersfield Wranglers by a score of 109-103. Sawyer topped all scorers for the Hartford Comets with 33 points. On the losing side, Wakefield scored 28 points. The Hartford Comets held a 53-45 edge at the half of a closely contested game. After facing a 5-point deficit earlier in the game, the Hartford Comets came all the way back. Sawyer provided the go-ahead points for the Hartford Comets in the closing minutes. 18 bench points helped the Hartford Comets. Foul trouble was an issue at times for Brennan."
550,100550,"The Tacoma Talons hosted the Austin Sentinels on February 11, 2026. The final score was Tacoma Talons 114, Austin Sentinels 113. Langford was the top scorer for the Tacoma Talons, going for 17 points. Moreno paced the Austin Sentinels with 19 points despite the loss. The Tacoma Talons took a 62-58 lead into the locker room at the break. The Tacoma Talons controlled the game from start to finish, never trailing. Marlow hit the go-ahead jumper late in the fourth quarter. Gallagher notched a double-double, finishing with 15 points and 10 rebounds. The Tacoma Talons built a lead as big as 13 points during the game."
551,100551,"On February 11, 2026, the El Paso Ospreys welcomed the Cheyenne Pioneers at home. The El Paso Ospreys defeated the Cheyenne Pioneers by a score of 125-105. For the winners, Vance scored 31 points. Bellamy scored 29 points to lead the Cheyenne Pioneers. The El Paso Ospreys took a 63-53 lead into the locker room at the break. The El Paso Ospreys were in front the entire game, never trailing once. It finished as a 20-point game. The El Paso Ospreys led by up to 25 points along the way to the win."
552,100552,"On February 11, 2026, the Boise Glaciers traveled to face the Fresno Bison. The Boise Glaciers came away with a 94-88 victory over the Fresno Bison. McAllister was the top scorer for the Boise Glaciers, going for 31 points. Fresno Bison scorer Mercer put up 18 points. The Boise Glaciers took a 48-44 lead into the locker room at the break. The Boise Glaciers erased a 4-point hole along the way to close out the win. The go-ahead bucket late in the game came from McAllister of the Boise Glaciers. Rivera did not suit up for the Boise Glaciers. Bellamy dealt with foul trouble over the course of the game."
553,100553,"Salazar's 35 points sent the El Paso Ospreys to a 105-101 road win over the Richmond Kestrels on February 12, 2026, with Montgomery's 20 leading Richmond in the loss. El Paso held a 53-45 edge at the break, then had to dig out of a 3-point deficit before Ezekiel Sinclair put the El Paso Ospreys ahead for good late in the fourth. Montgomery also finished with 9 rebounds for the Richmond Kestrels, and El Paso's cushion peaked at 10 points along the way to the win."
554,100554,"The Cheyenne Pioneers never trailed on February 12, 2026, cruising to a 121-93 home win over the Reno Ridgebacks behind Pruitt's 23 points. Delgado led Reno with 20 in the loss. Cheyenne was already up 57-47 at halftime, and Fairbanks orchestrated the offense with a team-high 14 assists as the Pioneers pulled away. Easton was limited by foul trouble for Reno, unable to slow down a Cheyenne Pioneers team that led wire to wire from the opening tip all the way through."
555,100555,"The Newark Mustangs hosted the Anchorage Herons on February 12, 2026. The final score was Newark Mustangs 134, Anchorage Herons 127. Sheffield led the Newark Mustangs with 42 points. On the losing side, Fairbanks scored 39 points. The Anchorage Herons held a 68-66 edge at the half of a closely contested game. Down by as many as 5 points during the game, the Newark Mustangs still found a way to win. Brennan provided the go-ahead points for the Newark Mustangs in the closing minutes. 18 made threes came from the Newark Mustangs. Gentry and Godfrey and Sheffield battled foul trouble for stretches of the game."
556,100556,"Emerson poured in 25 points as the Honolulu Miners never let the Providence Skylarks back into it, winning 125-109 on the road on February 19, 2026. Marlow answered with 21, but Providence's 20 turnovers doomed any hope of a comeback. Honolulu was already ahead 63-60 by halftime and stretched the margin to 17 points before the final buzzer, while Ezekiel Mercer battled foul trouble for the Skylarks throughout a game the Honolulu Miners controlled from start to finish without ever loosening their grip."
557,100557,"The Spokane Outlaws visited the Louisville Nomads on February 19, 2026. The final score was Louisville Nomads 124, Spokane Outlaws 116. Garner and Vance topped all scorers for the Louisville Nomads with 29 points. Carver led the Spokane Outlaws with 30 points in the loss. The Louisville Nomads led 67-52 at the half after two competitive quarters. The Louisville Nomads led wire-to-wire from the opening tip. Reserves for the Louisville Nomads scored 35 points. Foul trouble limited Sutter and Vance for parts of the game."
558,100558,"It was 48-48 at halftime between the El Paso Ospreys and the Richmond Kestrels on February 19, 2026, before Richmond took over, leading wire to wire the rest of the way to a 109-99 win. Gallagher scored 24 to pace the Richmond Kestrels, while Salazar answered with 31 for El Paso in defeat. Richmond's advantage grew to as much as 13 points, and the Kestrels ultimately won it by 10 in a game that flipped entirely once the second half began."
559,100559,"On February 19, 2026, the Bakersfield Wranglers welcomed the Baton Rouge Falcons at home. The Bakersfield Wranglers defeated the Baton Rouge Falcons by a score of 120-111. Wakefield led the Bakersfield Wranglers with 23 points. Castellano paced the Baton Rouge Falcons with 31 points despite the loss. Heading into halftime, the Bakersfield Wranglers led 61-54 through two quarters of play. Down by as many as 7 points during the game, the Bakersfield Wranglers still found a way to win. Wakefield hit the go-ahead jumper late in the fourth quarter. The Bakersfield Wranglers came out on top by 9 points. The Bakersfield Wranglers' largest lead of the game was 20 points."
560,100560,"On the road on February 19, 2026, the TUL took on the CHE at the Cheyenne Pioneers' arena. The Tulsa Admirals topped the Cheyenne Pioneers, 115-105. Rutledge was the top scorer for the Tulsa Admirals, going for 24 points. Fairbanks led the Cheyenne Pioneers with 21 points in the loss. At halftime, the Tulsa Admirals were ahead 55-49 following the first two periods. The Tulsa Admirals never trailed at any point in the game. There was no box score entry for Radford of the Tulsa Admirals. Mercer picked up enough fouls during the game to be in foul trouble."
561,100561,"On February 20, 2026, the PRO and the ALE met, with the Albuquerque Lancers on the road. The final score was Albuquerque Lancers 126, Providence Skylarks 110. Albuquerque Lancers scorer Farrell finished with a game-high 26 points. Marlow paced the Providence Skylarks with 25 points despite the loss. The Albuquerque Lancers led 66-56 at the half after two competitive quarters. The Albuquerque Lancers did not trail at any point in the game. Marlow cleaned up 14 rebounds to lead all players. Abbott and Salazar battled foul trouble for stretches of the game."
562,100562,"The Anchorage Herons visited the Louisville Nomads on February 20, 2026. The final score was Louisville Nomads 124, Anchorage Herons 121. Vance paced the Louisville Nomads attack, scoring 29 points. For the Anchorage Herons, Fairbanks scored a team-high 32 points. The Anchorage Herons took a 60-58 lead into the locker room at the break. The Louisville Nomads rallied back from a 7-point deficit to come away with the win. The go-ahead bucket late in the game came from Rivera of the Louisville Nomads. Vance set the pace with 10 assists. The Louisville Nomads led by up to 12 points along the way to the win."
563,100563,"Carver's 28 points headlined a night in which the Spokane Outlaws never trailed, cruising to a 136-109 road win over the Bakersfield Wranglers on February 20, 2026. Wakefield tried to keep pace with 23 for Bakersfield, but Spokane had already opened a 72-57 halftime lead and later pushed the gap to 27 points, knocking down 15 shots from beyond the arc in a comfortable wire-to-wire victory that was never seriously threatened by the Wranglers at any single stage of the contest."
564,100564,"On February 20, 2026, the Austin Sentinels welcomed the Tacoma Talons at home. The Tacoma Talons came away with a 133-112 victory over the Austin Sentinels. Sutter paced the Tacoma Talons attack, scoring 21 points. For the Austin Sentinels, Sawyer scored a team-high 24 points. The Tacoma Talons led 67-59 at the half after two competitive quarters. The Tacoma Talons did not trail at any point in the game. The Austin Sentinels coughed it up 16 times. The Tacoma Talons built a lead as big as 24 points during the game."
565,100565,"On February 20, 2026, the Cheyenne Pioneers welcomed the Missoula Anchors at home. The MIS beat the CHE, 135-119. Rutledge was the top scorer for the Missoula Anchors, going for 31 points. Vance paced the Cheyenne Pioneers with 28 points despite the loss. The Missoula Anchors led 69-54 at the half after two competitive quarters. The Missoula Anchors did not trail at any point in the game. The Missoula Anchors bench unit produced 41 points. The Missoula Anchors' largest lead of the game was 26 points."
566,100566,"On February 20, 2026, the Nashville Tempest traveled to face the Reno Ridgebacks. The Nashville Tempest topped the Reno Ridgebacks, 131-94. For the winners, Nash scored 30 points. Garner led the Reno Ridgebacks with 17 points in the loss. At the break, the Nashville Tempest were up 61-48 after the opening two quarters. At no point during the contest did the Nashville Tempest trail. Garner added a double-double, going for 17 points and 4 assists. The Nashville Tempest' largest lead of the game was 40 points."
567,100567,"Devonte Nash delivered a 36-point performance and the late go-ahead bucket as the Nashville Tempest stunned the host Honolulu Miners, 110-109, on February 21, 2026. Sinclair led Honolulu with 22 in the loss. The Honolulu Miners were up 59-58 at the break, but Nashville rallied from a 7-point deficit, building a lead of up to 9 points before closing it out by 1 point in a game that came down to the final possession between the two teams, with Honolulu unable to answer down the stretch."
568,100568,"On February 21, 2026, the Buffalo Marshals welcomed the Spokane Outlaws at home. The final score was Spokane Outlaws 116, Buffalo Marshals 107. For the winners, Sutter scored 27 points. Thornton paced the Buffalo Marshals with 21 points despite the loss. The Spokane Outlaws took a 58-57 lead into the locker room at the break. After facing a 2-point deficit earlier in the game, the Spokane Outlaws came all the way back. Sutter came up with the go-ahead basket in the final stretch of the game. Garner did not suit up for the Buffalo Marshals. The Spokane Outlaws built a lead as big as 11 points during the game."
569,100569,"On February 21, 2026, the Albany Condors traveled to face the Anchorage Herons. The final score was Anchorage Herons 103, Albany Condors 84. Wolfe topped all scorers for the Anchorage Herons with 30 points. Easton scored 23 points to lead the Albany Condors. Heading into halftime, the Anchorage Herons led 52-44 through two quarters of play. Down by as many as 4 points during the game, the Anchorage Herons still found a way to win. Wolfe came up with the go-ahead basket in the final stretch of the game. Wolfe controlled the glass with 12 rebounds. The lead changed hands 2 times during the course of the game."
570,100570,"The Grand Rapids Drifters hosted the Missoula Anchors on February 21, 2026. The Missoula Anchors came away with a 121-112 victory over the Grand Rapids Drifters. Missoula Anchors scorer Thackeray finished with a game-high 27 points. Salazar paced the Grand Rapids Drifters with 20 points despite the loss. Heading into halftime, the Grand Rapids Drifters led 62-60 through two quarters of play. The Missoula Anchors erased a 7-point hole along the way to close out the win. Keller came up with the go-ahead basket in the final stretch of the game. Emerson set the pace with 9 assists. Holloway spent stretches of the game in foul trouble."
571,100571,"On February 21, 2026, the TAC and the ALE met, with the Albuquerque Lancers on the road. The Albuquerque Lancers topped the Tacoma Talons, 126-113. Holloway paced the Albuquerque Lancers attack, scoring 27 points. Bradford and Maddox and Vance paced the Tacoma Talons with 17 points despite the loss. The Albuquerque Lancers led 67-61 at the half after two competitive quarters. The Albuquerque Lancers never trailed at any point in the game. 10 made threes came from the Albuquerque Lancers. The Albuquerque Lancers' largest lead of the game was 16 points."
572,100572,"Landon McAllister's late go-ahead basket lifted the Newark Mustangs past the visiting El Paso Ospreys, 108-106, on February 22, 2026, in a game that saw 12 lead changes. Sheffield led the Newark Mustangs with 25 points, while Salazar answered with 30 for El Paso. Newark led 54-53 at the half and was down by as many as 2 points before rallying past the Ospreys. El Paso's 19 turnovers proved costly, and Antoine Quigley battled foul trouble on the El Paso side throughout the contest."
573,100573,"The Tacoma Talons hosted the Hartford Comets on February 22, 2026. The final score was Hartford Comets 113, Tacoma Talons 94. Rutledge paced the Hartford Comets attack, scoring 25 points. Langford and Thackeray paced the Tacoma Talons with 13 points despite the loss. The Hartford Comets led 54-48 at the half after two competitive quarters. The Hartford Comets overcame a 1-point deficit at one stage to win the game. Boone came up with the go-ahead basket in the final stretch of the game. 37 bench points helped the Hartford Comets. Lambert battled foul trouble for stretches of the game."
574,100574,"On the road on February 22, 2026, the ANC took on the GRA at the Grand Rapids Drifters' arena. The final score was Anchorage Herons 136, Grand Rapids Drifters 118. Fairbanks paced the Anchorage Herons attack, scoring 28 points. Grand Rapids Drifters scorer Salazar put up 21 points. The Anchorage Herons took a 68-58 lead into the locker room at the break. The Anchorage Herons controlled the game from start to finish, never trailing. Fairbanks posted a double-double with 28 points and 3 rebounds. The Anchorage Herons led by as many as 20 points at one stage of the game."
575,100575,"On February 22, 2026, the BIR and the REN met, with the Reno Ridgebacks on the road. The final score was Birmingham Foxes 121, Reno Ridgebacks 112. For the winners, Holloway scored 18 points. On the losing side, Kirby scored 35 points. Heading into halftime, the Birmingham Foxes led 58-57 through two quarters of play. The Birmingham Foxes trailed by 2 points at one stage before pulling away for good. Ashby hit the go-ahead jumper late in the fourth quarter. The Birmingham Foxes came out on top by 4 points. The game featured 18 lead changes before it was finally decided."
576,100576,"On February 22, 2026, the Austin Sentinels traveled to face the Missoula Anchors. The Missoula Anchors topped the Austin Sentinels, 122-115. Thackeray led the Missoula Anchors with 29 points. Cortez led the Austin Sentinels with 25 points in the loss. The Austin Sentinels took a 61-58 lead into the locker room at the break. The Missoula Anchors trailed by 8 points at one stage before pulling away for good. Rutledge delivered the decisive go-ahead score for the Missoula Anchors down the stretch. The Missoula Anchors were without regular contributor McAllister. The Missoula Anchors' largest lead of the game was 15 points."
577,100577,"Samir Zimmer hit the go-ahead jumper late in the fourth as the Spokane Outlaws held off the Cincinnati Stallions, 121-113, on February 22, 2026, leading 61-57 at the half after overcoming an earlier 6-point deficit. Radford topped Spokane with 22 points, while Brennan, Ellison, and McAllister each had 20 for Cincinnati. Zimmer also led all rebounders with 15, and the Spokane Outlaws's largest lead of the night was 10 points; Kamari Radford and Samir Ellison both dealt with foul trouble in the contest."
578,100578,"On February 22, 2026, the BOI and the FRE met, with the Fresno Bison on the road. The Fresno Bison defeated the Boise Glaciers by a score of 115-96. For the winners, Pruitt scored 41 points. For the Boise Glaciers, McAllister scored a team-high 23 points. The Fresno Bison took a 55-51 lead into the locker room at the break. The Fresno Bison rallied back from a 6-point deficit to come away with the win. Beckett provided the go-ahead points for the Fresno Bison in the closing minutes. Distributing the ball, Nash finished with 6 assists. The two teams traded the lead 18 times during the contest."
579,100579,"Salazar's 26 points led the way as the El Paso Ospreys never trailed in a 102-95 home win over the Fresno Bison on February 23, 2026. Pruitt answered with 24 for Fresno, but El Paso was already up 54-50 at the break and connected on 14 made threes down the stretch. Owen Nash battled foul trouble for Fresno, unable to slow an Ospreys offense that never lost its rhythm from the opening tip all the way to the final buzzer of the night."
580,100580,"On February 23, 2026, the Reno Ridgebacks traveled to face the Austin Sentinels. The Reno Ridgebacks defeated the Austin Sentinels by a score of 123-114. Reno Ridgebacks scorer Jennings finished with a game-high 25 points. On the losing side, Emerson scored 21 points. The Reno Ridgebacks held a 63-57 edge at the half of a closely contested game. The Reno Ridgebacks led wire-to-wire from the opening tip. The Austin Sentinels committed 17 turnovers. The Reno Ridgebacks led by as many as 17 points at one stage of the game."
581,100581,"The Boise Glaciers hosted the Tulsa Admirals on February 23, 2026. The Tulsa Admirals came away with a 119-115 victory over the Boise Glaciers. Rutledge topped all scorers for the Tulsa Admirals with 30 points. McAllister led the Boise Glaciers with 35 points in the loss. At the break, the Tulsa Admirals were up 63-52 after the opening two quarters. At no point during the contest did the Tulsa Admirals trail. Alder hit the go-ahead jumper late in the fourth quarter. Non-starters for the Tulsa Admirals combined for 15 points. Foul trouble was an issue at times for Sawyer."
582,100582,"On February 24, 2026, the Anchorage Herons welcomed the Cincinnati Stallions at home. The Cincinnati Stallions came away with a 119-117 victory over the Anchorage Herons. McAllister led the Cincinnati Stallions with 32 points. Wolfe paced the Anchorage Herons with 22 points despite the loss. The Cincinnati Stallions took a 64-61 lead into the locker room at the break. The Cincinnati Stallions overcame a 2-point deficit at one stage to win the game. Brennan hit the go-ahead jumper late in the fourth quarter. Fairbanks recorded a double-double at 17 points and 11 assists. Foul trouble limited Mercer and Bellamy for parts of the game."
583,100583,"On the road on February 24, 2026, the NAS took on the FRE at the Fresno Bison' arena. The final score was Nashville Tempest 111, Fresno Bison 109. Keller led the Nashville Tempest with 36 points. For the Fresno Bison, Pruitt scored a team-high 37 points. At the break, the Fresno Bison were up 56-54 after the opening two quarters. The Nashville Tempest trailed by 12 points at one stage before pulling away for good. Thackeray came up with the go-ahead basket in the final stretch of the game. The Nashville Tempest won it by 2. The Nashville Tempest led by as many as 5 points at one stage of the game."
584,100584,"On February 24, 2026, the Baton Rouge Falcons welcomed the Reno Ridgebacks at home. The REN beat the BAT, 130-121. For the winners, Farrell scored 29 points. Castellano led the Baton Rouge Falcons with 36 points in the loss. The Baton Rouge Falcons took a 65-64 lead into the locker room at the break. After facing a 12-point deficit earlier in the game, the Reno Ridgebacks came all the way back. Farrell hit the go-ahead jumper late in the fourth quarter. Whitaker sat out for the Reno Ridgebacks, absent from the box score. 3 lead changes kept the outcome in doubt until late in the game."
585,100585,"On the road on February 24, 2026, the RAL took on the TUL at the Tulsa Admirals' arena. The Raleigh Wardens topped the Tulsa Admirals, 123-111. For the winners, Ramsey scored 27 points. For the Tulsa Admirals, Carver scored a team-high 25 points. The Tulsa Admirals led 62-61 at the half after two competitive quarters. Down by as many as 4 points during the game, the Raleigh Wardens still found a way to win. Oakley came up with the go-ahead basket in the final stretch of the game. On the boards, Ramsey finished with 14 rebounds. The Raleigh Wardens built a lead as big as 12 points during the game."
586,100586,"On the road on February 24, 2026, the SPO took on the HON at the Honolulu Miners' arena. The Spokane Outlaws won, 119-110, over the Honolulu Miners. Carver paced the Spokane Outlaws attack, scoring 23 points. For the Honolulu Miners, Emerson scored a team-high 22 points. Heading into halftime, the Spokane Outlaws led 60-58 through two quarters of play. The Spokane Outlaws controlled the game from start to finish, never trailing. Emerson set the pace with 10 assists. The Spokane Outlaws led by as many as 12 points at one stage of the game."
587,100587,"Thornton's team-high 21 points sent the Buffalo Marshals past the visiting Cheyenne Pioneers, 107-100, on February 24, 2026, with Bellamy leading Cheyenne with 27 in the loss. The Buffalo Marshals never trailed, holding a 54-47 edge at the half and knocking down 12 three-pointers as a team along the way. Ronan Radford dealt with foul trouble for Cheyenne over the course of the game, but it did little to slow the Marshals' win over the Cheyenne Pioneers, who trailed throughout and never mounted a real threat."
588,100588,"The Anchorage Herons hosted the Spokane Outlaws on February 25, 2026. The Spokane Outlaws defeated the Anchorage Herons by a score of 121-111. Ellison-Reyes (KER) paced the Spokane Outlaws attack, scoring 34 points. For the Anchorage Herons, Rutledge scored a team-high 29 points. At halftime, the Spokane Outlaws were ahead 58-56 following the first two periods. Down by as many as 1 points during the game, the Spokane Outlaws still found a way to win. The go-ahead bucket late in the game came from Ellison-Reyes of the Spokane Outlaws. The Anchorage Herons committed 17 turnovers. Foul trouble was an issue at times for Nash."
589,100589,"Mateo Pemberton's late go-ahead jumper capped a 128-126 comeback win for the Boise Glaciers over the host Buffalo Marshals on February 25, 2026. McAllister led Boise with 30 points, while Sawyer answered with 25 for Buffalo. The Boise Glaciers led 63-58 at the break after overcoming an earlier 7-point deficit, with reserves contributing 37 points; Boise's largest lead of the night, by contrast, was only 5 points in a game that stayed tight against the Marshals until the very end."
590,100590,"Dante Rivera delivered both the go-ahead score and a double-double, 11 points and 12 rebounds, as the Bakersfield Wranglers held off the Nashville Tempest, 113-110, at home on February 25, 2026. Yates led Bakersfield with 27 points, while Keller paced Nashville with 34 in the loss. The Bakersfield Wranglers never trailed, up 57-51 at halftime, despite foul trouble limiting both Samir Emerson and Maurice Keller for Nashville as they closed out the home win over Nashville without ever giving up control of the game."
591,100591,"On February 25, 2026, the Austin Sentinels welcomed the Cheyenne Pioneers at home. The AUS beat the CHE, 123-114. Cortez paced the Austin Sentinels attack, scoring 23 points. Fairbanks scored 24 points to lead the Cheyenne Pioneers. It was even, 58-58, at the break following a back-and-forth opening half. The Austin Sentinels trailed by 4 points at one stage before pulling away for good. Godfrey provided the go-ahead points for the Austin Sentinels in the closing minutes. The margin of victory was 9 points. Pruitt and Cortez dealt with foul trouble over the course of the game."
592,100592,"On February 25, 2026, the TAC and the HON met, with the Honolulu Miners on the road. The Honolulu Miners topped the Tacoma Talons, 129-101. Honolulu Miners scorer Sinclair finished with a game-high 26 points. On the losing side, Thackeray scored 14 points. At halftime, the Honolulu Miners were ahead 68-51 following the first two periods. The Honolulu Miners were in front the entire game, never trailing once. Ocampo sat out for the Honolulu Miners, absent from the box score. At one stretch of the game, the Honolulu Miners were ahead by 34 points."
593,100593,"On February 26, 2026, the Reno Ridgebacks welcomed the Austin Sentinels at home. The AUS beat the REN, 129-125. Moreno topped all scorers for the Austin Sentinels with 28 points. Brennan led the Reno Ridgebacks with 24 points in the loss. At the break, the Reno Ridgebacks were up 66-65 after the opening two quarters. The Austin Sentinels rallied back from a 5-point deficit to come away with the win. The go-ahead bucket late in the game came from Moreno of the Austin Sentinels. On the boards, Brennan finished with 15 rebounds. The game featured 4 lead changes before it was finally decided."
594,100594,"Sinclair's 38 points led the Honolulu Miners past the visiting Fresno Bison on February 26, 2026, a 125-122 win in which Honolulu led 65-61 at the break after erasing an earlier 3-point deficit. Pruitt scored 31 in the loss for Fresno. Lorenzo Zimmer supplied the late go-ahead bucket for the Honolulu Miners, while Emerson dished out 11 assists to lead all passers. Owen Bellamy and Owen Nash both battled foul trouble over the course of the game for Fresno, which needed every one of its answers down the stretch."
595,100595,"On February 26, 2026, the DES and the CHE met, with the Cheyenne Pioneers on the road. The Cheyenne Pioneers came away with a 131-122 victory over the Des Moines Vultures. For the winners, Bellamy scored 27 points. For the Des Moines Vultures, Hargrove and Wakefield scored a team-high 24 points. The Cheyenne Pioneers took a 63-62 lead into the locker room at the break. The Cheyenne Pioneers overcame a 6-point deficit at one stage to win the game. Vance provided the go-ahead points for the Cheyenne Pioneers in the closing minutes. The Cheyenne Pioneers made 13 three-pointers as a team. The Cheyenne Pioneers led by as many as 16 points at one stage of the game."
596,100596,"The Raleigh Wardens hosted the El Paso Ospreys on February 26, 2026. The Raleigh Wardens won, 115-105, over the El Paso Ospreys. Raleigh Wardens scorer Ramsey finished with a game-high 24 points. For the El Paso Ospreys, Salazar scored a team-high 32 points. The Raleigh Wardens held a 67-52 edge at the half of a closely contested game. The Raleigh Wardens did not trail at any point in the game. 10 turnovers plagued the El Paso Ospreys. The Raleigh Wardens opened up a 15-point advantage at one point in the game."
597,100597,"On February 26, 2026, the Albuquerque Lancers welcomed the Nashville Tempest at home. The Albuquerque Lancers defeated the Nashville Tempest by a score of 112-103. Salazar topped all scorers for the Albuquerque Lancers with 25 points. For the Nashville Tempest, Keller scored a team-high 25 points. The Albuquerque Lancers led 65-51 at the half after two competitive quarters. After facing a 5-point deficit earlier in the game, the Albuquerque Lancers came all the way back. Salazar came up with the go-ahead basket in the final stretch of the game. The Albuquerque Lancers got 39 points off the bench. Foul trouble limited Emerson for parts of the game."
598,100598,"The Spokane Outlaws hosted the Providence Skylarks on February 26, 2026. The Spokane Outlaws topped the Providence Skylarks, 105-86. Yates topped all scorers for the Spokane Outlaws with 21 points. Marlow led the Providence Skylarks with 22 points in the loss. The Spokane Outlaws led 52-38 at the half after two competitive quarters. The Spokane Outlaws did not trail at any point in the game. The final margin was 19 points. The Spokane Outlaws led by as many as 21 points at one stage of the game."
599,100599,"The Bakersfield Wranglers visited the Missoula Anchors on February 26, 2026. The Bakersfield Wranglers defeated the Missoula Anchors by a score of 130-125. Delgado was the top scorer for the Bakersfield Wranglers, going for 30 points. For the Missoula Anchors, Thackeray scored a team-high 23 points. At the break, the Bakersfield Wranglers were up 65-62 after the opening two quarters. The Bakersfield Wranglers controlled the game from start to finish, never trailing. Gallagher provided the go-ahead points for the Bakersfield Wranglers in the closing minutes. The margin of victory was 5 points. The Bakersfield Wranglers opened up a 14-point advantage at one point in the game."
600,100600,"On February 27, 2026, the Anchorage Herons traveled to face the Missoula Anchors. The final score was Anchorage Herons 157, Missoula Anchors 103. Wolfe was the top scorer for the Anchorage Herons, going for 32 points. Missoula Anchors scorer Rutledge put up 19 points. The Anchorage Herons took a 81-57 lead into the locker room at the break. The Anchorage Herons did not trail at any point in the game. Rhodes sat out for the Anchorage Herons, absent from the box score. The Anchorage Herons led by as many as 54 points at one stage of the game."
601,100601,"On February 27, 2026, the Fresno Bison welcomed the Hartford Comets at home. The HAR beat the FRE, 128-113. Boone paced the Hartford Comets attack, scoring 29 points. Pruitt scored 29 points to lead the Fresno Bison. Heading into halftime, the Hartford Comets led 62-57 through two quarters of play. The Hartford Comets overcame a 7-point deficit at one stage to win the game. Sawyer delivered the decisive go-ahead score for the Hartford Comets down the stretch. Hargrove controlled the glass with 16 rebounds. The Hartford Comets led by up to 15 points along the way to the win."
602,100602,"On February 28, 2026, the Fresno Bison welcomed the Anchorage Herons at home. The Fresno Bison topped the Anchorage Herons, 115-114. Bellamy was the top scorer for the Fresno Bison, going for 38 points. Wolfe led the Anchorage Herons with 22 points in the loss. At halftime, the Fresno Bison were ahead 57-51 following the first two periods. After facing a 2-point deficit earlier in the game, the Fresno Bison came all the way back. Beckett delivered the decisive go-ahead score for the Fresno Bison down the stretch. Nash set the pace with 8 assists. The lead changed hands 10 times during the course of the game."
603,100603,"On February 28, 2026, the Boise Glaciers welcomed the Jacksonville Cobras at home. The Boise Glaciers won, 138-116, over the Jacksonville Cobras. McAllister paced the Boise Glaciers attack, scoring 30 points. Brennan paced the Jacksonville Cobras with 38 points despite the loss. The Boise Glaciers led 64-58 at the half after two competitive quarters. At no point during the contest did the Boise Glaciers trail. The Boise Glaciers made 16 three-pointers as a team. Foul trouble limited Brennan for parts of the game."
604,100604,"On February 28, 2026, the PRO and the BAT met, with the Baton Rouge Falcons on the road. The BAT beat the PRO, 123-114. For the winners, Montgomery scored 22 points. On the losing side, Marlow scored 26 points. At halftime, the Baton Rouge Falcons were ahead 58-56 following the first two periods. The Baton Rouge Falcons were in front the entire game, never trailing once. Turnovers were an issue for the Providence Skylarks, who had 11. At one stretch of the game, the Baton Rouge Falcons were ahead by 10 points."
605,100605,"The El Paso Ospreys hosted the Albany Condors on February 28, 2026. The Albany Condors won, 114-93, over the El Paso Ospreys. For the winners, Winslow scored 28 points. Salazar led the El Paso Ospreys with 15 points in the loss. At halftime, the Albany Condors were ahead 61-45 following the first two periods. The Albany Condors trailed by 6 points at one stage before pulling away for good. It was Rutledge who put the Albany Condors ahead for good late in the fourth. Reserves for the Albany Condors scored 31 points. It was a back-and-forth affair, with 12 lead changes along the way."
606,100606,"The Reno Ridgebacks visited the Jacksonville Cobras on March 1, 2026. The Jacksonville Cobras defeated the Reno Ridgebacks by a score of 123-113. Brennan led the Jacksonville Cobras with 27 points. Delgado scored 22 points to lead the Reno Ridgebacks. Heading into halftime, the Jacksonville Cobras led 63-54 through two quarters of play. Down by as many as 2 points during the game, the Jacksonville Cobras still found a way to win. Rutledge hit the go-ahead jumper late in the fourth quarter. Rutledge recorded a double-double at 26 points and 10 assists. Foul trouble limited Redmond for parts of the game."
607,100607,"On March 1, 2026, the AUS and the FRE met, with the Fresno Bison on the road. The Fresno Bison came away with a 123-120 victory over the Austin Sentinels. Fresno Bison scorer Pruitt finished with a game-high 28 points. For the Austin Sentinels, Moreno scored a team-high 23 points. The Austin Sentinels led 66-58 at the half after two competitive quarters. The Fresno Bison trailed by 9 points at one stage before pulling away for good. The go-ahead bucket late in the game came from Wolfe of the Fresno Bison. The Fresno Bison came out on top by 3 points. The Fresno Bison led by as many as 4 points at one stage of the game."
608,100608,"The Tacoma Talons hosted the Grand Rapids Drifters on March 1, 2026. The final score was Grand Rapids Drifters 130, Tacoma Talons 124. Salazar topped all scorers for the Grand Rapids Drifters with 41 points. Langford and Donnelly and Thackeray and Zimmer scored 17 points to lead the Tacoma Talons. Heading into halftime, the Grand Rapids Drifters led 65-61 through two quarters of play. The Grand Rapids Drifters rallied back from a 5-point deficit to come away with the win. Salazar came up with the go-ahead basket in the final stretch of the game. Holloway, normally in the rotation for the Grand Rapids Drifters, did not play. The game featured 18 lead changes before it was finally decided."
609,100609,"On March 1, 2026, the ELP and the BUF met, with the Buffalo Marshals on the road. The El Paso Ospreys topped the Buffalo Marshals, 113-99. For the winners, Salazar scored 29 points. Thornton paced the Buffalo Marshals with 25 points despite the loss. At halftime, the El Paso Ospreys were ahead 60-49 following the first two periods. The El Paso Ospreys were in front the entire game, never trailing once. Carver pulled down a game-high 12 rebounds. At one stretch of the game, the El Paso Ospreys were ahead by 14 points."
610,100610,"On March 1, 2026, the HON and the TUL met, with the Tulsa Admirals on the road. The Honolulu Miners won, 110-101, over the Tulsa Admirals. Sinclair was the top scorer for the Honolulu Miners, going for 27 points. Tulsa Admirals scorer Carver put up 24 points. The Tulsa Admirals held a 53-48 edge at the half of a closely contested game. After facing a 9-point deficit earlier in the game, the Honolulu Miners came all the way back. The go-ahead bucket late in the game came from Hastings of the Honolulu Miners. Ellison handed out 8 assists to lead all passers. The Honolulu Miners opened up a 15-point advantage at one point in the game."
611,100611,"On March 1, 2026, the PRO and the MIS met, with the Missoula Anchors on the road. The Missoula Anchors came away with a 114-95 victory over the Providence Skylarks. Keller and Keller was the top scorer for the Missoula Anchors, going for 18 points. For the Providence Skylarks, Redmond scored a team-high 17 points. The Missoula Anchors held a 57-50 edge at the half of a closely contested game. The Missoula Anchors never trailed at any point in the game. 11 made threes came from the Missoula Anchors. McAllister and Oakley and Farrell spent stretches of the game in foul trouble."
612,100612,"The Hartford Comets visited the Anchorage Herons on March 1, 2026. The ANC beat the HAR, 124-96. Anchorage Herons scorer Sawyer finished with a game-high 22 points. On the losing side, Nash scored 16 points. Heading into halftime, the Anchorage Herons led 66-48 through two quarters of play. The Anchorage Herons never trailed at any point in the game. 13 turnovers plagued the Hartford Comets. Nash and Rutledge dealt with foul trouble over the course of the game."
613,100613,"On March 2, 2026, the Missoula Anchors welcomed the Baton Rouge Falcons at home. The Baton Rouge Falcons won, 100-93, over the Missoula Anchors. Montgomery was the top scorer for the Baton Rouge Falcons, going for 26 points. For the Missoula Anchors, Rutledge scored a team-high 23 points. At the break, the Baton Rouge Falcons were up 57-48 after the opening two quarters. The Baton Rouge Falcons overcame a 6-point deficit at one stage to win the game. It was Montgomery who put the Baton Rouge Falcons ahead for good late in the fourth. The Baton Rouge Falcons got 43 points off the bench. The Baton Rouge Falcons led by up to 14 points along the way to the win."
614,100614,"On the road on March 2, 2026, the LOU took on the SPO at the Spokane Outlaws' arena. The SPO beat the LOU, 114-110. For the winners, Ellison-Reyes (KER) scored 47 points. Quigley scored 21 points to lead the Louisville Nomads. Heading into halftime, the Spokane Outlaws led 58-54 through two quarters of play. After facing a 1-point deficit earlier in the game, the Spokane Outlaws came all the way back. The go-ahead bucket late in the game came from Ellison-Reyes of the Spokane Outlaws. Quigley notched a double-double, finishing with 21 points and 10 rebounds. The two teams traded the lead 8 times during the contest."
615,100615,"On March 2, 2026, the REN and the ALE met, with the Albuquerque Lancers on the road. The ALE beat the REN, 132-104. Emerson and Salazar topped all scorers for the Albuquerque Lancers with 18 points. For the Reno Ridgebacks, Garner scored a team-high 32 points. At halftime, the Albuquerque Lancers were ahead 69-55 following the first two periods. The Albuquerque Lancers were in front the entire game, never trailing once. The margin of victory was 28 points. The Albuquerque Lancers' largest lead of the game was 33 points."
616,100616,"On the road on March 3, 2026, the GRA took on the AUS at the Austin Sentinels' arena. The AUS beat the GRA, 125-124. Dalton topped all scorers for the Austin Sentinels with 24 points. Salazar paced the Grand Rapids Drifters with 29 points despite the loss. At the break, the Grand Rapids Drifters were up 68-66 after the opening two quarters. After facing a 7-point deficit earlier in the game, the Austin Sentinels came all the way back. Pemberton delivered the decisive go-ahead score for the Austin Sentinels down the stretch. Marlow sat out for the Austin Sentinels, absent from the box score. The Austin Sentinels' largest lead of the game was 9 points."
617,100617,"On March 3, 2026, the Columbus Voyagers traveled to face the Bakersfield Wranglers. The COL beat the BAK, 108-105. Sinclair topped all scorers for the Columbus Voyagers with 26 points. On the losing side, Castellano scored 24 points. The Bakersfield Wranglers led 55-53 at the half after two competitive quarters. The Columbus Voyagers overcame a 12-point deficit at one stage to win the game. Moreno provided the go-ahead points for the Columbus Voyagers in the closing minutes. Kirby pulled down a game-high 11 rebounds. 5 lead changes kept the outcome in doubt until late in the game."
618,100618,"Sinclair poured in 41 points for the Honolulu Miners in a 116-99 home win over the Providence Skylarks on March 3, 2026, though he also spent stretches in foul trouble. Keller led Providence with 18 in the loss. Honolulu was up 60-51 at the break, then had to shake off a 3-point deficit before Zaire Ocampo put the Honolulu Miners ahead for good late in the fourth; Emerson set the table with 8 assists as Honolulu closed out the win over Providence."
619,100619,"On March 3, 2026, the Cincinnati Stallions traveled to face the Cheyenne Pioneers. The Cincinnati Stallions defeated the Cheyenne Pioneers by a score of 122-113. Maddox and McAllister was the top scorer for the Cincinnati Stallions, going for 34 points. On the losing side, Jennings scored 26 points. The Cheyenne Pioneers led 61-60 at the half after two competitive quarters. After facing a 4-point deficit earlier in the game, the Cincinnati Stallions came all the way back. Maddox hit the go-ahead jumper late in the fourth quarter. The Cincinnati Stallions connected on 6 threes. The Cincinnati Stallions led by up to 13 points along the way to the win."
620,100620,"On March 3, 2026, the FRE and the BUF met, with the Buffalo Marshals on the road. The Fresno Bison won, 119-94, over the Buffalo Marshals. For the winners, Pruitt scored 27 points. Sawyer led the Buffalo Marshals with 18 points in the loss. The Fresno Bison held a 58-45 edge at the half of a closely contested game. After facing a 3-point deficit earlier in the game, the Fresno Bison came all the way back. Mercer came up with the go-ahead basket in the final stretch of the game. The Buffalo Marshals coughed it up 11 times. There were 9 lead changes over the course of the game."
621,100621,"On March 3, 2026, the TUL and the BIR met, with the Birmingham Foxes on the road. The TUL beat the BIR, 138-118. Radford led the Tulsa Admirals with 24 points. Keller led the Birmingham Foxes with 20 points in the loss. At the break, the Tulsa Admirals were up 61-56 after the opening two quarters. The Tulsa Admirals rallied back from a 6-point deficit to come away with the win. Carver hit the go-ahead jumper late in the fourth quarter. Reserves for the Tulsa Admirals scored 48 points. The Tulsa Admirals built a lead as big as 23 points during the game."
622,100622,"On March 4, 2026, the Austin Sentinels welcomed the Albuquerque Lancers at home. The Albuquerque Lancers topped the Austin Sentinels, 123-98. Albuquerque Lancers scorer Thackeray and Salazar finished with a game-high 19 points. Sawyer paced the Austin Sentinels with 20 points despite the loss. At the break, the Albuquerque Lancers were up 58-48 after the opening two quarters. The Albuquerque Lancers never trailed at any point in the game. Salazar posted a double-double with 19 points and 15 rebounds. At one stretch of the game, the Albuquerque Lancers were ahead by 32 points."
623,100623,"On the road on March 4, 2026, the MIS took on the FRE at the Fresno Bison' arena. The final score was Missoula Anchors 114, Fresno Bison 104. Rutledge led the Missoula Anchors with 30 points. Pruitt paced the Fresno Bison with 23 points despite the loss. It was even, 54-54, at the break following a back-and-forth opening half. Down by as many as 1 points during the game, the Missoula Anchors still found a way to win. The go-ahead bucket late in the game came from Keller of the Missoula Anchors. It finished as a 10-point game. 10 lead changes kept the outcome in doubt until late in the game."
624,100624,"Samir Gentry's late go-ahead basket put the finishing touch on a 129-93 rout as the Anchorage Herons handled the visiting El Paso Ospreys on March 4, 2026. Fairbanks led Anchorage with 30 points, while Zimmer scored 16 for El Paso. The Anchorage Herons had already climbed back from a 6-point deficit to lead 73-50 at halftime, and their advantage eventually swelled to 43 points, the largest of the night; Quigley, a rotation regular for the El Paso Ospreys, never appeared in the box score."
625,100625,"The Honolulu Miners hosted the Reno Ridgebacks on March 4, 2026. The Honolulu Miners topped the Reno Ridgebacks, 128-104. Sinclair led the Honolulu Miners with 28 points. Rivera paced the Reno Ridgebacks with 26 points despite the loss. The Honolulu Miners led 67-46 at the half after two competitive quarters. The Honolulu Miners led wire-to-wire from the opening tip. On the boards, Garner finished with 13 rebounds. The Honolulu Miners' largest lead of the game was 28 points."
626,100626,"On March 5, 2026, the BOI and the BUF met, with the Buffalo Marshals on the road. The Boise Glaciers topped the Buffalo Marshals, 115-107. Boise Glaciers scorer McAllister finished with a game-high 22 points. Thornton led the Buffalo Marshals with 25 points in the loss. At the break, the Buffalo Marshals were up 61-55 after the opening two quarters. The Boise Glaciers trailed by 6 points at one stage before pulling away for good. The go-ahead bucket late in the game came from Lockhart of the Boise Glaciers. Redmond dished out a team-high 7 assists. The lead changed hands 3 times during the course of the game."
627,100627,"The Birmingham Foxes visited the Cheyenne Pioneers on March 5, 2026. The BIR beat the CHE, 133-110. For the winners, Thackeray scored 26 points. Jennings led the Cheyenne Pioneers with 24 points in the loss. At halftime, the Birmingham Foxes were ahead 72-54 following the first two periods. The Birmingham Foxes were in front the entire game, never trailing once. The Birmingham Foxes hit 13 three-pointers. Moreno picked up enough fouls during the game to be in foul trouble."
628,100628,"On March 5, 2026, the Fresno Bison welcomed the Albuquerque Lancers at home. The ALE beat the FRE, 119-115. Albuquerque Lancers scorer Dalton finished with a game-high 23 points. Cortez led the Fresno Bison with 25 points in the loss. At the break, the Albuquerque Lancers were up 64-58 after the opening two quarters. Down by as many as 2 points during the game, the Albuquerque Lancers still found a way to win. The go-ahead bucket late in the game came from Dalton of the Albuquerque Lancers. Ball security was a problem, with the Fresno Bison turning it over 13 times. At one stretch of the game, the Albuquerque Lancers were ahead by 12 points."
629,100629,"On March 5, 2026, the REN and the TUL met, with the Tulsa Admirals on the road. The final score was Tulsa Admirals 133, Reno Ridgebacks 123. Carver topped all scorers for the Tulsa Admirals with 23 points. On the losing side, Farrell scored 29 points. Heading into halftime, the Tulsa Admirals led 72-69 through two quarters of play. The Tulsa Admirals were in front the entire game, never trailing once. The Tulsa Admirals got 50 points off the bench. Foul trouble was an issue at times for Mercer and Carver."
630,100630,"The Bakersfield Wranglers visited the Columbus Voyagers on March 5, 2026. The final score was Bakersfield Wranglers 129, Columbus Voyagers 114. Brennan led the Bakersfield Wranglers with 27 points. Dupree paced the Columbus Voyagers with 33 points despite the loss. At halftime, the Bakersfield Wranglers were ahead 63-55 following the first two periods. After facing a 1-point deficit earlier in the game, the Bakersfield Wranglers came all the way back. The go-ahead bucket late in the game came from Castellano of the Bakersfield Wranglers. Maddox added a double-double, going for 12 points and 4 assists. The Bakersfield Wranglers led by as many as 18 points at one stage of the game."
631,100631,"On March 5, 2026, the Providence Skylarks welcomed the Spokane Outlaws at home. The Spokane Outlaws topped the Providence Skylarks, 121-92. Yates paced the Spokane Outlaws attack, scoring 26 points. For the Providence Skylarks, Sinclair scored a team-high 15 points. At halftime, the Spokane Outlaws were ahead 60-45 following the first two periods. The Spokane Outlaws did not trail at any point in the game. The Spokane Outlaws came out on top by 29 points. The Spokane Outlaws led by as many as 34 points at one stage of the game."
632,100632,"On March 5, 2026, the AUS and the ANC met, with the Anchorage Herons on the road. The Austin Sentinels defeated the Anchorage Herons by a score of 125-118. For the winners, Moreno scored 21 points. Anchorage Herons scorer Wolfe put up 29 points. The Austin Sentinels held a 61-58 edge at the half of a closely contested game. The Austin Sentinels led wire-to-wire from the opening tip. Rhodes, normally in the rotation for the Anchorage Herons, did not play. Sawyer picked up enough fouls during the game to be in foul trouble."
633,100633,"The Grand Rapids Drifters hosted the El Paso Ospreys on March 5, 2026. The final score was Grand Rapids Drifters 132, El Paso Ospreys 124. For the winners, Holloway scored 25 points. Salazar scored 40 points to lead the El Paso Ospreys. At the break, the Grand Rapids Drifters were up 72-66 after the opening two quarters. The Grand Rapids Drifters were in front the entire game, never trailing once. Carver pulled down a game-high 13 rebounds. Foul trouble was an issue at times for Zimmer."
634,100634,"The Providence Skylarks visited the Missoula Anchors on March 6, 2026. The Missoula Anchors won, 134-99, over the Providence Skylarks. Missoula Anchors scorer Keller finished with a game-high 35 points. Pemberton scored 18 points to lead the Providence Skylarks. At halftime, the Missoula Anchors were ahead 69-52 following the first two periods. The Missoula Anchors never trailed at any point in the game. Ball movement ran through Lambert, who had 5 assists. At one stretch of the game, the Missoula Anchors were ahead by 36 points."
635,100635,"On March 6, 2026, the Columbus Voyagers welcomed the Albuquerque Lancers at home. The Albuquerque Lancers topped the Columbus Voyagers, 127-95. Salazar paced the Albuquerque Lancers attack, scoring 23 points. On the losing side, Moreno scored 18 points. The Albuquerque Lancers took a 64-48 lead into the locker room at the break. The Albuquerque Lancers were in front the entire game, never trailing once. The Albuquerque Lancers hit 14 three-pointers. The Albuquerque Lancers' largest lead of the game was 34 points."
636,100636,"The Nashville Tempest hosted the Spokane Outlaws on March 6, 2026. The Spokane Outlaws defeated the Nashville Tempest by a score of 113-108. For the winners, Ellison-Reyes scored 40 points. On the losing side, Nash scored 32 points. At halftime, the Nashville Tempest were ahead 64-56 following the first two periods. After facing a 13-point deficit earlier in the game, the Spokane Outlaws came all the way back. Ellison-Reyes delivered the decisive go-ahead score for the Spokane Outlaws down the stretch. 12 turnovers plagued the Nashville Tempest. Keller picked up enough fouls during the game to be in foul trouble."
637,100637,"On March 6, 2026, the Baton Rouge Falcons welcomed the Fresno Bison at home. The FRE beat the BAT, 138-131. Fresno Bison scorer Cortez finished with a game-high 41 points. For the Baton Rouge Falcons, Castellano scored a team-high 28 points. Heading into halftime, the Baton Rouge Falcons led 66-65 through two quarters of play. The Fresno Bison erased a 1-point hole along the way to close out the win. The go-ahead bucket late in the game came from Mercer of the Fresno Bison. Reserves for the Fresno Bison scored 30 points. The Fresno Bison led by up to 9 points along the way to the win."
638,100638,"On March 6, 2026, the Cheyenne Pioneers traveled to face the Bakersfield Wranglers. The Bakersfield Wranglers defeated the Cheyenne Pioneers by a score of 134-109. Castellano topped all scorers for the Bakersfield Wranglers with 31 points. Sheffield and Vance paced the Cheyenne Pioneers with 26 points despite the loss. The Bakersfield Wranglers took a 69-53 lead into the locker room at the break. The Bakersfield Wranglers never trailed at any point in the game. It finished as a 25-point game. The Bakersfield Wranglers led by as many as 31 points at one stage of the game."
639,100639,"The Tulsa Admirals hosted the El Paso Ospreys on March 6, 2026. The ELP beat the TUL, 134-102. El Paso Ospreys scorer Carver finished with a game-high 36 points. Ellison led the Tulsa Admirals with 19 points in the loss. The El Paso Ospreys held a 65-43 edge at the half of a closely contested game. Down by as many as 5 points during the game, the El Paso Ospreys still found a way to win. Salazar provided the go-ahead points for the El Paso Ospreys in the closing minutes. The margin of victory was 32 points. The El Paso Ospreys' largest lead of the game was 36 points."
640,100640,"On March 7, 2026, the ELP and the NEW met, with the Newark Mustangs on the road. The final score was El Paso Ospreys 111, Newark Mustangs 94. Salazar paced the El Paso Ospreys attack, scoring 27 points. Sheffield led the Newark Mustangs with 22 points in the loss. At the break, the El Paso Ospreys were up 58-45 after the opening two quarters. The El Paso Ospreys did not trail at any point in the game. Quigley (ELP), a rotation regular, did not appear in the box score. The El Paso Ospreys' largest lead of the game was 23 points."
641,100641,"On March 7, 2026, the Fresno Bison welcomed the Columbus Voyagers at home. The Fresno Bison defeated the Columbus Voyagers by a score of 129-96. Pruitt paced the Fresno Bison attack, scoring 28 points. Moreno scored 20 points to lead the Columbus Voyagers. The Fresno Bison held a 59-46 edge at the half of a closely contested game. At no point during the contest did the Fresno Bison trail. Winslow cleaned up 6 rebounds to lead all players. The Fresno Bison led by up to 39 points along the way to the win."
642,100642,"On March 7, 2026, the Anchorage Herons welcomed the Baton Rouge Falcons at home. The Anchorage Herons came away with a 142-135 victory over the Baton Rouge Falcons. Anchorage Herons scorer Fairbanks finished with a game-high 53 points. Thackeray led the Baton Rouge Falcons with 26 points in the loss. At the break, the Baton Rouge Falcons were up 69-66 after the opening two quarters. Down by as many as 8 points during the game, the Anchorage Herons still found a way to win. The go-ahead bucket late in the game came from Sawyer of the Anchorage Herons. Wolfe dished out a team-high 19 assists. Wolfe and McAllister and Sawyer dealt with foul trouble over the course of the game."
643,100643,"The Tacoma Talons visited the Louisville Nomads on March 7, 2026. The Louisville Nomads defeated the Tacoma Talons by a score of 115-101. Garner topped all scorers for the Louisville Nomads with 23 points. Marlow paced the Tacoma Talons with 15 points despite the loss. At the break, the Louisville Nomads were up 55-54 after the opening two quarters. The Louisville Nomads trailed by 6 points at one stage before pulling away for good. The go-ahead bucket late in the game came from Garner of the Louisville Nomads. The Louisville Nomads hit 5 three-pointers. The Louisville Nomads built a lead as big as 22 points during the game."
644,100644,"The Baton Rouge Falcons visited the Columbus Voyagers on March 8, 2026. The Columbus Voyagers defeated the Baton Rouge Falcons by a score of 123-99. Sinclair was the top scorer for the Columbus Voyagers, going for 24 points. For the Baton Rouge Falcons, Thackeray scored a team-high 19 points. The Columbus Voyagers took a 61-49 lead into the locker room at the break. The Columbus Voyagers erased a 6-point hole along the way to close out the win. The go-ahead bucket late in the game came from Sinclair of the Columbus Voyagers. 14 turnovers plagued the Baton Rouge Falcons. It was a back-and-forth affair, with 11 lead changes along the way."
645,100645,"The Albuquerque Lancers visited the Raleigh Wardens on March 8, 2026. The Albuquerque Lancers defeated the Raleigh Wardens by a score of 136-111. Salazar led the Albuquerque Lancers with 26 points. For the Raleigh Wardens, Quigley scored a team-high 21 points. The Albuquerque Lancers took a 66-55 lead into the locker room at the break. The Albuquerque Lancers rallied back from a 4-point deficit to come away with the win. Donnelly hit the go-ahead jumper late in the fourth quarter. The Albuquerque Lancers bench chipped in 68 points. The Albuquerque Lancers built a lead as big as 26 points during the game."
646,100646,"On March 8, 2026, the Fresno Bison welcomed the Boise Glaciers at home. The Fresno Bison defeated the Boise Glaciers by a score of 153-128. Pruitt topped all scorers for the Fresno Bison with 45 points. Boise Glaciers scorer McAllister put up 36 points. The Fresno Bison held a 71-58 edge at the half of a closely contested game. The Fresno Bison trailed by 6 points at one stage before pulling away for good. Mercer came up with the go-ahead basket in the final stretch of the game. The margin of victory was 25 points. The Fresno Bison built a lead as big as 31 points during the game."
647,100647,"On March 8, 2026, the Honolulu Miners traveled to face the El Paso Ospreys. The Honolulu Miners won, 124-116, over the El Paso Ospreys. Sinclair paced the Honolulu Miners attack, scoring 40 points. Carver scored 27 points to lead the El Paso Ospreys. At halftime, the Honolulu Miners were ahead 66-61 following the first two periods. At no point during the contest did the Honolulu Miners trail. The Honolulu Miners won it by 8. At one stretch of the game, the Honolulu Miners were ahead by 9 points."
648,100648,"On March 8, 2026, the Bakersfield Wranglers traveled to face the Reno Ridgebacks. The BAK beat the REN, 114-103. Castellano was the top scorer for the Bakersfield Wranglers, going for 20 points. On the losing side, Garner scored 22 points. The Bakersfield Wranglers held a 59-57 edge at the half of a closely contested game. The Bakersfield Wranglers erased a 7-point hole along the way to close out the win. The go-ahead bucket late in the game came from Ellison of the Bakersfield Wranglers. Whitaker (REN), a rotation regular, did not appear in the box score. The Bakersfield Wranglers' largest lead of the game was 19 points."
649,100649,"On March 8, 2026, the Newark Mustangs traveled to face the Spokane Outlaws. The Spokane Outlaws topped the Newark Mustangs, 111-100. Ellison-Reyes topped all scorers for the Spokane Outlaws with 30 points. On the losing side, Sheffield scored 32 points. At halftime, the Spokane Outlaws were ahead 62-46 following the first two periods. The Spokane Outlaws controlled the game from start to finish, never trailing. Sheffield cleaned up 18 rebounds to lead all players. The Spokane Outlaws opened up a 20-point advantage at one point in the game."
650,100650,"On the road on March 8, 2026, the AUS took on the HAR at the Hartford Comets' arena. The Hartford Comets won, 139-129, over the Austin Sentinels. Granger was the top scorer for the Hartford Comets, going for 32 points. Moreno paced the Austin Sentinels with 26 points despite the loss. At halftime, the Hartford Comets were ahead 71-69 following the first two periods. The Hartford Comets controlled the game from start to finish, never trailing. Ball movement ran through Granger, who had 10 assists. Foul trouble limited Pemberton and Rutledge and Godfrey and Emerson for parts of the game."
651,100651,"Ashton Emerson's go-ahead score down the stretch lifted the Albuquerque Lancers to a 125-116 comeback win over the visiting Albany Condors on March 9, 2026, after Albuquerque trailed 62-59 at halftime and climbed out of a 4-point hole. Salazar led the Lancers with 39 points, while Winslow answered with 34 for Albany. The Albuquerque Lancers also connected on 20 threes as a team, and Sebastian Redmond battled foul trouble on the Albany Condors' side throughout the second half of the contest."
652,100652,"On March 9, 2026, the Honolulu Miners traveled to face the Des Moines Vultures. The Honolulu Miners defeated the Des Moines Vultures by a score of 137-130. Sinclair paced the Honolulu Miners attack, scoring 43 points. On the losing side, Redmond scored 20 points. The Honolulu Miners took a 68-57 lead into the locker room at the break. The Honolulu Miners trailed by 2 points at one stage before pulling away for good. The go-ahead bucket late in the game came from Sinclair of the Honolulu Miners. Ball security was a problem, with the Des Moines Vultures turning it over 18 times. The Honolulu Miners' largest lead of the game was 14 points."
653,100653,"Sebastian Sawyer's go-ahead basket in the final stretch capped a wild 125-123 comeback for the Anchorage Herons over the host Bakersfield Wranglers on March 9, 2026, after Anchorage trailed 68-58 at the break and dug out of a 13-point hole. Wolfe led the Herons with 23 points, while Brennan answered with 22 for Bakersfield. The lead changed hands 13 times, and Anchorage's bench chipped in 38 points, while Tyrell Mercer and Hakeem Nash both dealt with foul trouble for the Herons."
654,100654,"On the road on March 9, 2026, the BAT took on the RIC at the Richmond Kestrels' arena. The final score was Richmond Kestrels 117, Baton Rouge Falcons 90. Emerson led the Richmond Kestrels with 17 points. Baton Rouge Falcons scorer Sheffield put up 18 points. The Richmond Kestrels held a 57-49 edge at the half of a closely contested game. The Richmond Kestrels rallied back from a 2-point deficit to come away with the win. Emerson came up with the go-ahead basket in the final stretch of the game. The Richmond Kestrels came out on top by 27 points. Emerson picked up enough fouls during the game to be in foul trouble."
655,100655,"Fairbanks and Wolfe shared top scoring honors with 22 points apiece as the Anchorage Herons cruised past the visiting Missoula Anchors, 128-112, on March 10, 2026, never trailing along the way. Keller led Missoula with 23 in the loss. The Anchorage Herons were up 63-55 at halftime and stretched the margin to a game-high 21 points, ultimately winning it by 16; Emmanuel McAllister battled foul trouble for the Missoula Anchors over the course of a night that never got close."
656,100656,"The Louisville Nomads visited the Boise Glaciers on March 10, 2026. The Louisville Nomads defeated the Boise Glaciers by a score of 109-87. Sutter led the Louisville Nomads with 18 points. Boise Glaciers scorer Radford put up 22 points. At halftime, the Louisville Nomads were ahead 53-43 following the first two periods. The Louisville Nomads were in front the entire game, never trailing once. Sawyer did not suit up for the Boise Glaciers. Garner battled foul trouble for stretches of the game."
657,100657,"The Bakersfield Wranglers hosted the Richmond Kestrels on March 10, 2026. The Bakersfield Wranglers topped the Richmond Kestrels, 111-99. Bakersfield Wranglers scorer Brennan finished with a game-high 30 points. On the losing side, Beckett scored 22 points. Heading into halftime, the Bakersfield Wranglers led 51-46 through two quarters of play. The Bakersfield Wranglers overcame a 4-point deficit at one stage to win the game. Redmond delivered the decisive go-ahead score for the Bakersfield Wranglers down the stretch. Emerson cleaned up 9 rebounds to lead all players. Emerson picked up enough fouls during the game to be in foul trouble."
658,100658,"The Hartford Comets hosted the Spokane Outlaws on March 10, 2026. The Spokane Outlaws defeated the Hartford Comets by a score of 123-103. For the winners, Ellison-Reyes (KER) scored 22 points. On the losing side, Rutledge scored 35 points. Heading into halftime, the Spokane Outlaws led 63-52 through two quarters of play. Down by as many as 4 points during the game, the Spokane Outlaws still found a way to win. The go-ahead bucket late in the game came from Yates of the Spokane Outlaws. Granger handed out 6 assists to lead all passers. The Spokane Outlaws led by up to 27 points along the way to the win."
659,100659,"The Baton Rouge Falcons visited the Austin Sentinels on March 10, 2026. The Baton Rouge Falcons topped the Austin Sentinels, 120-112. Bradford paced the Baton Rouge Falcons attack, scoring 35 points. Austin Sentinels scorer Dupree put up 23 points. At the break, the Baton Rouge Falcons were up 60-51 after the opening two quarters. The Baton Rouge Falcons led wire-to-wire from the opening tip. The Baton Rouge Falcons hit 11 three-pointers. The Baton Rouge Falcons led by up to 23 points along the way to the win."
660,100660,"On March 10, 2026, the COL and the CHE met, with the Cheyenne Pioneers on the road. The final score was Columbus Voyagers 113, Cheyenne Pioneers 99. Vance was the top scorer for the Columbus Voyagers, going for 27 points. Kirby paced the Cheyenne Pioneers with 22 points despite the loss. At halftime, the Columbus Voyagers were ahead 52-48 following the first two periods. At no point during the contest did the Columbus Voyagers trail. 11 turnovers plagued the Cheyenne Pioneers. Foul trouble was an issue at times for Dupree and Radford."
661,100661,"On March 10, 2026, the NEW and the TAC met, with the Tacoma Talons on the road. The Newark Mustangs won, 110-107, over the Tacoma Talons. Sheffield topped all scorers for the Newark Mustangs with 30 points. Marlow scored 25 points to lead the Tacoma Talons. Heading into halftime, the Newark Mustangs led 52-48 through two quarters of play. The Newark Mustangs rallied back from a 2-point deficit to come away with the win. McAllister delivered the decisive go-ahead score for the Newark Mustangs down the stretch. 35 bench points helped the Newark Mustangs. The Newark Mustangs led by up to 5 points along the way to the win."
662,100662,"The Tulsa Admirals hosted the Fresno Bison on March 10, 2026. The TUL beat the FRE, 105-99. Tulsa Admirals scorer Radford finished with a game-high 27 points. Mercer scored 22 points to lead the Fresno Bison. The score was knotted at 50-50 heading into halftime after two close quarters. After facing a 8-point deficit earlier in the game, the Tulsa Admirals came all the way back. It was Carver who put the Tulsa Admirals ahead for good late in the fourth. Alder turned in a double-double with 11 points and 11 rebounds. 11 lead changes kept the outcome in doubt until late in the game."
663,100663,"On March 10, 2026, the ALE and the ELP met, with the El Paso Ospreys on the road. The Albuquerque Lancers topped the El Paso Ospreys, 145-120. Salazar paced the Albuquerque Lancers attack, scoring 29 points. Salazar and Zimmer paced the El Paso Ospreys with 23 points despite the loss. Heading into halftime, the Albuquerque Lancers led 80-55 through two quarters of play. The Albuquerque Lancers rallied back from a 5-point deficit to come away with the win. Dalton came up with the go-ahead basket in the final stretch of the game. The game was decided by 25 points. Dalton dealt with foul trouble over the course of the game."
664,100664,"On March 11, 2026, the Des Moines Vultures welcomed the Bakersfield Wranglers at home. The Bakersfield Wranglers topped the Des Moines Vultures, 123-108. Brennan led the Bakersfield Wranglers with 43 points. Lockhart paced the Des Moines Vultures with 23 points despite the loss. It was even, 53-53, at the break following a back-and-forth opening half. The Bakersfield Wranglers erased a 7-point hole along the way to close out the win. Castellano provided the go-ahead points for the Bakersfield Wranglers in the closing minutes. Larkin, normally in the rotation for the Des Moines Vultures, did not play. The Bakersfield Wranglers built a lead as big as 22 points during the game."
665,100665,"On March 11, 2026, the Albany Condors welcomed the Baton Rouge Falcons at home. The Albany Condors topped the Baton Rouge Falcons, 120-100. Easton topped all scorers for the Albany Condors with 24 points. Sutter led the Baton Rouge Falcons with 19 points in the loss. The two teams were tied 55-55 at the half after an evenly played first two quarters. The Albany Condors controlled the game from start to finish, never trailing. On the boards, Rutledge finished with 15 rebounds. Thackeray picked up enough fouls during the game to be in foul trouble."
666,100666,"The Albuquerque Lancers overcame a staggering 19-point hole to beat the visiting Fresno Bison, 116-112, on March 11, 2026, despite trailing 57-49 at the break. Salazar scored 27 for Albuquerque, while Pruitt led all scorers with 30 for Fresno. Ashton Emerson supplied the late go-ahead bucket for the Albuquerque Lancers, who never led by more than 5 points all night against the Fresno Bison; Holloway chipped in 9 assists in the improbable comeback win at home, one that seemed lost until the final minutes."
667,100667,"The Richmond Kestrels hosted the Reno Ridgebacks on March 11, 2026. The Richmond Kestrels won, 134-90, over the Reno Ridgebacks. Rivera paced the Richmond Kestrels attack, scoring 27 points. Redmond paced the Reno Ridgebacks with 22 points despite the loss. At the break, the Richmond Kestrels were up 62-42 after the opening two quarters. The Richmond Kestrels did not trail at any point in the game. The Richmond Kestrels connected on 26 threes. The Richmond Kestrels built a lead as big as 44 points during the game."
668,100668,"On the road on March 11, 2026, the MIS took on the AUS at the Austin Sentinels' arena. The Missoula Anchors won, 122-114, over the Austin Sentinels. Rutledge topped all scorers for the Missoula Anchors with 35 points. Austin Sentinels scorer Dupree put up 24 points. The Missoula Anchors took a 57-54 lead into the locker room at the break. The Missoula Anchors led wire-to-wire from the opening tip. The Austin Sentinels gave the ball away 17 times. McAllister and Godfrey battled foul trouble for stretches of the game."
669,100669,"On the road on March 12, 2026, the ANC took on the HON at the Honolulu Miners' arena. The Honolulu Miners defeated the Anchorage Herons by a score of 127-125. Zimmer topped all scorers for the Honolulu Miners with 32 points. Anchorage Herons scorer Rivera put up 27 points. The Honolulu Miners took a 65-63 lead into the locker room at the break. The Honolulu Miners trailed by 11 points at one stage before pulling away for good. Vasquez hit the go-ahead jumper late in the fourth quarter. The Honolulu Miners got 18 points off the bench. Mercer and Fairbanks spent stretches of the game in foul trouble."
670,100670,"On March 12, 2026, the Reno Ridgebacks welcomed the Grand Rapids Drifters at home. The REN beat the GRA, 126-110. Pruitt paced the Reno Ridgebacks attack, scoring 30 points. Holloway led the Grand Rapids Drifters with 28 points in the loss. Heading into halftime, the Reno Ridgebacks led 68-51 through two quarters of play. The Reno Ridgebacks were in front the entire game, never trailing once. Garner added a double-double, going for 26 points and 2 assists. The Reno Ridgebacks built a lead as big as 18 points during the game."
671,100671,"On March 12, 2026, the Hartford Comets traveled to face the Cheyenne Pioneers. The Hartford Comets topped the Cheyenne Pioneers, 126-116. Hartford Comets scorer Dupree finished with a game-high 25 points. On the losing side, Radford scored 25 points. At halftime, the Hartford Comets were ahead 62-56 following the first two periods. The Hartford Comets overcame a 3-point deficit at one stage to win the game. Brennan hit the go-ahead jumper late in the fourth quarter. The game was decided by 10 points. It was a back-and-forth affair, with 7 lead changes along the way."
672,100672,"On March 12, 2026, the Baton Rouge Falcons traveled to face the Tulsa Admirals. The Tulsa Admirals came away with a 129-111 victory over the Baton Rouge Falcons. For the winners, Carver scored 27 points. Castellano paced the Baton Rouge Falcons with 32 points despite the loss. The Tulsa Admirals led 62-51 at the half after two competitive quarters. The Tulsa Admirals did not trail at any point in the game. Alder did not suit up for the Tulsa Admirals. The Tulsa Admirals led by as many as 21 points at one stage of the game."
673,100673,"On March 12, 2026, the Tacoma Talons welcomed the Boise Glaciers at home. The Boise Glaciers won, 127-117, over the Tacoma Talons. McAllister topped all scorers for the Boise Glaciers with 42 points. For the Tacoma Talons, Marlow scored a team-high 25 points. The two teams were tied 61-61 at the half after an evenly played first two quarters. After facing a 4-point deficit earlier in the game, the Boise Glaciers came all the way back. The go-ahead bucket late in the game came from Pemberton of the Boise Glaciers. Marlow pulled down a game-high 10 rebounds. The Boise Glaciers built a lead as big as 15 points during the game."
674,100674,"Thornton exploded for 31 points as the Buffalo Marshals never trailed in a 122-92 home rout of the Baton Rouge Falcons on March 13, 2026. Garner led Baton Rouge with 21 in the loss. Buffalo was already up 63-48 at the break and eventually built a 31-point cushion, with Redmond dishing 8 assists along the way; Nasir Pruitt dealt with foul trouble for Baton Rouge in a game that was never seriously contested from the opening minutes onward until the final horn sounded."
675,100675,"The Grand Rapids Drifters visited the Fresno Bison on March 13, 2026. The Fresno Bison came away with a 119-108 victory over the Grand Rapids Drifters. For the winners, Pruitt scored 28 points. Blackwood paced the Grand Rapids Drifters with 21 points despite the loss. The Grand Rapids Drifters held a 56-48 edge at the half of a closely contested game. The Fresno Bison rallied back from a 14-point deficit to come away with the win. The go-ahead bucket late in the game came from Pruitt of the Fresno Bison. From beyond the arc, the Fresno Bison went 9-for-the-night. The Fresno Bison led by as many as 16 points at one stage of the game."
676,100676,"On March 13, 2026, the Anchorage Herons welcomed the Cheyenne Pioneers at home. The ANC beat the CHE, 135-129. Anchorage Herons scorer Wolfe finished with a game-high 33 points. Sheffield scored 25 points to lead the Cheyenne Pioneers. At halftime, the Anchorage Herons were ahead 68-65 following the first two periods. After facing a 11-point deficit earlier in the game, the Anchorage Herons came all the way back. Wolfe provided the go-ahead points for the Anchorage Herons in the closing minutes. 10 turnovers plagued the Cheyenne Pioneers. The Anchorage Herons built a lead as big as 10 points during the game."
677,100677,"The Jacksonville Cobras never trailed in a 146-107 home rout of the visiting Austin Sentinels on March 13, 2026, with Brennan leading all scorers at 26 points. Sawyer matched him with 26 for Austin in the loss. Jacksonville was already up 78-52 at halftime and stretched its advantage to 41 points, getting a huge 74-point contribution off the bench in a wire-to-wire blowout that left the Austin Sentinels searching all night long for answers they never quite found on either end of the floor."
678,100678,"On March 13, 2026, the Bakersfield Wranglers traveled to face the Albany Condors. The ALB beat the BAK, 120-112. Easton led the Albany Condors with 41 points. Brennan paced the Bakersfield Wranglers with 40 points despite the loss. At the break, the Bakersfield Wranglers were up 62-60 after the opening two quarters. The Albany Condors overcame a 6-point deficit at one stage to win the game. Easton hit the go-ahead jumper late in the fourth quarter. It finished as a 8-point game. Bellamy and Winslow spent stretches of the game in foul trouble."
679,100679,"The Tacoma Talons hosted the Birmingham Foxes on March 13, 2026. The final score was Tacoma Talons 131, Birmingham Foxes 126. Donnelly led the Tacoma Talons with 28 points. On the losing side, Holloway scored 22 points. The Tacoma Talons held a 64-61 edge at the half of a closely contested game. The Tacoma Talons were in front the entire game, never trailing once. The go-ahead bucket late in the game came from Donnelly of the Tacoma Talons. The margin of victory was 5 points. The Tacoma Talons' largest lead of the game was 13 points."
680,100680,"On the road on March 13, 2026, the HON took on the ELP at the El Paso Ospreys' arena. The HON beat the ELP, 100-92. Sinclair topped all scorers for the Honolulu Miners with 36 points. On the losing side, Vance scored 22 points. The Honolulu Miners held a 53-49 edge at the half of a closely contested game. The Honolulu Miners overcame a 3-point deficit at one stage to win the game. The go-ahead bucket late in the game came from Sinclair of the Honolulu Miners. Carver sat out for the El Paso Ospreys, absent from the box score. There were 10 lead changes over the course of the game."
681,100681,"Kamari Bradford's late go-ahead jumper lifted the road Boise Glaciers past the host Albany Condors, 102-92, on March 14, 2026, after Boise climbed out of a 6-point deficit. Bradford led the Glaciers with 23 points, while Easton answered with 29 for Albany. The Boise Glaciers were up just 46-45 at the half in a tight one, and Pemberton chipped in 14 rebounds as Boise's lead eventually peaked at 12 points against the Albany Condors down the stretch of a hard-fought road win."
682,100682,"On March 14, 2026, the Newark Mustangs welcomed the Spokane Outlaws at home. The SPO beat the NEW, 103-100. Zimmer paced the Spokane Outlaws attack, scoring 28 points. On the losing side, Sheffield scored 17 points. Heading into halftime, the Spokane Outlaws led 53-51 through two quarters of play. Down by as many as 6 points during the game, the Spokane Outlaws still found a way to win. Ellison-Reyes came up with the go-ahead basket in the final stretch of the game. Sheffield handed out 15 assists to lead all passers. The Spokane Outlaws built a lead as big as 4 points during the game."
683,100683,"Kofi Salazar's late go-ahead bucket capped a 34-point night as the Albuquerque Lancers edged the visiting Bakersfield Wranglers, 101-100, on March 14, 2026, never trailing along the way. Delgado answered with 24 for Bakersfield in the loss. The Albuquerque Lancers held a 50-47 edge at halftime and connected on 10 three-pointers as a team; Ashton Farrell dealt with foul trouble for Albuquerque, but the Bakersfield Wranglers could never quite catch up to the Albuquerque Lancers in the closing minutes of a tightly played home game."
684,100684,"On March 15, 2026, the Boise Glaciers welcomed the Nashville Tempest at home. The NAS beat the BOI, 119-92. Keller led the Nashville Tempest with 30 points. McAllister led the Boise Glaciers with 34 points in the loss. The Nashville Tempest led 60-49 at the half after two competitive quarters. The Nashville Tempest never trailed at any point in the game. 12 turnovers plagued the Boise Glaciers. Hargrove battled foul trouble for stretches of the game."
685,100685,"On March 15, 2026, the BIR and the SPO met, with the Spokane Outlaws on the road. The Spokane Outlaws defeated the Birmingham Foxes by a score of 132-111. Ellison-Reyes paced the Spokane Outlaws attack, scoring 40 points. Ashby scored 21 points to lead the Birmingham Foxes. Heading into halftime, the Spokane Outlaws led 64-55 through two quarters of play. The Spokane Outlaws trailed by 4 points at one stage before pulling away for good. Ellison-Reyes hit the go-ahead jumper late in the fourth quarter. Reserves for the Spokane Outlaws scored 47 points. At one stretch of the game, the Spokane Outlaws were ahead by 24 points."
686,100686,"On March 15, 2026, the Des Moines Vultures traveled to face the Reno Ridgebacks. The REN beat the DES, 114-109. Rutledge led the Reno Ridgebacks with 24 points. Larkin paced the Des Moines Vultures with 29 points despite the loss. The Reno Ridgebacks led 56-53 at the half after two competitive quarters. The Reno Ridgebacks did not trail at any point in the game. It was Rutledge who put the Reno Ridgebacks ahead for good late in the fourth. Garner added a double-double, going for 18 points and 2 assists. The Reno Ridgebacks built a lead as big as 12 points during the game."
687,100687,"The Columbus Voyagers hosted the Fresno Bison on March 15, 2026. The final score was Fresno Bison 127, Columbus Voyagers 113. For the winners, Bellamy scored 28 points. Moreno led the Columbus Voyagers with 36 points in the loss. The Fresno Bison led 68-55 at the half after two competitive quarters. The Fresno Bison never trailed at any point in the game. The margin of victory was 14 points. Keller and Beckett and Gentry and Maddox spent stretches of the game in foul trouble."
688,100688,"The Anchorage Herons visited the Albuquerque Lancers on March 15, 2026. The ANC beat the ALE, 136-131. Fairbanks paced the Anchorage Herons attack, scoring 39 points. On the losing side, Dalton scored 30 points. The Anchorage Herons took a 73-63 lead into the locker room at the break. The Anchorage Herons led wire-to-wire from the opening tip. The go-ahead bucket late in the game came from Fairbanks of the Anchorage Herons. Winslow, normally in the rotation for the Albuquerque Lancers, did not play. The Anchorage Herons led by up to 15 points along the way to the win."
689,100689,"On March 16, 2026, the Fresno Bison traveled to face the Tulsa Admirals. The Tulsa Admirals won, 124-109, over the Fresno Bison. Rutledge paced the Tulsa Admirals attack, scoring 25 points. Pruitt paced the Fresno Bison with 25 points despite the loss. At the break, the Fresno Bison were up 57-56 after the opening two quarters. The Tulsa Admirals rallied back from a 7-point deficit to come away with the win. Pemberton delivered the decisive go-ahead score for the Tulsa Admirals down the stretch. Pruitt pulled down a game-high 8 rebounds. The lead changed hands 5 times during the course of the game."
690,100690,"Nico Delgado did nearly everything for the Reno Ridgebacks on March 16, 2026, scoring 41 points, dishing 11 assists, and delivering the go-ahead points in the closing minutes of a 116-111 win over the visiting Cheyenne Pioneers. Jennings led Cheyenne with 34 in defeat. The Reno Ridgebacks were up 60-57 at the break after overcoming an earlier 3-point deficit; Lamar Redmond, Santiago Dupree, and Zaire Rivera all battled foul trouble for parts of the game against the Cheyenne Pioneers, who could not slow him down."
691,100691,"Montgomery's 24 points paced the Boise Glaciers to a wire-to-wire, 124-94 road blowout of the Baton Rouge Falcons on March 16, 2026. Garner answered with 21 for Baton Rouge in the loss. Boise had already built a 65-44 halftime cushion and stretched it to a massive 38 points, hitting 14 shots from deep along the way; Mateo Pemberton battled foul trouble for the Glaciers in a game that was effectively over by the second quarter and never got interesting again."
692,100692,"On March 16, 2026, the SPO and the ANC met, with the Anchorage Herons on the road. The SPO beat the ANC, 129-126. For the winners, Ellison-Reyes (KER) scored 35 points. Wolfe paced the Anchorage Herons with 32 points despite the loss. The Spokane Outlaws took a 68-60 lead into the locker room at the break. The Spokane Outlaws led wire-to-wire from the opening tip. The go-ahead bucket late in the game came from Ellison-Reyes of the Spokane Outlaws. Turnovers were an issue for the Anchorage Herons, who had 7. Brennan and Sawyer spent stretches of the game in foul trouble."
693,100693,"On the road on March 16, 2026, the CIN took on the HON at the Honolulu Miners' arena. The Honolulu Miners defeated the Cincinnati Stallions by a score of 127-113. Honolulu Miners scorer Sinclair finished with a game-high 42 points. For the Cincinnati Stallions, Bellamy scored a team-high 18 points. At the break, the Honolulu Miners were up 70-61 after the opening two quarters. The Honolulu Miners never trailed at any point in the game. The Honolulu Miners got 20 points off the bench. The Honolulu Miners led by as many as 23 points at one stage of the game."
694,100694,"On the road on March 16, 2026, the MIS took on the DES at the Des Moines Vultures' arena. The Missoula Anchors won, 127-119, over the Des Moines Vultures. Keller paced the Missoula Anchors attack, scoring 32 points. For the Des Moines Vultures, Barnett scored a team-high 18 points. The Missoula Anchors took a 66-60 lead into the locker room at the break. The Missoula Anchors never trailed at any point in the game. Oakley turned in a double-double with 28 points and 13 rebounds. The Missoula Anchors' largest lead of the game was 10 points."
695,100695,"On March 16, 2026, the Louisville Nomads welcomed the Austin Sentinels at home. The final score was Louisville Nomads 126, Austin Sentinels 110. Garner paced the Louisville Nomads attack, scoring 30 points. On the losing side, Emerson scored 23 points. Heading into halftime, the Austin Sentinels led 61-60 through two quarters of play. After facing a 6-point deficit earlier in the game, the Louisville Nomads came all the way back. Garner delivered the decisive go-ahead score for the Louisville Nomads down the stretch. The final margin was 16 points. The lead changed hands 13 times during the course of the game."
696,100696,"The Newark Mustangs visited the Fresno Bison on March 17, 2026. The Fresno Bison came away with a 126-118 victory over the Newark Mustangs. Pruitt topped all scorers for the Fresno Bison with 29 points. For the Newark Mustangs, Sheffield scored a team-high 35 points. The Fresno Bison took a 63-62 lead into the locker room at the break. After facing a 6-point deficit earlier in the game, the Fresno Bison came all the way back. Pruitt delivered the decisive go-ahead score for the Fresno Bison down the stretch. There was no box score entry for Dalton of the Newark Mustangs. Foul trouble limited Sheffield and Gentry for parts of the game."
697,100697,"On the road on March 17, 2026, the TAC took on the BAT at the Baton Rouge Falcons' arena. The final score was Tacoma Talons 137, Baton Rouge Falcons 131. Maddox paced the Tacoma Talons attack, scoring 23 points. Baton Rouge Falcons scorer Thackeray put up 32 points. Heading into halftime, the Tacoma Talons led 74-69 through two quarters of play. The Tacoma Talons overcame a 5-point deficit at one stage to win the game. Maddox came up with the go-ahead basket in the final stretch of the game. No one out-rebounded Marlow, who grabbed 10. The Tacoma Talons led by as many as 13 points at one stage of the game."
698,100698,"The Albuquerque Lancers hosted the Louisville Nomads on March 17, 2026. The Albuquerque Lancers won, 121-106, over the Louisville Nomads. Albuquerque Lancers scorer Salazar finished with a game-high 38 points. Vance scored 26 points to lead the Louisville Nomads. Heading into halftime, the Albuquerque Lancers led 53-50 through two quarters of play. The Albuquerque Lancers never trailed at any point in the game. Ball movement ran through Dalton, who had 12 assists. Garner and Vance and Salazar battled foul trouble for stretches of the game."
699,100699,"On the road on March 17, 2026, the RIC took on the MIS at the Missoula Anchors' arena. The final score was Richmond Kestrels 103, Missoula Anchors 101. For the winners, Emerson scored 23 points. Thackeray scored 24 points to lead the Missoula Anchors. The Richmond Kestrels took a 54-53 lead into the locker room at the break. The Richmond Kestrels rallied back from a 5-point deficit to come away with the win. Rivera came up with the go-ahead basket in the final stretch of the game. The Richmond Kestrels connected on 14 threes. Foul trouble was an issue at times for Beckett."
700,100700,"On the road on March 18, 2026, the MIS took on the HAR at the Hartford Comets' arena. The HAR beat the MIS, 109-103. Dupree paced the Hartford Comets attack, scoring 31 points. On the losing side, Keller scored 25 points. The Hartford Comets took a 62-48 lead into the locker room at the break. The Hartford Comets never trailed at any point in the game. The Missoula Anchors coughed it up 18 times. The Hartford Comets' largest lead of the game was 16 points."
701,100701,"On the road on March 18, 2026, the TUL took on the ELP at the El Paso Ospreys' arena. The ELP beat the TUL, 107-105. Salazar was the top scorer for the El Paso Ospreys, going for 32 points. On the losing side, Ellison scored 35 points. Heading into halftime, the El Paso Ospreys led 57-54 through two quarters of play. The El Paso Ospreys never trailed at any point in the game. The go-ahead bucket late in the game came from Salazar of the El Paso Ospreys. The El Paso Ospreys got 32 points off the bench. Foul trouble limited Ocampo for parts of the game."
702,100702,"The Grand Rapids Drifters hosted the Austin Sentinels on March 18, 2026. The GRA beat the AUS, 132-107. Salazar paced the Grand Rapids Drifters attack, scoring 29 points. Dalton paced the Austin Sentinels with 17 points despite the loss. The Grand Rapids Drifters held a 69-58 edge at the half of a closely contested game. The Grand Rapids Drifters never trailed at any point in the game. Emerson posted a double-double with 16 points and 15 rebounds. Dalton dealt with foul trouble over the course of the game."
703,100703,"On March 18, 2026, the FRE and the DES met, with the Des Moines Vultures on the road. The Fresno Bison came away with a 130-107 victory over the Des Moines Vultures. Pruitt was the top scorer for the Fresno Bison, going for 29 points. For the Des Moines Vultures, Redmond scored a team-high 29 points. Heading into halftime, the Fresno Bison led 63-59 through two quarters of play. The Fresno Bison never trailed at any point in the game. The final margin was 23 points. The Fresno Bison' largest lead of the game was 24 points."
704,100704,"The Boise Glaciers erased a 6-point deficit and held off the visiting Cheyenne Pioneers, 147-111, on March 18, 2026, in a game that swung back and forth with 14 lead changes before Jonah Godfrey came up with the go-ahead basket in the final stretch. Lockhart scored 23 for the Boise Glaciers, while Vance countered with 41 for Cheyenne. Boise was up 75-53 at halftime; Landon Kirby did not suit up for the Cheyenne Pioneers, and Santiago Dupree battled foul trouble for Cheyenne throughout."
705,100705,"On March 18, 2026, the BAT and the SPO met, with the Spokane Outlaws on the road. The Spokane Outlaws won, 100-87, over the Baton Rouge Falcons. Spokane Outlaws scorer Ellison-Reyes finished with a game-high 30 points. For the Baton Rouge Falcons, Pruitt scored a team-high 18 points. The Spokane Outlaws took a 51-43 lead into the locker room at the break. Down by as many as 5 points during the game, the Spokane Outlaws still found a way to win. The go-ahead bucket late in the game came from Yates of the Spokane Outlaws. Ellison pulled down a game-high 12 rebounds. Foul trouble limited Bradford for parts of the game."
706,100706,"The Bakersfield Wranglers hosted the Buffalo Marshals on March 18, 2026. The Bakersfield Wranglers topped the Buffalo Marshals, 120-98. Brennan paced the Bakersfield Wranglers attack, scoring 25 points. Redmond paced the Buffalo Marshals with 17 points despite the loss. Heading into halftime, the Bakersfield Wranglers led 57-48 through two quarters of play. After facing a 5-point deficit earlier in the game, the Bakersfield Wranglers came all the way back. It was Brennan who put the Bakersfield Wranglers ahead for good late in the fourth. Castellano dished out a team-high 7 assists. The Bakersfield Wranglers led by as many as 25 points at one stage of the game."
707,100707,"On the road on March 18, 2026, the TAC took on the ALB at the Albany Condors' arena. The Albany Condors won, 120-99, over the Tacoma Talons. Easton was the top scorer for the Albany Condors, going for 32 points. Langford and Navarro scored 14 points to lead the Tacoma Talons. The Albany Condors took a 66-50 lead into the locker room at the break. The Albany Condors rallied back from a 6-point deficit to come away with the win. Winslow provided the go-ahead points for the Albany Condors in the closing minutes. From beyond the arc, the Albany Condors went 14-for-the-night. 8 lead changes kept the outcome in doubt until late in the game."
708,100708,"On the road on March 19, 2026, the DES took on the HON at the Honolulu Miners' arena. The Honolulu Miners defeated the Des Moines Vultures by a score of 128-117. Sinclair led the Honolulu Miners with 44 points. Redmond scored 26 points to lead the Des Moines Vultures. The score was knotted at 60-60 heading into halftime after two close quarters. The Honolulu Miners trailed by 4 points at one stage before pulling away for good. The go-ahead bucket late in the game came from Ocampo of the Honolulu Miners. 7 turnovers plagued the Des Moines Vultures. Zimmer battled foul trouble for stretches of the game."
709,100709,"The Boise Glaciers hosted the Bakersfield Wranglers on March 19, 2026. The BOI beat the BAK, 116-104. Boise Glaciers scorer Montgomery finished with a game-high 32 points. For the Bakersfield Wranglers, Brennan scored a team-high 34 points. The Boise Glaciers held a 61-55 edge at the half of a closely contested game. The Boise Glaciers overcame a 2-point deficit at one stage to win the game. The go-ahead bucket late in the game came from Lockhart of the Boise Glaciers. Reserves for the Boise Glaciers scored 40 points. The Boise Glaciers built a lead as big as 21 points during the game."
710,100710,"The Newark Mustangs hosted the Tulsa Admirals on March 19, 2026. The Newark Mustangs defeated the Tulsa Admirals by a score of 121-116. Sheffield was the top scorer for the Newark Mustangs, going for 32 points. For the Tulsa Admirals, Carver scored a team-high 22 points. The Newark Mustangs led 59-57 at the half after two competitive quarters. The Newark Mustangs did not trail at any point in the game. Sheffield came up with the go-ahead basket in the final stretch of the game. Sheffield notched a double-double, finishing with 21 points and 14 rebounds. Foul trouble was an issue at times for Ocampo."
711,100711,"Nash's 30 points powered the Nashville Tempest past the visiting Reno Ridgebacks, 121-117, on March 19, 2026, in a game decided by 4 points after Nashville rallied from an 8-point deficit. Delgado led Reno with 33 in defeat, and the Ridgebacks were actually up 64-57 at the break before Samir Emerson provided the go-ahead points for the Nashville Tempest in the closing minutes. Lamar Redmond battled foul trouble along the way as Nashville held on for the home win over Reno."
712,100712,"On March 19, 2026, the Richmond Kestrels traveled to face the Albuquerque Lancers. The final score was Albuquerque Lancers 115, Richmond Kestrels 102. Salazar topped all scorers for the Albuquerque Lancers with 32 points. Richmond Kestrels scorer Ashby put up 22 points. At the break, the Albuquerque Lancers were up 56-51 after the opening two quarters. The Albuquerque Lancers overcame a 5-point deficit at one stage to win the game. Emerson provided the go-ahead points for the Albuquerque Lancers in the closing minutes. Winslow did not suit up for the Albuquerque Lancers. The Albuquerque Lancers opened up a 20-point advantage at one point in the game."
713,100713,"On March 20, 2026, the Albuquerque Lancers traveled to face the Hartford Comets. The Albuquerque Lancers came away with a 131-91 victory over the Hartford Comets. Ellison and Thackeray led the Albuquerque Lancers with 22 points. For the Hartford Comets, Boone scored a team-high 21 points. At the break, the Albuquerque Lancers were up 66-46 after the opening two quarters. The Albuquerque Lancers erased a 2-point hole along the way to close out the win. Thackeray provided the go-ahead points for the Albuquerque Lancers in the closing minutes. Emerson cleaned up 9 rebounds to lead all players. There were 8 lead changes over the course of the game."
714,100714,"On March 20, 2026, the NAS and the BAT met, with the Baton Rouge Falcons on the road. The Nashville Tempest topped the Baton Rouge Falcons, 115-114. For the winners, Zimmer scored 19 points. Sutter led the Baton Rouge Falcons with 24 points in the loss. The Baton Rouge Falcons held a 63-57 edge at the half of a closely contested game. The Nashville Tempest erased a 8-point hole along the way to close out the win. It was Zimmer who put the Nashville Tempest ahead for good late in the fourth. Ball movement ran through Bradford, who had 7 assists. Foul trouble was an issue at times for Keller."
715,100715,"The Boise Glaciers visited the Spokane Outlaws on March 20, 2026. The final score was Spokane Outlaws 116, Boise Glaciers 103. Zimmer paced the Spokane Outlaws attack, scoring 21 points. On the losing side, Montgomery scored 32 points. The Spokane Outlaws took a 60-55 lead into the locker room at the break. After facing a 5-point deficit earlier in the game, the Spokane Outlaws came all the way back. It was Zimmer who put the Spokane Outlaws ahead for good late in the fourth. The Spokane Outlaws hit 15 three-pointers. The Spokane Outlaws led by as many as 14 points at one stage of the game."
716,100716,"On March 20, 2026, the CHE and the COL met, with the Columbus Voyagers on the road. The Cheyenne Pioneers won, 128-96, over the Columbus Voyagers. Cheyenne Pioneers scorer Radford finished with a game-high 33 points. Sinclair scored 15 points to lead the Columbus Voyagers. The Cheyenne Pioneers held a 71-50 edge at the half of a closely contested game. The Cheyenne Pioneers controlled the game from start to finish, never trailing. Turnovers were an issue for the Columbus Voyagers, who had 20. Dupree spent stretches of the game in foul trouble."
717,100717,"On March 20, 2026, the Honolulu Miners traveled to face the Anchorage Herons. The Anchorage Herons came away with a 120-113 victory over the Honolulu Miners. Fairbanks and Wolfe was the top scorer for the Anchorage Herons, going for 28 points. For the Honolulu Miners, Sinclair scored a team-high 27 points. The Honolulu Miners took a 57-56 lead into the locker room at the break. After facing a 5-point deficit earlier in the game, the Anchorage Herons came all the way back. Fairbanks hit the go-ahead jumper late in the fourth quarter. Non-starters for the Anchorage Herons combined for 26 points. The Anchorage Herons led by as many as 10 points at one stage of the game."
718,100718,"On the road on March 21, 2026, the MIS took on the BOI at the Boise Glaciers' arena. The Missoula Anchors won, 108-104, over the Boise Glaciers. Thackeray led the Missoula Anchors with 26 points. Montgomery led the Boise Glaciers with 19 points in the loss. At halftime, the Boise Glaciers were ahead 54-52 following the first two periods. Down by as many as 3 points during the game, the Missoula Anchors still found a way to win. Rutledge provided the go-ahead points for the Missoula Anchors in the closing minutes. Oakley notched a double-double, finishing with 21 points and 12 rebounds. The Missoula Anchors led by as many as 5 points at one stage of the game."
719,100719,"The Newark Mustangs never trailed in a 114-89 home rout of the visiting Albuquerque Lancers on March 21, 2026, with McAllister scoring 25 to pace Newark. Salazar answered with 25 for Albuquerque in the loss. The Newark Mustangs were already up 61-44 at halftime and ultimately won it by 25, despite Landon McAllister battling foul trouble for parts of the game against the Albuquerque Lancers, who could never find a way to climb back into a game that got away early."
720,100720,"On the road on March 21, 2026, the TUL took on the BAK at the Bakersfield Wranglers' arena. The final score was Bakersfield Wranglers 118, Tulsa Admirals 116. Brennan was the top scorer for the Bakersfield Wranglers, going for 32 points. Radford paced the Tulsa Admirals with 22 points despite the loss. The Bakersfield Wranglers held a 65-60 edge at the half of a closely contested game. The Bakersfield Wranglers erased a 10-point hole along the way to close out the win. Delgado came up with the go-ahead basket in the final stretch of the game. Gallagher, normally in the rotation for the Bakersfield Wranglers, did not play. Foul trouble limited Ellison and Rivera for parts of the game."
721,100721,"On March 21, 2026, the Grand Rapids Drifters traveled to face the Spokane Outlaws. The final score was Spokane Outlaws 131, Grand Rapids Drifters 113. For the winners, Ellison-Reyes (KER) scored 25 points. On the losing side, Holloway scored 22 points. Heading into halftime, the Spokane Outlaws led 69-56 through two quarters of play. The Spokane Outlaws were in front the entire game, never trailing once. On the boards, Brennan finished with 16 rebounds. The Spokane Outlaws built a lead as big as 19 points during the game."
722,100722,"The Cheyenne Pioneers visited the Hartford Comets on March 21, 2026. The Hartford Comets defeated the Cheyenne Pioneers by a score of 106-102. Boone paced the Hartford Comets attack, scoring 25 points. Kirby paced the Cheyenne Pioneers with 30 points despite the loss. The two teams were tied 53-53 at the half after an evenly played first two quarters. Down by as many as 6 points during the game, the Hartford Comets still found a way to win. Boone came up with the go-ahead basket in the final stretch of the game. Boone recorded 6 assists in the win. It was a back-and-forth affair, with 14 lead changes along the way."
723,100723,"On the road on March 21, 2026, the BUF took on the ANC at the Anchorage Herons' arena. The Anchorage Herons won, 121-115, over the Buffalo Marshals. Anchorage Herons scorer Fairbanks finished with a game-high 31 points. On the losing side, Gallagher scored 23 points. At the break, the Anchorage Herons were up 59-57 after the opening two quarters. At no point during the contest did the Anchorage Herons trail. The Anchorage Herons connected on 14 threes. Foul trouble was an issue at times for Wolfe."
724,100724,"On March 21, 2026, the AUS and the ELP met, with the El Paso Ospreys on the road. The ELP beat the AUS, 119-109. Salazar topped all scorers for the El Paso Ospreys with 25 points. Austin Sentinels scorer Cortez put up 31 points. The El Paso Ospreys led 63-61 at the half after two competitive quarters. The El Paso Ospreys rallied back from a 4-point deficit to come away with the win. It was Salazar who put the El Paso Ospreys ahead for good late in the fourth. The Austin Sentinels coughed it up 11 times. At one stretch of the game, the El Paso Ospreys were ahead by 11 points."
725,100725,"Reggie Rhodes delivered the go-ahead score down the stretch as the Fresno Bison held off the host Des Moines Vultures, 114-113, on March 21, 2026, never trailing along the way. Cortez led the Fresno Bison with 30 points, while Larkin answered with 26 for Des Moines. Fresno was up 61-59 at the break, and reserves chipped in 31 points; Kai Larkin and Ivan Lockhart both spent stretches of the game in foul trouble for the Des Moines Vultures in the narrow loss."
726,100726,"The Jacksonville Cobras visited the Baton Rouge Falcons on March 21, 2026. The final score was Jacksonville Cobras 135, Baton Rouge Falcons 120. Jacksonville Cobras scorer Brennan finished with a game-high 24 points. Garner scored 24 points to lead the Baton Rouge Falcons. The Jacksonville Cobras held a 68-62 edge at the half of a closely contested game. Down by as many as 6 points during the game, the Jacksonville Cobras still found a way to win. The go-ahead bucket late in the game came from Whitaker of the Jacksonville Cobras. It was a double-double night for Rutledge: 17 points, 11 rebounds. The Jacksonville Cobras opened up a 19-point advantage at one point in the game."
727,100727,"On March 21, 2026, the Honolulu Miners welcomed the Birmingham Foxes at home. The Honolulu Miners came away with a 120-101 victory over the Birmingham Foxes. Emerson topped all scorers for the Honolulu Miners with 21 points. Birmingham Foxes scorer Holloway put up 20 points. The Honolulu Miners took a 60-44 lead into the locker room at the break. Down by as many as 2 points during the game, the Honolulu Miners still found a way to win. It was Emerson who put the Honolulu Miners ahead for good late in the fourth. The final margin was 19 points. At one stretch of the game, the Honolulu Miners were ahead by 25 points."
728,100728,"The Raleigh Wardens visited the El Paso Ospreys on March 22, 2026. The El Paso Ospreys defeated the Raleigh Wardens by a score of 123-122. For the winners, Salazar scored 27 points. Ramsey paced the Raleigh Wardens with 32 points despite the loss. At the break, the El Paso Ospreys were up 69-58 after the opening two quarters. Down by as many as 1 points during the game, the El Paso Ospreys still found a way to win. Salazar provided the go-ahead points for the El Paso Ospreys in the closing minutes. Abbott sat out for the Raleigh Wardens, absent from the box score. It was a back-and-forth affair, with 13 lead changes along the way."
729,100729,"The Birmingham Foxes hosted the Tacoma Talons on March 22, 2026. The Tacoma Talons came away with a 125-117 victory over the Birmingham Foxes. Donnelly paced the Tacoma Talons attack, scoring 30 points. Holloway and Fairbanks and Ashby led the Birmingham Foxes with 21 points in the loss. At halftime, the Tacoma Talons were ahead 63-53 following the first two periods. The Tacoma Talons trailed by 1 points at one stage before pulling away for good. Vance provided the go-ahead points for the Tacoma Talons in the closing minutes. Bradford pulled down a game-high 8 rebounds. Navarro and Thackeray and Thackeray dealt with foul trouble over the course of the game."
730,100730,"The Buffalo Marshals visited the Tulsa Admirals on March 22, 2026. The TUL beat the BUF, 122-111. Radford paced the Tulsa Admirals attack, scoring 28 points. Redmond scored 25 points to lead the Buffalo Marshals. Heading into halftime, the Tulsa Admirals led 58-52 through two quarters of play. The Tulsa Admirals controlled the game from start to finish, never trailing. Ellison set the pace with 6 assists. The Tulsa Admirals built a lead as big as 12 points during the game."
731,100731,"The Cincinnati Stallions hosted the Baton Rouge Falcons on March 22, 2026. The Baton Rouge Falcons defeated the Cincinnati Stallions by a score of 130-120. Thackeray was the top scorer for the Baton Rouge Falcons, going for 27 points. McAllister paced the Cincinnati Stallions with 26 points despite the loss. The Baton Rouge Falcons led 60-56 at the half after two competitive quarters. The Baton Rouge Falcons led wire-to-wire from the opening tip. From beyond the arc, the Baton Rouge Falcons went 15-for-the-night. Moreno picked up enough fouls during the game to be in foul trouble."
732,100732,"On March 23, 2026, the Richmond Kestrels traveled to face the Reno Ridgebacks. The Richmond Kestrels defeated the Reno Ridgebacks by a score of 117-109. Beckett paced the Richmond Kestrels attack, scoring 30 points. For the Reno Ridgebacks, Delgado scored a team-high 39 points. At halftime, the Richmond Kestrels were ahead 54-51 following the first two periods. The Richmond Kestrels erased a 5-point hole along the way to close out the win. Gallagher hit the go-ahead jumper late in the fourth quarter. The Reno Ridgebacks coughed it up 13 times. The Richmond Kestrels built a lead as big as 8 points during the game."
733,100733,"On March 23, 2026, the RAL and the HON met, with the Honolulu Miners on the road. The Honolulu Miners came away with a 134-126 victory over the Raleigh Wardens. Sinclair paced the Honolulu Miners attack, scoring 60 points. On the losing side, Ramsey scored 28 points. The Honolulu Miners held a 67-61 edge at the half of a closely contested game. The Honolulu Miners controlled the game from start to finish, never trailing. The Honolulu Miners bench chipped in 18 points. The Honolulu Miners led by up to 21 points along the way to the win."
734,100734,"The Des Moines Vultures visited the Albuquerque Lancers on March 23, 2026. The final score was Albuquerque Lancers 134, Des Moines Vultures 119. Emerson and Ellison paced the Albuquerque Lancers attack, scoring 24 points. Lockhart led the Des Moines Vultures with 25 points in the loss. At halftime, the Albuquerque Lancers were ahead 66-59 following the first two periods. After facing a 4-point deficit earlier in the game, the Albuquerque Lancers came all the way back. Garner delivered the decisive go-ahead score for the Albuquerque Lancers down the stretch. The Albuquerque Lancers won it by 15. It was a back-and-forth affair, with 12 lead changes along the way."
735,100735,"On March 23, 2026, the AUS and the BAK met, with the Bakersfield Wranglers on the road. The BAK beat the AUS, 131-105. Brennan was the top scorer for the Bakersfield Wranglers, going for 36 points. Ocampo led the Austin Sentinels with 17 points in the loss. The Bakersfield Wranglers took a 63-55 lead into the locker room at the break. The Bakersfield Wranglers led wire-to-wire from the opening tip. The Bakersfield Wranglers won it by 26. The Bakersfield Wranglers led by up to 32 points along the way to the win."
736,100736,"On March 23, 2026, the MIS and the BIR met, with the Birmingham Foxes on the road. The Missoula Anchors defeated the Birmingham Foxes by a score of 123-88. For the winners, Keller scored 23 points. Birmingham Foxes scorer Holloway put up 14 points. The Missoula Anchors took a 58-46 lead into the locker room at the break. Down by as many as 2 points during the game, the Missoula Anchors still found a way to win. The go-ahead bucket late in the game came from McAllister of the Missoula Anchors. Moreno sat out for the Birmingham Foxes, absent from the box score. The Missoula Anchors led by as many as 37 points at one stage of the game."
737,100737,"The El Paso Ospreys visited the Boise Glaciers on March 23, 2026. The Boise Glaciers defeated the El Paso Ospreys by a score of 110-108. Sawyer paced the Boise Glaciers attack, scoring 25 points. El Paso Ospreys scorer Carver and Salazar put up 30 points. The El Paso Ospreys took a 63-54 lead into the locker room at the break. The Boise Glaciers erased a 15-point hole along the way to close out the win. Emerson delivered the decisive go-ahead score for the Boise Glaciers down the stretch. On the boards, Pemberton finished with 14 rebounds. It was a back-and-forth affair, with 14 lead changes along the way."
738,100738,"Ellison-Reyes led the Spokane Outlaws with 27 points in a 104-97 win over the visiting Tacoma Talons on March 23, 2026, a game Spokane controlled from the opening tip. Thackeray answered with 22 for Tacoma in the loss. The Spokane Outlaws were already up 54-47 at the half and built their cushion to 12 points, with Marlow leading all passers with 6 assists for a Tacoma Talons side that never once found its footing in the second half."
739,100739,"The Tulsa Admirals visited the Fresno Bison on March 23, 2026. The Fresno Bison defeated the Tulsa Admirals by a score of 137-117. Pruitt topped all scorers for the Fresno Bison with 23 points. For the Tulsa Admirals, Mercer scored a team-high 28 points. The Tulsa Admirals took a 65-64 lead into the locker room at the break. After facing a 3-point deficit earlier in the game, the Fresno Bison came all the way back. Beckett hit the go-ahead jumper late in the fourth quarter. 17 made threes came from the Fresno Bison. The Fresno Bison led by up to 26 points along the way to the win."
740,100740,"The Jacksonville Cobras hosted the Baton Rouge Falcons on March 23, 2026. The Jacksonville Cobras came away with a 124-112 victory over the Baton Rouge Falcons. Brennan led the Jacksonville Cobras with 29 points. Sutter paced the Baton Rouge Falcons with 21 points despite the loss. The Jacksonville Cobras took a 62-60 lead into the locker room at the break. The Jacksonville Cobras never trailed at any point in the game. Ball security was a problem, with the Baton Rouge Falcons turning it over 14 times. The Jacksonville Cobras' largest lead of the game was 12 points."
741,100741,"On March 24, 2026, the Cheyenne Pioneers welcomed the Tacoma Talons at home. The Cheyenne Pioneers won, 119-116, over the Tacoma Talons. Vance led the Cheyenne Pioneers with 21 points. For the Tacoma Talons, Vance scored a team-high 22 points. At halftime, the Cheyenne Pioneers were ahead 60-56 following the first two periods. The Cheyenne Pioneers rallied back from a 10-point deficit to come away with the win. The go-ahead bucket late in the game came from Vance of the Cheyenne Pioneers. The Cheyenne Pioneers bench unit produced 50 points. At one stretch of the game, the Cheyenne Pioneers were ahead by 19 points."
742,100742,"The Anchorage Herons hosted the Boise Glaciers on March 24, 2026. The Boise Glaciers won, 117-108, over the Anchorage Herons. For the winners, McAllister scored 21 points. Wolfe led the Anchorage Herons with 35 points in the loss. The Boise Glaciers took a 56-53 lead into the locker room at the break. The Boise Glaciers did not trail at any point in the game. Wolfe added a double-double, going for 35 points and 9 assists. The Boise Glaciers led by up to 12 points along the way to the win."
743,100743,"The Grand Rapids Drifters trailed by as many as 2 points before storming back to beat the host Bakersfield Wranglers, 105-103, on March 24, 2026, in a back-and-forth affair that featured 14 lead changes. Holloway led the Grand Rapids Drifters with 30 points, while Brennan answered with 27 for Bakersfield. Grand Rapids was up 53-48 at the break, and Landon Blackwood supplied the late go-ahead bucket for the Drifters; Wesley Abbott battled foul trouble for Grand Rapids throughout the tight contest."
744,100744,"On March 25, 2026, the Spokane Outlaws traveled to face the Grand Rapids Drifters. The Spokane Outlaws came away with a 116-108 victory over the Grand Rapids Drifters. Yates was the top scorer for the Spokane Outlaws, going for 20 points. Holloway scored 20 points to lead the Grand Rapids Drifters. At halftime, the Grand Rapids Drifters were ahead 57-56 following the first two periods. After facing a 6-point deficit earlier in the game, the Spokane Outlaws came all the way back. It was Carver who put the Spokane Outlaws ahead for good late in the fourth. There was no box score entry for Thackeray of the Spokane Outlaws. The Spokane Outlaws built a lead as big as 15 points during the game."
745,100745,"The Cincinnati Stallions visited the Tulsa Admirals on March 25, 2026. The final score was Cincinnati Stallions 111, Tulsa Admirals 106. McAllister was the top scorer for the Cincinnati Stallions, going for 27 points. On the losing side, Carver scored 25 points. The Cincinnati Stallions led 59-57 at the half after two competitive quarters. The Cincinnati Stallions trailed by 1 points at one stage before pulling away for good. Maddox came up with the go-ahead basket in the final stretch of the game. Brennan paced the glass work with 10 boards. The Cincinnati Stallions' largest lead of the game was 11 points."
746,100746,"Simon Calloway provided the go-ahead points in the closing minutes as the Louisville Nomads edged the visiting Honolulu Miners, 113-110, on March 25, 2026, overcoming a 2-point deficit in a game that saw 6 lead changes. Rivera led the Louisville Nomads with 30 points, while Sinclair answered with 32 for Honolulu. Louisville was up 56-53 at the break, and Emerson set the pace for the Honolulu Miners with 10 assists, though the Nomads' largest lead was only 6 points in a close one."
747,100747,"On March 25, 2026, the Reno Ridgebacks welcomed the Hartford Comets at home. The HAR beat the REN, 139-118. For the winners, Rutledge scored 38 points. Reno Ridgebacks scorer Garner put up 30 points. Heading into halftime, the Hartford Comets led 62-57 through two quarters of play. The Hartford Comets never trailed at any point in the game. The Hartford Comets connected on 17 threes. Hargrove dealt with foul trouble over the course of the game."
748,100748,"The El Paso Ospreys led wire to wire in a 106-99 home win over the visiting Missoula Anchors on March 25, 2026, with Carver scoring 28 to lead El Paso. Thackeray answered with 21 for Missoula in the loss. The El Paso Ospreys were already up 62-44 at halftime and eventually built a lead of 22 points, forcing 14 Missoula turnovers along the way; Trent Carver and Sebastian Rivera both battled foul trouble for El Paso in the win over the Anchors."
749,100749,"On March 25, 2026, the Tacoma Talons welcomed the Fresno Bison at home. The Fresno Bison topped the Tacoma Talons, 114-101. Fresno Bison scorer Pruitt finished with a game-high 23 points. Marlow led the Tacoma Talons with 22 points in the loss. Heading into halftime, the Fresno Bison led 61-48 through two quarters of play. The Fresno Bison erased a 3-point hole along the way to close out the win. Nash provided the go-ahead points for the Fresno Bison in the closing minutes. The Fresno Bison bench chipped in 52 points. There were 2 lead changes over the course of the game."
750,100750,"The Newark Mustangs visited the Cheyenne Pioneers on March 25, 2026. The Newark Mustangs won, 134-117, over the Cheyenne Pioneers. Newark Mustangs scorer Sheffield finished with a game-high 28 points. Vance scored 29 points to lead the Cheyenne Pioneers. The Newark Mustangs took a 71-62 lead into the locker room at the break. The Newark Mustangs did not trail at any point in the game. The Newark Mustangs won it by 17. The Newark Mustangs opened up a 25-point advantage at one point in the game."
751,100751,"On March 25, 2026, the Buffalo Marshals welcomed the Bakersfield Wranglers at home. The Buffalo Marshals won, 122-115, over the Bakersfield Wranglers. Sawyer led the Buffalo Marshals with 36 points. For the Bakersfield Wranglers, Castellano scored a team-high 34 points. The Buffalo Marshals held a 62-50 edge at the half of a closely contested game. At no point during the contest did the Buffalo Marshals trail. The game was decided by 7 points. The Buffalo Marshals' largest lead of the game was 20 points."
752,100752,"On March 25, 2026, the Austin Sentinels traveled to face the Boise Glaciers. The Boise Glaciers came away with a 117-110 victory over the Austin Sentinels. McAllister paced the Boise Glaciers attack, scoring 41 points. On the losing side, Dupree scored 19 points. It was even, 56-56, at the break following a back-and-forth opening half. The Boise Glaciers overcame a 1-point deficit at one stage to win the game. It was Montgomery who put the Boise Glaciers ahead for good late in the fourth. Rivera sat out for the Boise Glaciers, absent from the box score. It was a back-and-forth affair, with 5 lead changes along the way."
753,100753,"Radford's 32 points led all scorers as the Cheyenne Pioneers rolled to a 122-112 road win over the Birmingham Foxes on March 26, 2026, never trailing along the way. Thackeray answered with 18 for Birmingham in the loss, though he also grabbed a game-high 20 rebounds. Cheyenne was already up 62-47 at the half, and Preston Redmond and Chase Sheffield both picked up enough fouls to be in foul trouble as the Pioneers closed out a comfortable win that was never seriously in question after the opening quarter."
754,100754,"Sinclair's 33 points and 8 assists carried the Honolulu Miners to a 105-104 road win over the Nashville Tempest on March 26, 2026, in a game that was tied 54-54 at the half. Nash answered with 16 for Nashville in the loss. Honolulu erased a 4-point deficit down the stretch, and Lorenzo Zimmer came up with the go-ahead basket in the final stretch as the Miners' lead peaked at 7 points; Antoine Zimmer battled foul trouble for Nashville throughout a contest that came down to the final possession."
755,100755,"On the road on March 27, 2026, the MIS took on the JAC at the Jacksonville Cobras' arena. The Jacksonville Cobras topped the Missoula Anchors, 135-101. Jacksonville Cobras scorer Wolfe finished with a game-high 25 points. Missoula Anchors scorer Rutledge put up 23 points. Heading into halftime, the Jacksonville Cobras led 65-52 through two quarters of play. The Jacksonville Cobras led wire-to-wire from the opening tip. 15 made threes came from the Jacksonville Cobras. The Jacksonville Cobras' largest lead of the game was 35 points."
756,100756,"The Honolulu Miners hosted the Boise Glaciers on March 27, 2026. The Honolulu Miners came away with a 120-106 victory over the Boise Glaciers. For the winners, Sinclair and Zimmer scored 31 points. Boise Glaciers scorer Montgomery and McAllister put up 14 points. The Honolulu Miners led 55-46 at the half after two competitive quarters. The Honolulu Miners did not trail at any point in the game. The Boise Glaciers gave the ball away 11 times. Ocampo and Lockhart dealt with foul trouble over the course of the game."
757,100757,"The Reno Ridgebacks visited the Fresno Bison on March 27, 2026. The final score was Reno Ridgebacks 118, Fresno Bison 109. Delgado was the top scorer for the Reno Ridgebacks, going for 27 points. Pruitt scored 31 points to lead the Fresno Bison. The score was knotted at 58-58 heading into halftime after two close quarters. The Reno Ridgebacks overcame a 4-point deficit at one stage to win the game. Farrell delivered the decisive go-ahead score for the Reno Ridgebacks down the stretch. The Reno Ridgebacks bench unit produced 20 points. The Reno Ridgebacks led by up to 15 points along the way to the win."
758,100758,"Thornton's 27 points led the Buffalo Marshals to a 143-127 road win over the Cheyenne Pioneers on March 27, 2026, a game Buffalo controlled from the opening tip. Radford answered with 37 for Cheyenne in the loss. The Marshals were already up 72-65 at the half and stretched their lead to 20 points, with Redmond posting a double-double of 20 points and 7 rebounds; Kai Mercer, Dante Salazar, and Ezekiel Wolfe all spent stretches of the game in foul trouble for the Marshals."
759,100759,"On the road on March 27, 2026, the ALB took on the SPO at the Spokane Outlaws' arena. The Spokane Outlaws won, 104-102, over the Albany Condors. Ellison-Reyes was the top scorer for the Spokane Outlaws, going for 35 points. On the losing side, Easton scored 34 points. At halftime, the Spokane Outlaws were ahead 51-46 following the first two periods. After facing a 9-point deficit earlier in the game, the Spokane Outlaws came all the way back. Zimmer hit the go-ahead jumper late in the fourth quarter. The game was decided by 2 points. Foul trouble limited Brennan and Easton for parts of the game."
760,100760,"The Newark Mustangs visited the Anchorage Herons on March 27, 2026. The Newark Mustangs topped the Anchorage Herons, 142-103. Brennan topped all scorers for the Newark Mustangs with 34 points. Wolfe paced the Anchorage Herons with 38 points despite the loss. The Newark Mustangs led 69-46 at the half after two competitive quarters. The Newark Mustangs never trailed at any point in the game. Rutledge did not suit up for the Anchorage Herons. The Newark Mustangs built a lead as big as 43 points during the game."
761,100761,"On the road on March 27, 2026, the AUS took on the PRO at the Providence Skylarks' arena. The Providence Skylarks came away with a 126-115 victory over the Austin Sentinels. Sinclair paced the Providence Skylarks attack, scoring 19 points. Pemberton scored 20 points to lead the Austin Sentinels. The score was knotted at 56-56 heading into halftime after two close quarters. The Providence Skylarks led wire-to-wire from the opening tip. Easton pulled down a game-high 9 rebounds. The Providence Skylarks built a lead as big as 13 points during the game."
762,100762,"The Tulsa Admirals visited the Louisville Nomads on March 27, 2026. The Louisville Nomads came away with a 129-108 victory over the Tulsa Admirals. For the winners, Garner scored 30 points. Tulsa Admirals scorer Carver put up 21 points. The Louisville Nomads led 66-59 at the half after two competitive quarters. The Louisville Nomads controlled the game from start to finish, never trailing. Rivera recorded 9 assists in the win. Foul trouble was an issue at times for Quigley."
763,100763,"On March 28, 2026, the ELP and the JAC met, with the Jacksonville Cobras on the road. The El Paso Ospreys came away with a 117-95 victory over the Jacksonville Cobras. Salazar was the top scorer for the El Paso Ospreys, going for 25 points. For the Jacksonville Cobras, Brennan scored a team-high 21 points. At halftime, the El Paso Ospreys were ahead 55-46 following the first two periods. The El Paso Ospreys were in front the entire game, never trailing once. The El Paso Ospreys hit 14 three-pointers. The El Paso Ospreys' largest lead of the game was 23 points."
764,100764,"Tyrell Mercer's late go-ahead jumper lifted the Anchorage Herons past the visiting Tacoma Talons, 116-93, on March 28, 2026, after Anchorage climbed out of an early 1-point deficit. Wolfe led the Anchorage Herons with 25 points, while Donnelly and Marlow each had 23 for Tacoma. Anchorage was up 53-50 at the break in a game that saw 13 lead changes and 13 Tacoma turnovers; Kofi Thackeray and Reggie Rutledge battled foul trouble for the Herons, and Damian Navarro for the Talons, in the loss."
765,100765,"On March 28, 2026, the Austin Sentinels traveled to face the Richmond Kestrels. The Richmond Kestrels won, 124-101, over the Austin Sentinels. Beckett led the Richmond Kestrels with 29 points. For the Austin Sentinels, Sawyer scored a team-high 19 points. At halftime, the Richmond Kestrels were ahead 59-51 following the first two periods. Down by as many as 3 points during the game, the Richmond Kestrels still found a way to win. It was Emerson who put the Richmond Kestrels ahead for good late in the fourth. The Richmond Kestrels bench chipped in 40 points. The Richmond Kestrels led by up to 31 points along the way to the win."
766,100766,"Zaire Rutledge's late go-ahead jumper helped the Missoula Anchors put away the visiting Des Moines Vultures, 131-111, on March 28, 2026, after Missoula slipped behind by 5 points before pulling away. McAllister led the Missoula Anchors with a game-high 28 points, while Redmond answered with 22 for Des Moines. Missoula was up 69-59 at the half and eventually won it by 20, stretching their lead to a game-high 26 points; Leon Lambert dealt with foul trouble for the Des Moines Vultures."
767,100767,"Nico Delgado's late go-ahead bucket sent the Reno Ridgebacks past the visiting Providence Skylarks, 126-122, on March 28, 2026, after Reno rallied from a 4-point deficit in a game with 6 lead changes. Pruitt led the Reno Ridgebacks with 32 points, while Barnett answered with 22 for Providence, which had actually led 63-60 at the break. The final margin held at 4 points, with Reno's largest lead also topping out at 6; Ibrahim Gentry battled foul trouble for Reno, and Adrian Redmond for the Skylarks."
768,100768,"On March 29, 2026, the DES and the AUS met, with the Austin Sentinels on the road. The Austin Sentinels won, 125-106, over the Des Moines Vultures. Gallagher led the Austin Sentinels with 19 points. For the Des Moines Vultures, Hargrove scored a team-high 21 points. Heading into halftime, the Austin Sentinels led 59-56 through two quarters of play. The Austin Sentinels rallied back from a 4-point deficit to come away with the win. Emerson hit the go-ahead jumper late in the fourth quarter. Barnett, normally in the rotation for the Des Moines Vultures, did not play. Pemberton battled foul trouble for stretches of the game."
769,100769,"Chase Donnelly put the Tacoma Talons ahead for good late in the fourth as they held off the visiting Providence Skylarks, 109-106, on March 29, 2026, after briefly trailing by 1 point. Thackeray led the Tacoma Talons with 31 points, while Mercer answered with 19 for Providence. Tacoma was up 65-48 at halftime and stretched its lead to 19 points, with Vance grabbing 9 rebounds for Tacoma; Adrian Redmond battled foul trouble along the way for a Providence side that never quite closed the gap."
770,100770,"On March 29, 2026, the BUF and the TUL met, with the Tulsa Admirals on the road. The Buffalo Marshals came away with a 119-106 victory over the Tulsa Admirals. Redmond led the Buffalo Marshals with 23 points. Tulsa Admirals scorer Carver put up 22 points. It was even, 57-57, at the break following a back-and-forth opening half. At no point during the contest did the Buffalo Marshals trail. Redmond dished out a team-high 12 assists. Thornton picked up enough fouls during the game to be in foul trouble."
771,100771,"The Bakersfield Wranglers visited the Nashville Tempest on March 29, 2026. The Nashville Tempest topped the Bakersfield Wranglers, 115-111. Keller led the Nashville Tempest with 21 points. On the losing side, Brennan scored 34 points. The Bakersfield Wranglers led 53-51 at the half after two competitive quarters. The Nashville Tempest trailed by 2 points at one stage before pulling away for good. It was Abbott who put the Nashville Tempest ahead for good late in the fourth. From beyond the arc, the Nashville Tempest went 10-for-the-night. Wakefield and Rivera and Zimmer and Yates dealt with foul trouble over the course of the game."
772,100772,"On March 29, 2026, the Cincinnati Stallions traveled to face the Baton Rouge Falcons. The Cincinnati Stallions defeated the Baton Rouge Falcons by a score of 138-105. For the winners, Maddox scored 29 points. For the Baton Rouge Falcons, Thackeray scored a team-high 25 points. At the break, the Cincinnati Stallions were up 70-52 after the opening two quarters. The Cincinnati Stallions never trailed at any point in the game. Turnovers were an issue for the Baton Rouge Falcons, who had 17. The Cincinnati Stallions led by as many as 35 points at one stage of the game."
773,100773,"The Honolulu Miners hosted the Newark Mustangs on March 29, 2026. The Honolulu Miners won, 110-97, over the Newark Mustangs. Honolulu Miners scorer Sinclair finished with a game-high 35 points. Newark Mustangs scorer Sheffield put up 25 points. The Honolulu Miners held a 54-47 edge at the half of a closely contested game. After facing a 6-point deficit earlier in the game, the Honolulu Miners came all the way back. It was Nash who put the Honolulu Miners ahead for good late in the fourth. 26 bench points helped the Honolulu Miners. It was a back-and-forth affair, with 9 lead changes along the way."
774,100774,"On March 30, 2026, the BIR and the ELP met, with the El Paso Ospreys on the road. The El Paso Ospreys came away with a 123-118 victory over the Birmingham Foxes. Carver paced the El Paso Ospreys attack, scoring 32 points. Birmingham Foxes scorer Ashby put up 23 points. The El Paso Ospreys led 66-55 at the half after two competitive quarters. The El Paso Ospreys led wire-to-wire from the opening tip. Salazar provided the go-ahead points for the El Paso Ospreys in the closing minutes. Carver recorded a double-double at 32 points and 2 assists. Thackeray spent stretches of the game in foul trouble."
775,100775,"On the road on March 30, 2026, the ALB took on the AUS at the Austin Sentinels' arena. The Albany Condors topped the Austin Sentinels, 117-112. Easton topped all scorers for the Albany Condors with 30 points. Ocampo paced the Austin Sentinels with 23 points despite the loss. The Austin Sentinels took a 59-54 lead into the locker room at the break. Down by as many as 5 points during the game, the Albany Condors still found a way to win. Winslow provided the go-ahead points for the Albany Condors in the closing minutes. The final margin was 5 points. At one stretch of the game, the Albany Condors were ahead by 8 points."
776,100776,"On March 30, 2026, the Jacksonville Cobras welcomed the Tacoma Talons at home. The Jacksonville Cobras defeated the Tacoma Talons by a score of 126-110. Granger paced the Jacksonville Cobras attack, scoring 28 points. Vance scored 20 points to lead the Tacoma Talons. Heading into halftime, the Jacksonville Cobras led 68-53 through two quarters of play. After facing a 2-point deficit earlier in the game, the Jacksonville Cobras came all the way back. Granger delivered the decisive go-ahead score for the Jacksonville Cobras down the stretch. Thackeray (JAC), a rotation regular, did not appear in the box score. There were 15 lead changes over the course of the game."
777,100777,"On March 30, 2026, the Columbus Voyagers traveled to face the Missoula Anchors. The Missoula Anchors defeated the Columbus Voyagers by a score of 130-99. McAllister topped all scorers for the Missoula Anchors with 23 points. On the losing side, Sinclair scored 36 points. The Missoula Anchors led 64-51 at the half after two competitive quarters. Down by as many as 5 points during the game, the Missoula Anchors still found a way to win. The go-ahead bucket late in the game came from Mercer of the Missoula Anchors. Oakley paced the glass work with 15 boards. Foul trouble limited Kirby for parts of the game."
778,100778,"On the road on March 30, 2026, the GRA took on the ALE at the Albuquerque Lancers' arena. The ALE beat the GRA, 129-114. Salazar paced the Albuquerque Lancers attack, scoring 41 points. Blackwood scored 23 points to lead the Grand Rapids Drifters. The Grand Rapids Drifters led 64-57 at the half after two competitive quarters. Down by as many as 13 points during the game, the Albuquerque Lancers still found a way to win. It was Dalton who put the Albuquerque Lancers ahead for good late in the fourth. Emerson dished out a team-high 10 assists. The Albuquerque Lancers led by as many as 19 points at one stage of the game."
779,100779,"The Anchorage Herons visited the Cheyenne Pioneers on March 30, 2026. The final score was Anchorage Herons 128, Cheyenne Pioneers 125. Fairbanks paced the Anchorage Herons attack, scoring 45 points. Cheyenne Pioneers scorer Kirby put up 36 points. At the break, the Cheyenne Pioneers were up 64-58 after the opening two quarters. The Anchorage Herons erased a 6-point hole along the way to close out the win. Sinclair hit the go-ahead jumper late in the fourth quarter. The Anchorage Herons hit 16 three-pointers. The lead changed hands 1 times during the course of the game."
780,100780,"On the road on March 31, 2026, the REN took on the PRO at the Providence Skylarks' arena. The Providence Skylarks topped the Reno Ridgebacks, 116-99. For the winners, Boone scored 18 points. Reno Ridgebacks scorer Rutledge put up 20 points. The Providence Skylarks held a 55-50 edge at the half of a closely contested game. After facing a 6-point deficit earlier in the game, the Providence Skylarks came all the way back. Barnett delivered the decisive go-ahead score for the Providence Skylarks down the stretch. The Reno Ridgebacks gave the ball away 15 times. Redmond and Garner and Farrell and Maddox dealt with foul trouble over the course of the game."
781,100781,"On March 31, 2026, the ELP and the TAC met, with the Tacoma Talons on the road. The TAC beat the ELP, 115-113. For the winners, Marlow scored 26 points. On the losing side, Sinclair scored 30 points. At halftime, the El Paso Ospreys were ahead 58-57 following the first two periods. The Tacoma Talons erased a 9-point hole along the way to close out the win. Marlow provided the go-ahead points for the Tacoma Talons in the closing minutes. Reserves for the Tacoma Talons scored 25 points. At one stretch of the game, the Tacoma Talons were ahead by 5 points."
782,100782,"The Spokane Outlaws visited the Albany Condors on March 31, 2026. The Albany Condors came away with a 119-109 victory over the Spokane Outlaws. Easton led the Albany Condors with 31 points. Spokane Outlaws scorer Ellison-Reyes put up 33 points. The score was knotted at 60-60 heading into halftime after two close quarters. The Albany Condors overcame a 5-point deficit at one stage to win the game. Rutledge came up with the go-ahead basket in the final stretch of the game. Boone recorded a double-double at 19 points and 7 assists. The game featured 9 lead changes before it was finally decided."
783,100783,"On March 31, 2026, the HON and the GRA met, with the Grand Rapids Drifters on the road. The Honolulu Miners came away with a 142-130 victory over the Grand Rapids Drifters. Honolulu Miners scorer Sinclair finished with a game-high 51 points. Emerson led the Grand Rapids Drifters with 27 points in the loss. At halftime, the Grand Rapids Drifters were ahead 73-69 following the first two periods. The Honolulu Miners rallied back from a 8-point deficit to come away with the win. The go-ahead bucket late in the game came from Sinclair of the Honolulu Miners. The Honolulu Miners won it by 12. The Honolulu Miners led by up to 17 points along the way to the win."
784,100784,"On March 31, 2026, the Cheyenne Pioneers traveled to face the Missoula Anchors. The Missoula Anchors won, 124-114, over the Cheyenne Pioneers. McAllister and Rutledge topped all scorers for the Missoula Anchors with 25 points. Vance scored 31 points to lead the Cheyenne Pioneers. Heading into halftime, the Missoula Anchors led 63-53 through two quarters of play. The Missoula Anchors were in front the entire game, never trailing once. The Cheyenne Pioneers were without regular contributor Kirby. The Missoula Anchors built a lead as big as 12 points during the game."
785,100785,"Antoine Sheffield provided the go-ahead points in the closing minutes as the Baton Rouge Falcons rallied past the visiting Honolulu Miners, 134-128, on April 1, 2026, in a back-and-forth affair with 5 lead changes. Thackeray exploded for 45 points for Baton Rouge, while Emerson answered with 30 for the Honolulu Miners. The Baton Rouge Falcons were up 62-59 at the break after climbing out of a 4-point deficit, and their lead eventually reached 16 points; Nash pulled down a game-high 16 rebounds, and Sebastian Hastings battled foul trouble."
786,100786,"On April 1, 2026, the Boise Glaciers traveled to face the El Paso Ospreys. The Boise Glaciers won, 136-132, over the El Paso Ospreys. For the winners, Godfrey scored 23 points. Zimmer paced the El Paso Ospreys with 41 points despite the loss. The Boise Glaciers led 72-63 at the half after two competitive quarters. At no point during the contest did the Boise Glaciers trail. Sawyer delivered the decisive go-ahead score for the Boise Glaciers down the stretch. Yates set the pace with 9 assists. Foul trouble was an issue at times for Carver."
787,100787,"The Cheyenne Pioneers hosted the Austin Sentinels on April 1, 2026. The final score was Cheyenne Pioneers 147, Austin Sentinels 101. Cheyenne Pioneers scorer Thackeray finished with a game-high 30 points. Lockhart scored 21 points to lead the Austin Sentinels. The Cheyenne Pioneers held a 66-53 edge at the half of a closely contested game. The Cheyenne Pioneers controlled the game from start to finish, never trailing. The Cheyenne Pioneers hit 15 three-pointers. The Cheyenne Pioneers' largest lead of the game was 53 points."
788,100788,"On the road on April 1, 2026, the FRE took on the REN at the Reno Ridgebacks' arena. The Fresno Bison came away with a 138-109 victory over the Reno Ridgebacks. For the winners, Pruitt scored 26 points. On the losing side, Rutledge scored 21 points. The Fresno Bison led 70-53 at the half after two competitive quarters. The Fresno Bison rallied back from a 4-point deficit to come away with the win. Wolfe came up with the go-ahead basket in the final stretch of the game. Turnovers were an issue for the Reno Ridgebacks, who had 20. The lead changed hands 3 times during the course of the game."
789,100789,"The Tacoma Talons hosted the Albuquerque Lancers on April 1, 2026. The Albuquerque Lancers won, 127-113, over the Tacoma Talons. Salazar topped all scorers for the Albuquerque Lancers with 41 points. For the Tacoma Talons, Fairbanks scored a team-high 18 points. The Albuquerque Lancers held a 59-56 edge at the half of a closely contested game. After facing a 7-point deficit earlier in the game, the Albuquerque Lancers came all the way back. The go-ahead bucket late in the game came from Farrell of the Albuquerque Lancers. Reserves for the Albuquerque Lancers scored 37 points. Winslow and Bradford and Fairbanks spent stretches of the game in foul trouble."
790,100790,"The Honolulu Miners hosted the Spokane Outlaws on April 2, 2026. The Spokane Outlaws came away with a 123-87 victory over the Honolulu Miners. Ellison-Reyes was the top scorer for the Spokane Outlaws, going for 25 points. On the losing side, Ocampo scored 15 points. The Spokane Outlaws held a 56-44 edge at the half of a closely contested game. At no point during the contest did the Spokane Outlaws trail. It was a double-double night for Zimmer: 15 points, 10 rebounds. The Spokane Outlaws led by as many as 44 points at one stage of the game."
791,100791,"On April 2, 2026, the Fresno Bison welcomed the Tacoma Talons at home. The Fresno Bison topped the Tacoma Talons, 115-110. For the winners, Bellamy scored 20 points. Bellamy led the Tacoma Talons with 24 points in the loss. At halftime, the Fresno Bison were ahead 53-51 following the first two periods. The Fresno Bison erased a 2-point hole along the way to close out the win. Bellamy hit the go-ahead jumper late in the fourth quarter. The Fresno Bison won it by 5. 15 lead changes kept the outcome in doubt until late in the game."
792,100792,"On the road on April 2, 2026, the ANC took on the CHE at the Cheyenne Pioneers' arena. The Anchorage Herons came away with a 130-117 victory over the Cheyenne Pioneers. Anchorage Herons scorer Fairbanks finished with a game-high 37 points. For the Cheyenne Pioneers, Vance scored a team-high 28 points. At halftime, the Anchorage Herons were ahead 70-54 following the first two periods. The Anchorage Herons trailed by 2 points at one stage before pulling away for good. Rivera hit the go-ahead jumper late in the fourth quarter. Kirby, normally in the rotation for the Cheyenne Pioneers, did not play. The Anchorage Herons led by up to 17 points along the way to the win."
793,100793,"The Richmond Kestrels never trailed in a 127-107 home blowout of the visiting Bakersfield Wranglers on April 2, 2026, with Ashby scoring a game-high 25 points. Castellano answered with 25 for Bakersfield in the loss. Richmond was already up 66-48 at halftime and built its lead to 29 points, with Larkin controlling the glass at 10 rebounds along the way to a comfortable win for the Richmond Kestrels over the Bakersfield Wranglers at home, one that was decided well before the fourth quarter."
794,100794,"On April 2, 2026, the El Paso Ospreys welcomed the Austin Sentinels at home. The El Paso Ospreys defeated the Austin Sentinels by a score of 132-101. Montgomery paced the El Paso Ospreys attack, scoring 23 points. For the Austin Sentinels, Lockhart scored a team-high 26 points. The El Paso Ospreys took a 66-56 lead into the locker room at the break. The El Paso Ospreys did not trail at any point in the game. Godfrey recorded 11 assists in the win. Godfrey and Kirby spent stretches of the game in foul trouble."
795,100795,"On April 2, 2026, the Boise Glaciers welcomed the Tulsa Admirals at home. The BOI beat the TUL, 132-126. Godfrey led the Boise Glaciers with 26 points. For the Tulsa Admirals, Mercer scored a team-high 36 points. The Boise Glaciers took a 64-61 lead into the locker room at the break. The Boise Glaciers erased a 4-point hole along the way to close out the win. Yates provided the go-ahead points for the Boise Glaciers in the closing minutes. The Boise Glaciers made 10 three-pointers as a team. Foul trouble limited Gentry and Lockhart and Farrell and Calloway and Dupree for parts of the game."
796,100796,"The Spokane Outlaws hosted the Bakersfield Wranglers on April 3, 2026. The Bakersfield Wranglers won, 135-103, over the Spokane Outlaws. Bakersfield Wranglers scorer Carver finished with a game-high 27 points. On the losing side, Abbott scored 26 points. The Bakersfield Wranglers held a 75-49 edge at the half of a closely contested game. At no point during the contest did the Bakersfield Wranglers trail. The Spokane Outlaws committed 10 turnovers. The Bakersfield Wranglers built a lead as big as 36 points during the game."
797,100797,"The Richmond Kestrels visited the Boise Glaciers on April 3, 2026. The final score was Richmond Kestrels 122, Boise Glaciers 108. Beckett led the Richmond Kestrels with 35 points. Boise Glaciers scorer Montgomery put up 26 points. The Richmond Kestrels held a 68-53 edge at the half of a closely contested game. Down by as many as 6 points during the game, the Richmond Kestrels still found a way to win. Ashby provided the go-ahead points for the Richmond Kestrels in the closing minutes. The Richmond Kestrels bench unit produced 36 points. The game featured 7 lead changes before it was finally decided."
798,100798,"On the road on April 3, 2026, the CHE took on the HON at the Honolulu Miners' arena. The Honolulu Miners defeated the Cheyenne Pioneers by a score of 131-107. Honolulu Miners scorer Ocampo and Vasquez finished with a game-high 22 points. Pruitt led the Cheyenne Pioneers with 29 points in the loss. At the break, the Honolulu Miners were up 70-56 after the opening two quarters. The Honolulu Miners trailed by 5 points at one stage before pulling away for good. Nash came up with the go-ahead basket in the final stretch of the game. Ocampo posted a double-double with 22 points and 10 rebounds. The Honolulu Miners led by as many as 26 points at one stage of the game."
799,100799,"On April 3, 2026, the ANC and the MIS met, with the Missoula Anchors on the road. The Anchorage Herons defeated the Missoula Anchors by a score of 137-132. Wolfe topped all scorers for the Anchorage Herons with 35 points. Missoula Anchors scorer Keller put up 30 points. At halftime, the Anchorage Herons were ahead 71-64 following the first two periods. The Anchorage Herons never trailed at any point in the game. The go-ahead bucket late in the game came from Rivera of the Anchorage Herons. The game was decided by 5 points. The Anchorage Herons built a lead as big as 15 points during the game."
800,100800,"Zaire Rivera delivered the go-ahead score down the stretch as the Reno Ridgebacks rallied past the visiting Tulsa Admirals, 117-113, on April 3, 2026, after trailing 62-58 at the break and climbing out of a 9-point hole. Garner led the Reno Ridgebacks with 28 points, while Mercer answered with 28 for Tulsa. Only 4 lead changes kept the outcome in doubt late, and Whitaker, normally in the Ridgebacks' rotation, did not play; Roman Easton battled foul trouble for Reno throughout the comeback win."
801,100801,"The Grand Rapids Drifters hosted the Bakersfield Wranglers on April 4, 2026. The Bakersfield Wranglers came away with a 120-110 victory over the Grand Rapids Drifters. Brennan topped all scorers for the Bakersfield Wranglers with 30 points. Blackwood led the Grand Rapids Drifters with 29 points in the loss. Heading into halftime, the Bakersfield Wranglers led 60-51 through two quarters of play. The Bakersfield Wranglers trailed by 5 points at one stage before pulling away for good. Castellano hit the go-ahead jumper late in the fourth quarter. Moreno controlled the glass with 10 rebounds. Holloway and Brennan and Yates picked up enough fouls during the game to be in foul trouble."
802,100802,"On April 5, 2026, the Cincinnati Stallions traveled to face the Tacoma Talons. The final score was Cincinnati Stallions 118, Tacoma Talons 111. For the winners, McAllister scored 25 points. Thackeray and Marlow paced the Tacoma Talons with 25 points despite the loss. At the break, the Cincinnati Stallions were up 61-52 after the opening two quarters. The Cincinnati Stallions never trailed at any point in the game. Bradford set the pace with 9 assists. At one stretch of the game, the Cincinnati Stallions were ahead by 15 points."
803,100803,"On the road on April 5, 2026, the AUS took on the COL at the Columbus Voyagers' arena. The COL beat the AUS, 131-115. For the winners, Sinclair scored 24 points. Pemberton scored 33 points to lead the Austin Sentinels. At the break, the Columbus Voyagers were up 70-61 after the opening two quarters. Down by as many as 2 points during the game, the Columbus Voyagers still found a way to win. Zimmer came up with the go-ahead basket in the final stretch of the game. From beyond the arc, the Columbus Voyagers went 16-for-the-night. The lead changed hands 5 times during the course of the game."
804,100804,"The Baton Rouge Falcons visited the Fresno Bison on April 5, 2026. The Fresno Bison won, 116-103, over the Baton Rouge Falcons. For the winners, Pruitt scored 34 points. Thackeray scored 25 points to lead the Baton Rouge Falcons. The Fresno Bison took a 56-55 lead into the locker room at the break. Down by as many as 1 points during the game, the Fresno Bison still found a way to win. The go-ahead bucket late in the game came from Pruitt of the Fresno Bison. The Baton Rouge Falcons coughed it up 8 times. The Fresno Bison built a lead as big as 17 points during the game."
805,100805,"The Anchorage Herons never trailed in a 127-107 home win over the visiting Spokane Outlaws on April 5, 2026, with Gentry leading Anchorage at 23 points. Abbott answered with 23 for Spokane in the loss. The Anchorage Herons were already up 64-54 at halftime and built their lead to 26 points, getting 50 points from the bench along the way to a comfortable win over the Spokane Outlaws at home, one that never felt in doubt after the first quarter."
806,100806,"The Missoula Anchors hosted the Reno Ridgebacks on April 5, 2026. The Missoula Anchors defeated the Reno Ridgebacks by a score of 122-110. Keller topped all scorers for the Missoula Anchors with 25 points. On the losing side, Farrell scored 27 points. The two teams were tied 55-55 at the half after an evenly played first two quarters. The Missoula Anchors controlled the game from start to finish, never trailing. Oakley recorded a double-double at 13 points and 1 assists. Foul trouble was an issue at times for Easton."
807,100807,"On April 5, 2026, the Honolulu Miners welcomed the Bakersfield Wranglers at home. The HON beat the BAK, 101-73. Honolulu Miners scorer Emerson finished with a game-high 28 points. For the Bakersfield Wranglers, Wakefield scored a team-high 12 points. The Honolulu Miners took a 51-39 lead into the locker room at the break. The Honolulu Miners rallied back from a 4-point deficit to come away with the win. Emerson provided the go-ahead points for the Honolulu Miners in the closing minutes. The Honolulu Miners came out on top by 28 points. The Honolulu Miners led by as many as 32 points at one stage of the game."
808,100808,"On the road on April 5, 2026, the TUL took on the ALB at the Albany Condors' arena. The ALB beat the TUL, 144-118. Pemberton topped all scorers for the Albany Condors with 24 points. For the Tulsa Admirals, Mercer scored a team-high 36 points. Heading into halftime, the Albany Condors led 66-61 through two quarters of play. The Albany Condors trailed by 5 points at one stage before pulling away for good. It was Pemberton who put the Albany Condors ahead for good late in the fourth. Radford sat out for the Tulsa Admirals, absent from the box score. The Albany Condors built a lead as big as 30 points during the game."
809,100809,"On April 5, 2026, the Albuquerque Lancers welcomed the Hartford Comets at home. The final score was Albuquerque Lancers 115, Hartford Comets 102. Dalton led the Albuquerque Lancers with 19 points. Sawyer scored 34 points to lead the Hartford Comets. The Albuquerque Lancers took a 53-52 lead into the locker room at the break. The Albuquerque Lancers trailed by 7 points at one stage before pulling away for good. Farrell delivered the decisive go-ahead score for the Albuquerque Lancers down the stretch. Sawyer pulled down a game-high 12 rebounds. There were 11 lead changes over the course of the game."
810,100810,"The El Paso Ospreys hosted the Cheyenne Pioneers on April 6, 2026. The ELP beat the CHE, 140-106. Salazar was the top scorer for the El Paso Ospreys, going for 25 points. On the losing side, Jennings scored 27 points. The El Paso Ospreys held a 72-51 edge at the half of a closely contested game. At no point during the contest did the El Paso Ospreys trail. Sinclair dished out a team-high 7 assists. Sheffield picked up enough fouls during the game to be in foul trouble."
811,100811,"The Missoula Anchors visited the Albuquerque Lancers on April 6, 2026. The ALE beat the MIS, 112-101. For the winners, Holloway scored 25 points. Keller led the Missoula Anchors with 29 points in the loss. The score was knotted at 51-51 heading into halftime after two close quarters. The Albuquerque Lancers rallied back from a 8-point deficit to come away with the win. Thackeray provided the go-ahead points for the Albuquerque Lancers in the closing minutes. The Albuquerque Lancers connected on 11 threes. The Albuquerque Lancers led by as many as 13 points at one stage of the game."
812,100812,"The Reno Ridgebacks visited the Buffalo Marshals on April 6, 2026. The Reno Ridgebacks won, 123-115, over the Buffalo Marshals. Reno Ridgebacks scorer Farrell and Delgado finished with a game-high 28 points. On the losing side, Mercer and Thornton scored 20 points. The Buffalo Marshals led 59-57 at the half after two competitive quarters. The Reno Ridgebacks overcame a 7-point deficit at one stage to win the game. Rutledge came up with the go-ahead basket in the final stretch of the game. The Buffalo Marshals committed 11 turnovers. It was a back-and-forth affair, with 6 lead changes along the way."
813,100813,"On April 7, 2026, the ANC and the AUS met, with the Austin Sentinels on the road. The Anchorage Herons won, 136-117, over the Austin Sentinels. For the winners, Fairbanks scored 26 points. On the losing side, Dalton scored 27 points. At the break, the Anchorage Herons were up 67-56 after the opening two quarters. The Anchorage Herons trailed by 1 points at one stage before pulling away for good. It was Sinclair who put the Anchorage Herons ahead for good late in the fourth. 58 bench points helped the Anchorage Herons. Gentry and Lockhart spent stretches of the game in foul trouble."
814,100814,"On April 7, 2026, the Grand Rapids Drifters traveled to face the Baton Rouge Falcons. The Baton Rouge Falcons won, 149-128, over the Grand Rapids Drifters. Maddox topped all scorers for the Baton Rouge Falcons with 28 points. Grand Rapids Drifters scorer Marlow put up 25 points. At the break, the Baton Rouge Falcons were up 76-69 after the opening two quarters. The Baton Rouge Falcons were in front the entire game, never trailing once. Carver posted a double-double with 15 points and 9 rebounds. At one stretch of the game, the Baton Rouge Falcons were ahead by 27 points."
815,100815,"On April 7, 2026, the Honolulu Miners traveled to face the Spokane Outlaws. The final score was Spokane Outlaws 139, Honolulu Miners 96. Ellison-Reyes paced the Spokane Outlaws attack, scoring 28 points. Honolulu Miners scorer Zimmer put up 15 points. At halftime, the Spokane Outlaws were ahead 71-44 following the first two periods. The Spokane Outlaws did not trail at any point in the game. The final margin was 43 points. The Spokane Outlaws led by as many as 45 points at one stage of the game."
816,100816,"On April 7, 2026, the Tacoma Talons welcomed the El Paso Ospreys at home. The El Paso Ospreys defeated the Tacoma Talons by a score of 117-116. Salazar paced the El Paso Ospreys attack, scoring 31 points. Tacoma Talons scorer Bellamy put up 29 points. At the break, the El Paso Ospreys were up 65-58 after the opening two quarters. The El Paso Ospreys rallied back from a 7-point deficit to come away with the win. Vance delivered the decisive go-ahead score for the El Paso Ospreys down the stretch. There was no box score entry for Lambert of the Tacoma Talons. Donnelly and Bradford battled foul trouble for stretches of the game."
817,100817,"On April 7, 2026, the Boise Glaciers traveled to face the Nashville Tempest. The Nashville Tempest defeated the Boise Glaciers by a score of 132-120. Nash topped all scorers for the Nashville Tempest with 20 points. Godfrey paced the Boise Glaciers with 33 points despite the loss. At the break, the Nashville Tempest were up 69-63 after the opening two quarters. Down by as many as 3 points during the game, the Nashville Tempest still found a way to win. Vance came up with the go-ahead basket in the final stretch of the game. Lambert paced the glass work with 15 boards. The Nashville Tempest' largest lead of the game was 18 points."
818,100818,"The Cheyenne Pioneers visited the Tulsa Admirals on April 7, 2026. The final score was Tulsa Admirals 156, Cheyenne Pioneers 137. Mercer paced the Tulsa Admirals attack, scoring 40 points. Keller scored 31 points to lead the Cheyenne Pioneers. Heading into halftime, the Tulsa Admirals led 79-71 through two quarters of play. The Tulsa Admirals were in front the entire game, never trailing once. Kirby dished out a team-high 10 assists. The Tulsa Admirals built a lead as big as 20 points during the game."
819,100819,"On April 8, 2026, the DES and the BOI met, with the Boise Glaciers on the road. The final score was Boise Glaciers 124, Des Moines Vultures 104. Lockhart paced the Boise Glaciers attack, scoring 24 points. Des Moines Vultures scorer McAllister put up 17 points. The Boise Glaciers held a 68-57 edge at the half of a closely contested game. The Boise Glaciers did not trail at any point in the game. The Boise Glaciers made 17 three-pointers as a team. The Boise Glaciers' largest lead of the game was 23 points."
820,100820,"The Missoula Anchors hosted the Fresno Bison on April 8, 2026. The Missoula Anchors won, 116-97, over the Fresno Bison. Missoula Anchors scorer Keller finished with a game-high 35 points. For the Fresno Bison, Pruitt scored a team-high 24 points. Heading into halftime, the Missoula Anchors led 65-51 through two quarters of play. The Missoula Anchors rallied back from a 2-point deficit to come away with the win. It was Abbott who put the Missoula Anchors ahead for good late in the fourth. The Fresno Bison gave the ball away 16 times. The Missoula Anchors led by as many as 26 points at one stage of the game."
821,100821,"On April 8, 2026, the ALE and the BAT met, with the Baton Rouge Falcons on the road. The Albuquerque Lancers topped the Baton Rouge Falcons, 139-120. For the winners, Salazar scored 40 points. For the Baton Rouge Falcons, Thackeray scored a team-high 33 points. The Albuquerque Lancers held a 65-56 edge at the half of a closely contested game. The Albuquerque Lancers erased a 4-point hole along the way to close out the win. Donnelly came up with the go-ahead basket in the final stretch of the game. 49 bench points helped the Albuquerque Lancers. There were 6 lead changes over the course of the game."
822,100822,"On the road on April 8, 2026, the COL took on the ELP at the El Paso Ospreys' arena. The El Paso Ospreys came away with a 119-113 victory over the Columbus Voyagers. El Paso Ospreys scorer Sinclair finished with a game-high 27 points. Maddox led the Columbus Voyagers with 36 points in the loss. Heading into halftime, the Columbus Voyagers led 59-57 through two quarters of play. The El Paso Ospreys trailed by 9 points at one stage before pulling away for good. Sinclair came up with the go-ahead basket in the final stretch of the game. Maddox turned in a double-double with 36 points and 7 rebounds. Foul trouble was an issue at times for Carver."
823,100823,"On the road on April 8, 2026, the BUF took on the AUS at the Austin Sentinels' arena. The Buffalo Marshals defeated the Austin Sentinels by a score of 128-96. For the winners, Thornton scored 25 points. Austin Sentinels scorer Sawyer put up 30 points. The Buffalo Marshals led 75-44 at the half after two competitive quarters. The Buffalo Marshals controlled the game from start to finish, never trailing. The final margin was 32 points. The Buffalo Marshals opened up a 46-point advantage at one point in the game."
824,100824,"The Albuquerque Lancers visited the Fresno Bison on April 9, 2026. The final score was Albuquerque Lancers 118, Fresno Bison 99. Holloway was the top scorer for the Albuquerque Lancers, going for 22 points. Pruitt scored 24 points to lead the Fresno Bison. Heading into halftime, the Albuquerque Lancers led 64-54 through two quarters of play. The Albuquerque Lancers erased a 2-point hole along the way to close out the win. Holloway delivered the decisive go-ahead score for the Albuquerque Lancers down the stretch. There was no box score entry for Ashby of the Fresno Bison. The lead changed hands 2 times during the course of the game."
825,100825,"The Reno Ridgebacks hosted the Tacoma Talons on April 9, 2026. The Reno Ridgebacks won, 124-118, over the Tacoma Talons. Rutledge led the Reno Ridgebacks with 29 points. Tacoma Talons scorer Marlow put up 30 points. At the break, the Reno Ridgebacks were up 65-56 after the opening two quarters. The Reno Ridgebacks controlled the game from start to finish, never trailing. Redmond paced the glass work with 9 boards. Foul trouble was an issue at times for Easton."
826,100826,"The Honolulu Miners led wire to wire in a 119-103 road win over the host Tacoma Talons on April 10, 2026, with Emerson scoring 26 to pace Honolulu. Marlow and Fairbanks each had 17 for Tacoma in the loss. The Honolulu Miners were already up 65-50 at halftime and eventually built their lead to 24 points, with Emerson also dishing 11 assists; Sebastian Hastings battled foul trouble for Honolulu on the road against a Tacoma Talons team that trailed from the opening tip."
827,100827,"On the road on April 10, 2026, the BOI took on the LOU at the Louisville Nomads' arena. The Louisville Nomads came away with a 113-108 victory over the Boise Glaciers. Rivera led the Louisville Nomads with 26 points. Boise Glaciers scorer Montgomery put up 27 points. The Boise Glaciers held a 57-54 edge at the half of a closely contested game. The Louisville Nomads trailed by 6 points at one stage before pulling away for good. It was Rivera who put the Louisville Nomads ahead for good late in the fourth. The Louisville Nomads knocked down 10 shots from deep. It was a back-and-forth affair, with 17 lead changes along the way."
828,100828,"The Austin Sentinels hosted the Newark Mustangs on April 10, 2026. The Newark Mustangs defeated the Austin Sentinels by a score of 130-119. For the winners, Brennan scored 25 points. Sawyer scored 20 points to lead the Austin Sentinels. The score was knotted at 64-64 heading into halftime after two close quarters. The Newark Mustangs never trailed at any point in the game. 13 turnovers plagued the Austin Sentinels. Foul trouble limited Dalton for parts of the game."
829,100829,"On April 10, 2026, the Cheyenne Pioneers traveled to face the Spokane Outlaws. The final score was Spokane Outlaws 146, Cheyenne Pioneers 111. Zimmer was the top scorer for the Spokane Outlaws, going for 21 points. On the losing side, Vance scored 34 points. At the break, the Spokane Outlaws were up 70-56 after the opening two quarters. The Spokane Outlaws controlled the game from start to finish, never trailing. The Spokane Outlaws got 67 points off the bench. The Spokane Outlaws' largest lead of the game was 38 points."
830,100830,"The Bakersfield Wranglers hosted the Baton Rouge Falcons on April 10, 2026. The Bakersfield Wranglers topped the Baton Rouge Falcons, 112-107. Bakersfield Wranglers scorer Brennan finished with a game-high 37 points. Maddox scored 23 points to lead the Baton Rouge Falcons. The Bakersfield Wranglers took a 61-55 lead into the locker room at the break. At no point during the contest did the Bakersfield Wranglers trail. Brennan delivered the decisive go-ahead score for the Bakersfield Wranglers down the stretch. Thackeray notched a double-double, finishing with 11 points and 11 rebounds. Foul trouble was an issue at times for Rivera."
831,100831,"Devonte Nash put the Nashville Tempest ahead for good late in the fourth as they held off the host Tulsa Admirals, 112-108, on the road on April 10, 2026, after climbing out of a 5-point deficit. Keller led the Nashville Tempest with 27 points, while Rutledge answered with 32 for Tulsa in the loss. Nashville was up 59-57 at the break and won it by 4, with Samir Emerson battling foul trouble along the way for the Nashville Tempest against the Tulsa Admirals."
832,100832,"On the road on April 10, 2026, the HAR took on the ELP at the El Paso Ospreys' arena. The El Paso Ospreys defeated the Hartford Comets by a score of 113-102. Salazar topped all scorers for the El Paso Ospreys with 29 points. For the Hartford Comets, Boone scored a team-high 24 points. At halftime, the El Paso Ospreys were ahead 52-50 following the first two periods. The El Paso Ospreys led wire-to-wire from the opening tip. There was no box score entry for Quigley of the El Paso Ospreys. The El Paso Ospreys led by up to 19 points along the way to the win."
833,100833,"The Anchorage Herons visited the Albuquerque Lancers on April 10, 2026. The Anchorage Herons won, 128-118, over the Albuquerque Lancers. Anchorage Herons scorer Sinclair finished with a game-high 25 points. Holloway led the Albuquerque Lancers with 24 points in the loss. At the break, the Anchorage Herons were up 66-59 after the opening two quarters. The Anchorage Herons controlled the game from start to finish, never trailing. On the boards, Navarro finished with 13 rebounds. The Anchorage Herons built a lead as big as 17 points during the game."
834,100834,"On April 12, 2026, the Missoula Anchors welcomed the Tulsa Admirals at home. The Missoula Anchors came away with a 118-106 victory over the Tulsa Admirals. Rutledge paced the Missoula Anchors attack, scoring 27 points. Tulsa Admirals scorer Mercer put up 21 points. At the break, the Missoula Anchors were up 57-54 after the opening two quarters. The Missoula Anchors trailed by 4 points at one stage before pulling away for good. Rutledge hit the go-ahead jumper late in the fourth quarter. Ball movement ran through Rutledge, who had 9 assists. Oakley dealt with foul trouble over the course of the game."
835,100835,"Eli Sawyer's go-ahead basket in the final stretch lifted the host Hartford Comets past the visiting Boise Glaciers, 115-103, on April 12, 2026, after Hartford rallied from a 7-point deficit. Dalton led the Hartford Comets with 23 points, while Montgomery and Bradford each had 21 for Boise. The Hartford Comets were up 56-54 at the half and connected on 9 made threes along the way, eventually building a lead of 19 points before the final horn against the Boise Glaciers."
836,100836,"On April 12, 2026, the BAT and the NAS met, with the Nashville Tempest on the road. The Nashville Tempest won, 138-127, over the Baton Rouge Falcons. For the winners, Emerson scored 28 points. Baton Rouge Falcons scorer Thackeray put up 51 points. At the break, the Nashville Tempest were up 68-60 after the opening two quarters. The Nashville Tempest were in front the entire game, never trailing once. The Baton Rouge Falcons coughed it up 13 times. Abbott and Garner and Nash spent stretches of the game in foul trouble."
837,100837,"The Albuquerque Lancers visited the Anchorage Herons on April 12, 2026. The Anchorage Herons came away with a 136-134 victory over the Albuquerque Lancers. Wolfe was the top scorer for the Anchorage Herons, going for 40 points. Salazar paced the Albuquerque Lancers with 34 points despite the loss. Heading into halftime, the Anchorage Herons led 68-66 through two quarters of play. The Anchorage Herons erased a 1-point hole along the way to close out the win. Fairbanks provided the go-ahead points for the Anchorage Herons in the closing minutes. The Anchorage Herons bench chipped in 28 points. Fairbanks and Dalton dealt with foul trouble over the course of the game."
838,100838,"The Austin Sentinels hosted the Cincinnati Stallions on April 12, 2026. The CIN beat the AUS, 142-126. Cincinnati Stallions scorer Maddox finished with a game-high 24 points. On the losing side, Cortez scored 24 points. Heading into halftime, the Cincinnati Stallions led 67-65 through two quarters of play. The Cincinnati Stallions overcame a 5-point deficit at one stage to win the game. Moreno hit the go-ahead jumper late in the fourth quarter. Easton notched a double-double, finishing with 22 points and 5 rebounds. The Cincinnati Stallions' largest lead of the game was 21 points."
839,100839,"On April 12, 2026, the Reno Ridgebacks traveled to face the Tacoma Talons. The final score was Tacoma Talons 110, Reno Ridgebacks 105. Vance paced the Tacoma Talons attack, scoring 21 points. Granger paced the Reno Ridgebacks with 18 points despite the loss. Heading into halftime, the Tacoma Talons led 59-53 through two quarters of play. At no point during the contest did the Tacoma Talons trail. Navarro came up with the go-ahead basket in the final stretch of the game. The margin of victory was 5 points. Easton dealt with foul trouble over the course of the game."
840,100840,"Emmanuel Vance's late go-ahead bucket capped a 119-105 road win for the El Paso Ospreys over the host Bakersfield Wranglers on April 12, 2026, after El Paso erased a 2-point hole along the way. Salazar led the El Paso Ospreys with 24 points, while Brennan answered with 31 for Bakersfield. El Paso was up 64-57 at the half and eventually built its lead to 19 points; Quigley sat out for the Ospreys, absent from the box score for the road win."
841,100841,"The Fresno Bison hosted the Spokane Outlaws on April 12, 2026. The final score was Spokane Outlaws 128, Fresno Bison 110. Zimmer led the Spokane Outlaws with 30 points. For the Fresno Bison, Pruitt scored a team-high 20 points. At the break, the Spokane Outlaws were up 64-55 after the opening two quarters. The Spokane Outlaws did not trail at any point in the game. Zimmer pulled down a game-high 14 rebounds. The Spokane Outlaws led by as many as 19 points at one stage of the game."
