note_id,game_id,player_id,team_id,note_date,status,text
1,100437,10066,547,2026-01-21,out,Gentry is out for the Missoula Anchors matchup with hamstring tightness.
2,100086,10771,727,2025-11-08,out,"Ocampo will not play on November 8, 2025 because of rest."
3,100217,10771,727,2025-12-06,out,Ocampo (hamstring) is out for this game against the Fresno Bison.
4,100234,10771,727,2025-12-12,out,Ocampo is out for the Louisville Nomads matchup with hamstring tightness.
5,100309,10771,727,2025-12-30,out,Ocampo is out for the Bakersfield Wranglers matchup with a sprained wrist.
6,100346,10771,727,2026-01-06,out,"Ocampo will not play on January 6, 2026 because of knee soreness."
7,100365,10771,727,2026-01-09,out,Ocampo is out for the Tulsa Admirals matchup with knee soreness.
8,100413,10771,727,2026-01-17,out,"Ocampo will not play on January 17, 2026 because of a sprained wrist."
9,100447,10771,727,2026-01-23,out,"Ocampo misses the January 23, 2026 game against the Albuquerque Lancers (wrist)."
10,100454,10771,727,2026-01-24,out,"Ocampo misses the January 24, 2026 game against the Reno Ridgebacks (wrist)."
11,100478,10771,727,2026-01-29,out,Ocampo is out for the Columbus Voyagers matchup with knee soreness.
12,100499,10771,727,2026-02-01,out,"Ocampo misses the February 1, 2026 game against the Bakersfield Wranglers (rest)."
13,100592,10771,727,2026-02-25,out,"Ruled out for February 25, 2026, Ocampo cites a calf strain."
14,100652,10771,727,2026-03-09,out,"Due to knee soreness, Ocampo is out against the Des Moines Vultures."
15,100746,10771,727,2026-03-25,out,"Ocampo will not play on March 25, 2026 because of rest."
16,100003,10851,430,2025-10-22,out,"Ruled out for October 22, 2025, McAllister cites concussion protocol."
17,100008,10851,430,2025-10-23,out,"Ruled out for October 23, 2025, McAllister cites concussion protocol."
18,100025,10851,430,2025-10-26,out,"Ruled out for October 26, 2025, McAllister cites concussion protocol."
19,100027,10851,430,2025-10-27,out,McAllister (concussion) is out for this game against the Anchorage Herons.
20,100040,10851,430,2025-10-29,out,"Due to concussion protocol, McAllister is out against the Fresno Bison."
21,100047,10851,430,2025-10-31,out,"Ruled out for October 31, 2025, McAllister cites concussion protocol."
22,100051,10851,430,2025-11-01,out,"McAllister will not play on November 1, 2025 because of concussion protocol."
23,100055,10851,430,2025-11-02,out,"Due to concussion protocol, McAllister is out against the Raleigh Wardens."
24,100068,10851,430,2025-11-04,out,"Ruled out for November 4, 2025, McAllister cites concussion protocol."
25,100074,10851,430,2025-11-05,out,McAllister (concussion) is out for this game against the Columbus Voyagers.
26,100089,10851,430,2025-11-08,out,McAllister (concussion) is out for this game against the Albuquerque Lancers.
27,100095,10851,430,2025-11-10,out,"McAllister misses the November 10, 2025 game against the Spokane Outlaws (concussion)."
28,100102,10851,430,2025-11-11,out,"Ruled out for November 11, 2025, McAllister cites concussion protocol."
29,100106,10851,430,2025-11-12,out,"Due to concussion protocol, McAllister is out against the Tacoma Talons."
30,100121,10851,430,2025-11-15,out,"McAllister misses the November 15, 2025 game against the Bakersfield Wranglers (concussion)."
31,100136,10851,430,2025-11-18,out,"Due to concussion protocol, McAllister is out against the El Paso Ospreys."
32,100145,10851,430,2025-11-19,out,McAllister (concussion) is out for this game against the Nashville Tempest.
33,100146,10851,430,2025-11-20,out,"Ruled out for November 20, 2025, McAllister cites concussion protocol."
34,100177,10851,430,2025-11-28,out,"McAllister misses the November 28, 2025 game against the Grand Rapids Drifters (concussion)."
35,100182,10851,430,2025-11-29,out,"McAllister misses the November 29, 2025 game against the Baton Rouge Falcons (concussion)."
36,100201,10851,430,2025-12-03,out,"McAllister misses the December 3, 2025 game against the Reno Ridgebacks (concussion)."
37,100208,10851,430,2025-12-05,out,McAllister is out for the Cincinnati Stallions matchup with concussion protocol.
38,100216,10851,430,2025-12-06,out,"Ruled out for December 6, 2025, McAllister cites concussion protocol."
39,100227,10851,430,2025-12-08,out,McAllister is out for the Albany Condors matchup with concussion protocol.
40,100250,10851,430,2025-12-18,out,"McAllister will not play on December 18, 2025 because of concussion protocol."
41,100254,10851,430,2025-12-19,out,"Ruled out for December 19, 2025, McAllister cites concussion protocol."
42,100270,10851,430,2025-12-22,out,McAllister (concussion) is out for this game against the Louisville Nomads.
43,100271,10851,430,2025-12-23,out,"Ruled out for December 23, 2025, McAllister cites concussion protocol."
44,100282,10851,430,2025-12-25,out,McAllister (concussion) is out for this game against the Spokane Outlaws.
45,100285,10851,430,2025-12-26,out,"Ruled out for December 26, 2025, McAllister cites concussion protocol."
46,100289,10851,430,2025-12-27,out,"McAllister will not play on December 27, 2025 because of concussion protocol."
47,100295,10851,430,2025-12-28,out,"Ruled out for December 28, 2025, McAllister cites concussion protocol."
48,100300,10851,430,2025-12-29,out,"McAllister misses the December 29, 2025 game against the Reno Ridgebacks (concussion)."
49,100315,10851,430,2025-12-31,out,"Due to concussion protocol, McAllister is out against the Fresno Bison."
50,100328,10851,430,2026-01-02,out,McAllister is out for the El Paso Ospreys matchup with concussion protocol.
51,100345,10851,430,2026-01-05,out,"Ruled out for January 5, 2026, McAllister cites concussion protocol."
52,100347,10851,430,2026-01-06,out,McAllister (concussion) is out for this game against the Birmingham Foxes.
53,100367,10851,430,2026-01-09,out,"McAllister misses the January 9, 2026 game against the Albany Condors (concussion)."
54,100378,10851,430,2026-01-11,out,"McAllister will not play on January 11, 2026 because of concussion protocol."
55,100388,10851,430,2026-01-13,out,"McAllister will not play on January 13, 2026 because of concussion protocol."
56,100398,10851,430,2026-01-15,out,McAllister (concussion) is out for this game against the Raleigh Wardens.
57,100415,10851,430,2026-01-17,out,"McAllister will not play on January 17, 2026 because of concussion protocol."
58,100419,10851,430,2026-01-18,out,"Due to concussion protocol, McAllister is out against the Buffalo Marshals."
59,100437,10851,430,2026-01-21,out,"McAllister will not play on January 21, 2026 because of concussion protocol."
60,100446,10851,430,2026-01-23,out,McAllister is out for the El Paso Ospreys matchup with concussion protocol.
61,100467,10851,430,2026-01-27,out,"McAllister misses the January 27, 2026 game against the Honolulu Miners (concussion)."
62,100479,10851,430,2026-01-29,out,McAllister is out for the Tacoma Talons matchup with concussion protocol.
63,100489,10851,430,2026-01-30,out,"Ruled out for January 30, 2026, McAllister cites concussion protocol."
64,100491,10851,430,2026-01-31,out,McAllister is out for the Albuquerque Lancers matchup with concussion protocol.
65,100501,10851,430,2026-02-02,out,McAllister is out for the Cincinnati Stallions matchup with an illness.
66,100576,10851,430,2026-02-22,out,"Due to rest, McAllister is out against the Austin Sentinels."
67,100599,10851,430,2026-02-26,out,"Due to rest, McAllister is out against the Bakersfield Wranglers."
68,100022,11268,891,2025-10-26,out,Barnett (rest) is out for this game against the Boise Glaciers.
69,100033,11268,891,2025-10-27,out,Barnett is out for the Austin Sentinels matchup with rest.
70,100034,11268,891,2025-10-28,out,"Barnett will not play on October 28, 2025 because of rest."
71,100039,11268,891,2025-10-29,out,"Barnett will not play on October 29, 2025 because of rest."
72,100050,11268,891,2025-11-01,out,"Due to rest, Barnett is out against the Tacoma Talons."
73,100066,11268,891,2025-11-03,out,"Barnett misses the November 3, 2025 game against the Bakersfield Wranglers (rest)."
74,100094,11268,891,2025-11-10,out,"Ruled out for November 10, 2025, Barnett cites rest."
75,100159,11268,891,2025-11-23,out,Barnett (rest) is out for this game against the Cheyenne Pioneers.
76,100188,11268,891,2025-11-30,out,"Barnett will not play on November 30, 2025 because of rest."
77,100209,11268,891,2025-12-05,out,"Ruled out for December 5, 2025, Barnett cites rest."
78,100223,11268,891,2025-12-07,out,Barnett is out for the El Paso Ospreys matchup with rest.
79,100232,11268,891,2025-12-11,out,"Barnett will not play on December 11, 2025 because of rest."
80,100268,11268,891,2025-12-22,out,"Barnett will not play on December 22, 2025 because of rest."
81,100392,11268,891,2026-01-13,out,Barnett (rest) is out for this game against the Albuquerque Lancers.
82,100395,11268,891,2026-01-14,out,Barnett is out for the Tulsa Admirals matchup with rest.
83,100443,11268,891,2026-01-22,out,Barnett (rest) is out for this game against the Spokane Outlaws.
84,100494,11268,891,2026-02-01,out,"Barnett will not play on February 1, 2026 because of rest."
85,100532,11268,891,2026-02-07,out,"Due to rest, Barnett is out against the Baton Rouge Falcons."
86,100595,11268,891,2026-02-26,out,Barnett (rest) is out for this game against the Cheyenne Pioneers.
87,100652,11268,891,2026-03-09,out,Barnett (rest) is out for this game against the Honolulu Miners.
88,100686,11268,891,2026-03-15,out,"Barnett misses the March 15, 2026 game against the Reno Ridgebacks (back)."
89,100703,11268,891,2026-03-18,out,Barnett (back) is out for this game against the Fresno Bison.
90,100708,11268,891,2026-03-19,out,"Ruled out for March 19, 2026, Barnett cites back spasms."
91,100725,11268,891,2026-03-21,out,"Barnett misses the March 21, 2026 game against the Fresno Bison (back)."
92,100734,11268,891,2026-03-23,out,"Barnett will not play on March 23, 2026 because of back spasms."
93,100766,11268,891,2026-03-28,out,"Barnett will not play on March 28, 2026 because of back spasms."
94,100768,11268,891,2026-03-29,out,"Barnett misses the March 29, 2026 game against the Austin Sentinels (back)."
95,100819,11268,891,2026-04-08,out,Barnett is out for the Boise Glaciers matchup with back spasms.
96,100223,12405,662,2025-12-07,out,"Ruled out for December 7, 2025, Carver cites an illness."
97,100255,12405,662,2025-12-20,out,Carver is out for the Cincinnati Stallions matchup with rest.
98,100264,12405,662,2025-12-21,out,"Carver misses the December 21, 2025 game against the Bakersfield Wranglers (rest)."
99,100299,12405,662,2025-12-28,out,Carver is out for the Baton Rouge Falcons matchup with personal reasons.
100,100328,12405,662,2026-01-02,out,Carver (knee) is out for this game against the Missoula Anchors.
101,100422,12405,662,2026-01-19,out,Carver is out for the Bakersfield Wranglers matchup with a calf strain.
102,100446,12405,662,2026-01-23,out,"Carver will not play on January 23, 2026 because of a sprained ankle."
103,100680,12405,662,2026-03-13,out,Carver is out for the Honolulu Miners matchup with personal reasons.
104,100701,12405,662,2026-03-18,out,"Carver misses the March 18, 2026 game against the Tulsa Admirals (personal)."
105,100794,12405,662,2026-04-02,out,"Due to hamstring tightness, Carver is out against the Austin Sentinels."
106,100353,13920,788,2026-01-07,out,"Due to knee soreness, Kirby is out against the Fresno Bison."
107,100379,13920,788,2026-01-11,out,"Ruled out for January 11, 2026, Kirby cites an illness."
108,100503,13920,788,2026-02-02,out,"Due to concussion protocol, Kirby is out against the Tulsa Admirals."
109,100517,13920,788,2026-02-04,out,"Kirby will not play on February 4, 2026 because of concussion protocol."
110,100533,13920,788,2026-02-07,out,Kirby is out for the Jacksonville Cobras matchup with concussion protocol.
111,100551,13920,788,2026-02-11,out,"Ruled out for February 11, 2026, Kirby cites concussion protocol."
112,100554,13920,788,2026-02-12,out,"Kirby misses the February 12, 2026 game against the Reno Ridgebacks (concussion)."
113,100565,13920,788,2026-02-20,out,"Kirby misses the February 20, 2026 game against the Missoula Anchors (hamstring)."
114,100587,13920,788,2026-02-24,out,"Due to hamstring tightness, Kirby is out against the Buffalo Marshals."
115,100591,13920,788,2026-02-25,out,"Kirby will not play on February 25, 2026 because of hamstring tightness."
116,100595,13920,788,2026-02-26,out,Kirby (hamstring) is out for this game against the Des Moines Vultures.
117,100619,13920,788,2026-03-03,out,"Due to hamstring tightness, Kirby is out against the Cincinnati Stallions."
118,100627,13920,788,2026-03-05,out,"Kirby will not play on March 5, 2026 because of hamstring tightness."
119,100638,13920,788,2026-03-06,out,Kirby is out for the Bakersfield Wranglers matchup with hamstring tightness.
120,100671,13920,788,2026-03-12,out,"Kirby misses the March 12, 2026 game against the Hartford Comets (personal)."
121,100676,13920,788,2026-03-13,out,"Ruled out for March 13, 2026, Kirby cites personal reasons."
122,100690,13920,788,2026-03-16,out,"Ruled out for March 16, 2026, Kirby cites personal reasons."
123,100704,13920,788,2026-03-18,out,"Kirby misses the March 18, 2026 game against the Boise Glaciers (personal)."
124,100716,13920,788,2026-03-20,out,"Ruled out for March 20, 2026, Kirby cites personal reasons."
125,100753,13920,788,2026-03-26,out,"Due to a sprained ankle, Kirby is out against the Birmingham Foxes."
126,100758,13920,788,2026-03-27,out,"Due to a sprained ankle, Kirby is out against the Buffalo Marshals."
127,100784,13920,788,2026-03-31,out,Kirby is out for the Missoula Anchors matchup with back spasms.
128,100787,13920,788,2026-04-01,out,"Due to back spasms, Kirby is out against the Austin Sentinels."
129,100792,13920,788,2026-04-02,out,"Ruled out for April 2, 2026, Kirby cites back spasms."
130,100798,13920,788,2026-04-03,out,Kirby is out for the Honolulu Miners matchup with back spasms.
131,100810,13920,788,2026-04-06,out,"Ruled out for April 6, 2026, Kirby cites back spasms."
132,100818,13920,788,2026-04-07,out,"Ruled out for April 7, 2026, Kirby cites back spasms."
133,100829,13920,788,2026-04-10,out,"Kirby misses the April 10, 2026 game against the Spokane Outlaws (back)."
134,100077,14296,547,2025-11-05,out,"Radford misses the November 5, 2025 game against the Tacoma Talons (back)."
135,100104,14296,547,2025-11-11,out,Radford is out for the Honolulu Miners matchup with a sprained wrist.
136,100424,14296,547,2026-01-19,out,"Due to a sprained wrist, Radford is out against the Jacksonville Cobras."
137,100437,14296,547,2026-01-21,out,Radford is out for the Missoula Anchors matchup with a sprained wrist.
138,100500,14296,547,2026-02-01,out,"Ruled out for February 1, 2026, Radford cites knee soreness."
139,100503,14296,547,2026-02-02,out,Radford is out for the Cheyenne Pioneers matchup with knee soreness.
140,100509,14296,547,2026-02-03,out,"Due to knee soreness, Radford is out against the Hartford Comets."
141,100525,14296,547,2026-02-06,out,"Radford will not play on February 6, 2026 because of hamstring tightness."
142,100560,14296,547,2026-02-19,out,"Radford will not play on February 19, 2026 because of a sprained ankle."
143,100639,14296,547,2026-03-06,out,Radford (knee) is out for this game against the El Paso Ospreys.
144,100762,14296,547,2026-03-27,out,"Due to personal reasons, Radford is out against the Louisville Nomads."
145,100770,14296,547,2026-03-29,out,Radford is out for the Buffalo Marshals matchup with personal reasons.
146,100795,14296,547,2026-04-02,out,"Ruled out for April 2, 2026, Radford cites personal reasons."
147,100808,14296,547,2026-04-05,out,Radford (calf) is out for this game against the Albany Condors.
148,100818,14296,547,2026-04-07,out,Radford is out for the Cheyenne Pioneers matchup with a calf strain.
149,100831,14296,547,2026-04-10,out,"Radford will not play on April 10, 2026 because of a calf strain."
150,100001,14600,486,2025-10-21,out,Radford (ankle) is out for this game against the Baton Rouge Falcons.
151,100006,14600,486,2025-10-22,out,"Ruled out for October 22, 2025, Radford cites a sprained ankle."
152,100009,14600,486,2025-10-23,out,"Ruled out for October 23, 2025, Radford cites a sprained ankle."
153,100024,14600,486,2025-10-26,out,Radford is out for the Jacksonville Cobras matchup with a sprained ankle.
154,100039,14600,486,2025-10-29,out,Radford is out for the Des Moines Vultures matchup with hamstring tightness.
155,100190,14600,486,2025-12-01,out,"Radford misses the December 1, 2025 game against the Baton Rouge Falcons (wrist)."
156,100195,14600,486,2025-12-02,out,"Ruled out for December 2, 2025, Radford cites a sprained wrist."
157,100247,14600,486,2025-12-18,out,Radford (personal) is out for this game against the Albuquerque Lancers.
158,100287,14600,486,2025-12-26,out,"Radford will not play on December 26, 2025 because of concussion protocol."
159,100796,14600,486,2026-04-03,out,"Radford misses the April 3, 2026 game against the Bakersfield Wranglers (back)."
160,100805,14600,486,2026-04-05,out,"Radford misses the April 5, 2026 game against the Anchorage Herons (back)."
161,100057,14883,604,2025-11-02,out,Mercer (concussion) is out for this game against the Boise Glaciers.
162,100206,14883,604,2025-12-04,out,Mercer is out for the Raleigh Wardens matchup with a calf strain.
163,100235,14883,604,2025-12-12,out,"Ruled out for December 12, 2025, Mercer cites a sprained ankle."
164,100256,14883,604,2025-12-20,out,"Ruled out for December 20, 2025, Mercer cites an illness."
165,100308,14883,604,2025-12-29,out,"Mercer misses the December 29, 2025 game against the Buffalo Marshals (concussion)."
166,100321,14883,604,2026-01-01,out,"Ruled out for January 1, 2026, Mercer cites knee soreness."
167,100325,14883,604,2026-01-02,out,"Mercer will not play on January 2, 2026 because of knee soreness."
168,100339,14883,604,2026-01-04,out,"Ruled out for January 4, 2026, Mercer cites knee soreness."
169,100348,14883,604,2026-01-06,out,"Mercer will not play on January 6, 2026 because of knee soreness."
170,100355,14883,604,2026-01-07,out,Mercer (knee) is out for this game against the Albany Condors.
171,100366,14883,604,2026-01-09,out,"Due to knee soreness, Mercer is out against the Richmond Kestrels."
172,100389,14883,604,2026-01-13,out,"Due to knee soreness, Mercer is out against the Birmingham Foxes."
173,100402,14883,604,2026-01-15,out,"Mercer misses the January 15, 2026 game against the Columbus Voyagers (knee)."
174,100408,14883,604,2026-01-16,out,"Mercer will not play on January 16, 2026 because of knee soreness."
175,100414,14883,604,2026-01-17,out,Mercer (knee) is out for this game against the Fresno Bison.
176,100427,14883,604,2026-01-19,out,"Mercer misses the January 19, 2026 game against the Louisville Nomads (knee)."
177,100430,14883,604,2026-01-20,out,Mercer (knee) is out for this game against the Birmingham Foxes.
178,100456,14883,604,2026-01-25,out,"Due to knee soreness, Mercer is out against the Columbus Voyagers."
179,100468,14883,604,2026-01-27,out,Mercer (knee) is out for this game against the Hartford Comets.
180,100481,14883,604,2026-01-29,out,"Mercer misses the January 29, 2026 game against the Jacksonville Cobras (knee)."
181,100490,14883,604,2026-01-31,out,"Mercer will not play on January 31, 2026 because of knee soreness."
182,100555,14883,604,2026-02-12,out,"Mercer misses the February 12, 2026 game against the Newark Mustangs (personal)."
183,100562,14883,604,2026-02-20,out,"Mercer misses the February 20, 2026 game against the Louisville Nomads (personal)."
184,100588,14883,604,2026-02-25,out,"Ruled out for February 25, 2026, Mercer cites back spasms."
185,100717,14883,604,2026-03-20,out,Mercer is out for the Honolulu Miners matchup with personal reasons.
186,100779,14883,604,2026-03-30,out,Mercer is out for the Cheyenne Pioneers matchup with an illness.
187,100805,14883,604,2026-04-05,out,"Mercer will not play on April 5, 2026 because of knee soreness."
188,100833,14883,604,2026-04-10,out,"Mercer will not play on April 10, 2026 because of hamstring tightness."
189,100025,15951,727,2025-10-26,out,Sinclair is out for the Missoula Anchors matchup with concussion protocol.
190,100037,15951,727,2025-10-29,out,"Sinclair misses the October 29, 2025 game against the Reno Ridgebacks (illness)."
191,100048,15951,727,2025-10-31,out,"Sinclair misses the October 31, 2025 game against the Boise Glaciers (illness)."
192,100068,15951,727,2025-11-04,out,"Ruled out for November 4, 2025, Sinclair cites concussion protocol."
193,100263,15951,727,2025-12-21,out,Sinclair is out for the Buffalo Marshals matchup with a sprained wrist.
194,100309,15951,727,2025-12-30,out,"Sinclair misses the December 30, 2025 game against the Bakersfield Wranglers (ankle)."
195,100319,15951,727,2025-12-31,out,"Sinclair will not play on December 31, 2025 because of a sprained ankle."
196,100467,15951,727,2026-01-27,out,Sinclair (wrist) is out for this game against the Missoula Anchors.
197,100512,15951,727,2026-02-04,out,Sinclair is out for the Tacoma Talons matchup with rest.
198,100519,15951,727,2026-02-05,out,"Due to rest, Sinclair is out against the Baton Rouge Falcons."
199,100547,15951,727,2026-02-11,out,"Due to a sprained ankle, Sinclair is out against the Albuquerque Lancers."
200,100586,15951,727,2026-02-24,out,Sinclair (knee) is out for this game against the Spokane Outlaws.
201,100727,15951,727,2026-03-21,out,"Ruled out for March 21, 2026, Sinclair cites an illness."
202,100785,15951,727,2026-04-01,out,Sinclair (personal) is out for this game against the Baton Rouge Falcons.
203,100790,15951,727,2026-04-02,out,Sinclair is out for the Spokane Outlaws matchup with personal reasons.
204,100798,15951,727,2026-04-03,out,Sinclair (personal) is out for this game against the Cheyenne Pioneers.
205,100807,15951,727,2026-04-05,out,"Sinclair will not play on April 5, 2026 because of personal reasons."
206,100826,15951,727,2026-04-10,out,Sinclair is out for the Tacoma Talons matchup with knee soreness.
207,100786,16030,740,2026-04-01,out,Montgomery is out for the El Paso Ospreys matchup with rest.
208,100795,16030,740,2026-04-02,out,Montgomery is out for the Tulsa Admirals matchup with rest.
209,100817,16030,740,2026-04-07,out,"Due to rest, Montgomery is out against the Nashville Tempest."
210,100009,17023,486,2025-10-23,out,"Due to a sprained wrist, Zimmer is out against the Reno Ridgebacks."
211,100031,17023,486,2025-10-27,out,"Due to rest, Zimmer is out against the Birmingham Foxes."
212,100095,17023,486,2025-11-10,out,Zimmer is out for the Missoula Anchors matchup with a sprained ankle.
213,100187,17023,486,2025-11-30,out,"Zimmer misses the November 30, 2025 game against the Tulsa Admirals (hamstring)."
214,100311,17023,486,2025-12-30,out,"Due to hamstring tightness, Zimmer is out against the Austin Sentinels."
215,100329,17023,486,2026-01-02,out,"Ruled out for January 2, 2026, Zimmer cites hamstring tightness."
216,100514,17023,486,2026-02-04,out,"Ruled out for February 4, 2026, Zimmer cites concussion protocol."
217,100557,17023,486,2026-02-19,out,"Zimmer misses the February 19, 2026 game against the Louisville Nomads (illness)."
218,100692,17023,486,2026-03-16,out,Zimmer is out for the Anchorage Herons matchup with back spasms.
219,100721,17023,486,2026-03-21,out,"Zimmer will not play on March 21, 2026 because of an illness."
220,100738,17023,486,2026-03-23,out,"Ruled out for March 23, 2026, Zimmer cites an illness."
221,100796,17023,486,2026-04-03,out,Zimmer is out for the Bakersfield Wranglers matchup with a sprained ankle.
222,100805,17023,486,2026-04-05,out,Zimmer is out for the Anchorage Herons matchup with a sprained ankle.
223,100008,17360,430,2025-10-23,out,"Maddox will not play on October 23, 2025 because of hamstring tightness."
224,100208,17360,430,2025-12-05,out,"Maddox misses the December 5, 2025 game against the Cincinnati Stallions (knee)."
225,100289,17360,430,2025-12-27,out,"Maddox will not play on December 27, 2025 because of a sprained wrist."
226,100328,17360,430,2026-01-02,out,"Maddox will not play on January 2, 2026 because of hamstring tightness."
227,100345,17360,430,2026-01-05,out,Maddox is out for the Newark Mustangs matchup with hamstring tightness.
228,100347,17360,430,2026-01-06,out,"Ruled out for January 6, 2026, Maddox cites hamstring tightness."
229,100367,17360,430,2026-01-09,out,"Due to hamstring tightness, Maddox is out against the Albany Condors."
230,100378,17360,430,2026-01-11,out,"Due to hamstring tightness, Maddox is out against the Jacksonville Cobras."
231,100388,17360,430,2026-01-13,out,"Maddox will not play on January 13, 2026 because of hamstring tightness."
232,100398,17360,430,2026-01-15,out,Maddox (hamstring) is out for this game against the Raleigh Wardens.
233,100419,17360,430,2026-01-18,out,Maddox (knee) is out for this game against the Buffalo Marshals.
234,100446,17360,430,2026-01-23,out,"Maddox misses the January 23, 2026 game against the El Paso Ospreys (concussion)."
235,100467,17360,430,2026-01-27,out,"Maddox will not play on January 27, 2026 because of concussion protocol."
236,100479,17360,430,2026-01-29,out,Maddox (concussion) is out for this game against the Tacoma Talons.
237,100489,17360,430,2026-01-30,out,"Maddox misses the January 30, 2026 game against the Newark Mustangs (concussion)."
238,100496,17360,430,2026-02-01,out,Maddox is out for the Hartford Comets matchup with knee soreness.
239,100501,17360,430,2026-02-02,out,"Maddox will not play on February 2, 2026 because of knee soreness."
240,100508,17360,430,2026-02-03,out,"Ruled out for February 3, 2026, Maddox cites knee soreness."
241,100527,17360,430,2026-02-07,out,"Due to knee soreness, Maddox is out against the Boise Glaciers."
242,100565,17360,430,2026-02-20,out,"Ruled out for February 20, 2026, Maddox cites a sprained ankle."
243,100576,17360,430,2026-02-22,out,"Due to back spasms, Maddox is out against the Austin Sentinels."
244,100599,17360,430,2026-02-26,out,"Maddox misses the February 26, 2026 game against the Bakersfield Wranglers (back)."
245,100668,17360,430,2026-03-11,out,Maddox is out for the Austin Sentinels matchup with hamstring tightness.
246,100700,17360,430,2026-03-18,out,"Ruled out for March 18, 2026, Maddox cites concussion protocol."
247,100748,17360,430,2026-03-25,out,Maddox is out for the El Paso Ospreys matchup with hamstring tightness.
248,100001,17411,908,2025-10-21,out,Sheffield is out for the Spokane Outlaws matchup with rest.
249,100007,17411,908,2025-10-22,out,"Sheffield misses the October 22, 2025 game against the Buffalo Marshals (rest)."
250,100237,17411,908,2025-12-14,out,"Ruled out for December 14, 2025, Sheffield cites a sprained wrist."
251,100262,17411,908,2025-12-20,out,Sheffield is out for the Cheyenne Pioneers matchup with a calf strain.
252,100343,17411,908,2026-01-05,out,Sheffield is out for the Grand Rapids Drifters matchup with a sprained wrist.
253,100383,17411,908,2026-01-12,out,"Due to knee soreness, Sheffield is out against the Providence Skylarks."
254,100495,17411,908,2026-02-01,out,"Sheffield will not play on February 1, 2026 because of personal reasons."
255,100511,17411,908,2026-02-03,out,Sheffield is out for the Albuquerque Lancers matchup with personal reasons.
256,100637,17411,908,2026-03-06,out,"Sheffield misses the March 6, 2026 game against the Fresno Bison (back)."
257,100697,17411,908,2026-03-17,out,Sheffield is out for the Tacoma Talons matchup with hamstring tightness.
258,100714,17411,908,2026-03-20,out,Sheffield is out for the Nashville Tempest matchup with an illness.
259,100726,17411,908,2026-03-21,out,"Ruled out for March 21, 2026, Sheffield cites an illness."
260,100804,17411,908,2026-04-05,out,"Ruled out for April 5, 2026, Sheffield cites back spasms."
261,100814,17411,908,2026-04-07,out,"Due to back spasms, Sheffield is out against the Grand Rapids Drifters."
262,100821,17411,908,2026-04-08,out,"Ruled out for April 8, 2026, Sheffield cites back spasms."
263,100830,17411,908,2026-04-10,out,Sheffield (back) is out for this game against the Bakersfield Wranglers.
264,100050,17710,789,2025-11-01,out,Bellamy (rest) is out for this game against the Des Moines Vultures.
265,100077,17710,789,2025-11-05,out,"Ruled out for November 5, 2025, Bellamy cites rest."
266,100084,17710,789,2025-11-08,out,"Bellamy will not play on November 8, 2025 because of a calf strain."
267,100122,17710,789,2025-11-15,out,"Ruled out for November 15, 2025, Bellamy cites concussion protocol."
268,100149,17710,789,2025-11-21,out,"Bellamy will not play on November 21, 2025 because of back spasms."
269,100228,17710,789,2025-12-10,out,Bellamy is out for the Cincinnati Stallions matchup with a calf strain.
270,100236,17710,789,2025-12-13,out,Bellamy is out for the Hartford Comets matchup with a calf strain.
271,100274,17710,789,2025-12-23,out,Bellamy is out for the Spokane Outlaws matchup with hamstring tightness.
272,100284,17710,789,2025-12-26,out,"Bellamy misses the December 26, 2025 game against the Grand Rapids Drifters (hamstring)."
273,100363,17710,789,2026-01-09,out,"Due to a calf strain, Bellamy is out against the Spokane Outlaws."
274,100426,17710,789,2026-01-19,out,"Bellamy misses the January 19, 2026 game against the Boise Glaciers (personal)."
275,100500,17710,789,2026-02-01,out,"Ruled out for February 1, 2026, Bellamy cites back spasms."
276,100506,17710,789,2026-02-03,out,"Bellamy misses the February 3, 2026 game against the Albany Condors (back)."
277,100512,17710,789,2026-02-04,out,"Ruled out for February 4, 2026, Bellamy cites back spasms."
278,100522,17710,789,2026-02-05,out,"Ruled out for February 5, 2026, Bellamy cites back spasms."
279,100529,17710,789,2026-02-07,out,"Due to back spasms, Bellamy is out against the Anchorage Herons."
280,100550,17710,789,2026-02-11,out,"Bellamy will not play on February 11, 2026 because of back spasms."
281,100564,17710,789,2026-02-20,out,"Bellamy will not play on February 20, 2026 because of back spasms."
282,100571,17710,789,2026-02-21,out,"Bellamy will not play on February 21, 2026 because of back spasms."
283,100573,17710,789,2026-02-22,out,"Due to back spasms, Bellamy is out against the Hartford Comets."
284,100592,17710,789,2026-02-25,out,"Ruled out for February 25, 2026, Bellamy cites back spasms."
285,100608,17710,789,2026-03-01,out,Bellamy is out for the Grand Rapids Drifters matchup with back spasms.
286,100643,17710,789,2026-03-07,out,"Due to back spasms, Bellamy is out against the Louisville Nomads."
287,100661,17710,789,2026-03-10,out,"Bellamy will not play on March 10, 2026 because of back spasms."
288,100673,17710,789,2026-03-12,out,"Ruled out for March 12, 2026, Bellamy cites back spasms."
289,100679,17710,789,2026-03-13,out,"Bellamy misses the March 13, 2026 game against the Birmingham Foxes (back)."
290,100697,17710,789,2026-03-17,out,"Bellamy will not play on March 17, 2026 because of back spasms."
291,100707,17710,789,2026-03-18,out,"Bellamy will not play on March 18, 2026 because of back spasms."
292,100729,17710,789,2026-03-22,out,"Ruled out for March 22, 2026, Bellamy cites back spasms."
293,100738,17710,789,2026-03-23,out,"Bellamy will not play on March 23, 2026 because of back spasms."
294,100741,17710,789,2026-03-24,out,Bellamy (back) is out for this game against the Cheyenne Pioneers.
295,100749,17710,789,2026-03-25,out,"Ruled out for March 25, 2026, Bellamy cites back spasms."
296,100764,17710,789,2026-03-28,out,"Due to back spasms, Bellamy is out against the Anchorage Herons."
297,100769,17710,789,2026-03-29,out,"Bellamy misses the March 29, 2026 game against the Providence Skylarks (back)."
298,100776,17710,789,2026-03-30,out,Bellamy (back) is out for this game against the Jacksonville Cobras.
299,100781,17710,789,2026-03-31,out,"Ruled out for March 31, 2026, Bellamy cites back spasms."
300,100789,17710,789,2026-04-01,out,Bellamy is out for the Albuquerque Lancers matchup with back spasms.
301,100802,17710,789,2026-04-05,out,"Bellamy will not play on April 5, 2026 because of knee soreness."
302,100826,17710,789,2026-04-10,out,"Due to a calf strain, Bellamy is out against the Honolulu Miners."
303,100004,18714,789,2025-10-22,out,Lambert (knee) is out for this game against the Austin Sentinels.
304,100047,18714,789,2025-10-31,out,"Lambert misses the October 31, 2025 game against the Missoula Anchors (calf)."
305,100059,18714,789,2025-11-02,out,"Due to rest, Lambert is out against the El Paso Ospreys."
306,100077,18714,789,2025-11-05,out,"Lambert misses the November 5, 2025 game against the Tulsa Admirals (knee)."
307,100082,18714,789,2025-11-07,out,Lambert is out for the Cheyenne Pioneers matchup with knee soreness.
308,100084,18714,789,2025-11-08,out,"Due to knee soreness, Lambert is out against the Raleigh Wardens."
309,100122,18714,789,2025-11-15,out,"Lambert misses the November 15, 2025 game against the Anchorage Herons (concussion)."
310,100131,18714,789,2025-11-17,out,"Lambert will not play on November 17, 2025 because of hamstring tightness."
311,100170,18714,789,2025-11-26,out,"Lambert misses the November 26, 2025 game against the Spokane Outlaws (back)."
312,100202,18714,789,2025-12-03,out,"Ruled out for December 3, 2025, Lambert cites back spasms."
313,100211,18714,789,2025-12-05,out,"Lambert misses the December 5, 2025 game against the Bakersfield Wranglers (back)."
314,100219,18714,789,2025-12-06,out,"Lambert misses the December 6, 2025 game against the Nashville Tempest (back)."
315,100228,18714,789,2025-12-10,out,"Ruled out for December 10, 2025, Lambert cites back spasms."
316,100257,18714,789,2025-12-20,out,"Due to hamstring tightness, Lambert is out against the Providence Skylarks."
317,100274,18714,789,2025-12-23,out,Lambert (hamstring) is out for this game against the Spokane Outlaws.
318,100284,18714,789,2025-12-26,out,"Lambert will not play on December 26, 2025 because of hamstring tightness."
319,100295,18714,789,2025-12-28,out,Lambert (hamstring) is out for this game against the Missoula Anchors.
320,100316,18714,789,2025-12-31,out,"Lambert misses the December 31, 2025 game against the Bakersfield Wranglers (rest)."
321,100326,18714,789,2026-01-02,out,Lambert is out for the Cheyenne Pioneers matchup with hamstring tightness.
322,100373,18714,789,2026-01-11,out,Lambert (back) is out for this game against the Buffalo Marshals.
323,100426,18714,789,2026-01-19,out,"Lambert misses the January 19, 2026 game against the Boise Glaciers (illness)."
324,100500,18714,789,2026-02-01,out,Lambert (wrist) is out for this game against the Tulsa Admirals.
325,100643,18714,789,2026-03-07,out,"Lambert will not play on March 7, 2026 because of hamstring tightness."
326,100661,18714,789,2026-03-10,out,"Lambert will not play on March 10, 2026 because of hamstring tightness."
327,100679,18714,789,2026-03-13,out,Lambert is out for the Birmingham Foxes matchup with rest.
328,100697,18714,789,2026-03-17,out,"Lambert will not play on March 17, 2026 because of rest."
329,100707,18714,789,2026-03-18,out,"Lambert will not play on March 18, 2026 because of rest."
330,100729,18714,789,2026-03-22,out,"Lambert will not play on March 22, 2026 because of rest."
331,100741,18714,789,2026-03-24,out,"Ruled out for March 24, 2026, Lambert cites a sprained wrist."
332,100764,18714,789,2026-03-28,out,Lambert (rest) is out for this game against the Anchorage Herons.
333,100769,18714,789,2026-03-29,out,Lambert (rest) is out for this game against the Providence Skylarks.
334,100776,18714,789,2026-03-30,out,Lambert (rest) is out for this game against the Jacksonville Cobras.
335,100789,18714,789,2026-04-01,out,Lambert is out for the Albuquerque Lancers matchup with a sprained wrist.
336,100802,18714,789,2026-04-05,out,"Due to concussion protocol, Lambert is out against the Cincinnati Stallions."
337,100816,18714,789,2026-04-07,out,"Ruled out for April 7, 2026, Lambert cites concussion protocol."
338,100826,18714,789,2026-04-10,out,"Lambert misses the April 10, 2026 game against the Honolulu Miners (illness)."
339,100839,18714,789,2026-04-12,out,"Lambert will not play on April 12, 2026 because of an illness."
340,100060,20901,592,2025-11-03,out,"Mercer misses the November 3, 2025 game against the Cincinnati Stallions (knee)."
341,100078,20901,592,2025-11-06,out,"Ruled out for November 6, 2025, Mercer cites a sprained wrist."
342,100100,20901,592,2025-11-10,out,Mercer is out for the Honolulu Miners matchup with concussion protocol.
343,100128,20901,592,2025-11-16,out,"Ruled out for November 16, 2025, Mercer cites concussion protocol."
344,100143,20901,592,2025-11-19,out,"Mercer misses the November 19, 2025 game against the Baton Rouge Falcons (wrist)."
345,100158,20901,592,2025-11-23,out,Mercer (rest) is out for this game against the Richmond Kestrels.
346,100185,20901,592,2025-11-30,out,"Mercer misses the November 30, 2025 game against the Nashville Tempest (rest)."
347,100194,20901,592,2025-12-02,out,"Due to rest, Mercer is out against the Raleigh Wardens."
348,100200,20901,592,2025-12-03,out,"Ruled out for December 3, 2025, Mercer cites rest."
349,100203,20901,592,2025-12-04,out,Mercer (rest) is out for this game against the Jacksonville Cobras.
350,100207,20901,592,2025-12-05,out,"Due to rest, Mercer is out against the Spokane Outlaws."
351,100217,20901,592,2025-12-06,out,"Due to rest, Mercer is out against the Honolulu Miners."
352,100240,20901,592,2025-12-14,out,Mercer (rest) is out for this game against the El Paso Ospreys.
353,100245,20901,592,2025-12-18,out,"Mercer misses the December 18, 2025 game against the Boise Glaciers (rest)."
354,100277,20901,592,2025-12-23,out,"Mercer will not play on December 23, 2025 because of concussion protocol."
355,100304,20901,592,2025-12-29,out,Mercer is out for the Austin Sentinels matchup with hamstring tightness.
356,100315,20901,592,2025-12-31,out,Mercer is out for the Missoula Anchors matchup with hamstring tightness.
357,100340,20901,592,2026-01-04,out,"Ruled out for January 4, 2026, Mercer cites hamstring tightness."
358,100359,20901,592,2026-01-08,out,"Due to concussion protocol, Mercer is out against the Tacoma Talons."
359,100372,20901,592,2026-01-10,out,"Ruled out for January 10, 2026, Mercer cites concussion protocol."
360,100379,20901,592,2026-01-11,out,Mercer (concussion) is out for this game against the Cheyenne Pioneers.
361,100397,20901,592,2026-01-14,out,"Due to concussion protocol, Mercer is out against the Birmingham Foxes."
362,100414,20901,592,2026-01-17,out,"Due to a sprained wrist, Mercer is out against the Anchorage Herons."
363,100421,20901,592,2026-01-18,out,"Ruled out for January 18, 2026, Mercer cites a sprained wrist."
364,100432,20901,592,2026-01-20,out,Mercer (wrist) is out for this game against the Buffalo Marshals.
365,100442,20901,592,2026-01-22,out,Mercer is out for the Birmingham Foxes matchup with a sprained wrist.
366,100449,20901,592,2026-01-23,out,"Mercer will not play on January 23, 2026 because of a sprained wrist."
367,100462,20901,592,2026-01-26,out,Mercer (wrist) is out for this game against the Providence Skylarks.
368,100469,20901,592,2026-01-27,out,Mercer is out for the Providence Skylarks matchup with a sprained wrist.
369,100488,20901,592,2026-01-30,out,"Due to a sprained wrist, Mercer is out against the Honolulu Miners."
370,100518,20901,592,2026-02-04,out,"Due to a sprained wrist, Mercer is out against the Bakersfield Wranglers."
371,100601,20901,592,2026-02-27,out,Mercer (hamstring) is out for this game against the Hartford Comets.
372,100258,21380,933,2025-12-20,out,"Ruled out for December 20, 2025, Marlow cites hamstring tightness."
373,100576,21380,933,2026-02-22,out,"Due to concussion protocol, Marlow is out against the Missoula Anchors."
374,100616,21380,933,2026-03-03,out,"Marlow misses the March 3, 2026 game against the Grand Rapids Drifters (wrist)."
375,100659,21380,933,2026-03-10,out,"Marlow will not play on March 10, 2026 because of rest."
376,100677,21380,933,2026-03-13,out,"Due to a sprained ankle, Marlow is out against the Jacksonville Cobras."
377,100787,21380,933,2026-04-01,out,Marlow is out for the Cheyenne Pioneers matchup with a sprained ankle.
378,100794,21380,933,2026-04-02,out,"Due to a sprained ankle, Marlow is out against the El Paso Ospreys."
379,100803,21380,933,2026-04-05,out,"Marlow misses the April 5, 2026 game against the Columbus Voyagers (ankle)."
380,100813,21380,933,2026-04-07,out,"Marlow will not play on April 7, 2026 because of a sprained ankle."
381,100823,21380,933,2026-04-08,out,Marlow is out for the Buffalo Marshals matchup with a sprained ankle.
382,100016,21598,592,2025-10-24,out,"Ruled out for October 24, 2025, Bellamy cites knee soreness."
383,100019,21598,592,2025-10-25,out,Bellamy (knee) is out for this game against the Cheyenne Pioneers.
384,100030,21598,592,2025-10-27,out,"Ruled out for October 27, 2025, Bellamy cites knee soreness."
385,100040,21598,592,2025-10-29,out,"Bellamy misses the October 29, 2025 game against the Missoula Anchors (knee)."
386,100049,21598,592,2025-10-31,out,Bellamy (knee) is out for this game against the Bakersfield Wranglers.
387,100060,21598,592,2025-11-03,out,"Due to knee soreness, Bellamy is out against the Cincinnati Stallions."
388,100070,21598,592,2025-11-05,out,Bellamy (knee) is out for this game against the Anchorage Herons.
389,100078,21598,592,2025-11-06,out,"Bellamy misses the November 6, 2025 game against the Hartford Comets (knee)."
390,100080,21598,592,2025-11-07,out,Bellamy (knee) is out for this game against the Bakersfield Wranglers.
391,100100,21598,592,2025-11-10,out,Bellamy is out for the Honolulu Miners matchup with knee soreness.
392,100103,21598,592,2025-11-11,out,Bellamy is out for the Bakersfield Wranglers matchup with knee soreness.
393,100108,21598,592,2025-11-12,out,"Bellamy misses the November 12, 2025 game against the Jacksonville Cobras (knee)."
394,100128,21598,592,2025-11-16,out,"Bellamy misses the November 16, 2025 game against the Austin Sentinels (knee)."
395,100137,21598,592,2025-11-18,out,"Ruled out for November 18, 2025, Bellamy cites knee soreness."
396,100143,21598,592,2025-11-19,out,Bellamy (knee) is out for this game against the Baton Rouge Falcons.
397,100156,21598,592,2025-11-22,out,Bellamy is out for the Spokane Outlaws matchup with knee soreness.
398,100158,21598,592,2025-11-23,out,"Due to knee soreness, Bellamy is out against the Richmond Kestrels."
399,100164,21598,592,2025-11-24,out,"Bellamy will not play on November 24, 2025 because of knee soreness."
400,100175,21598,592,2025-11-28,out,"Due to knee soreness, Bellamy is out against the Baton Rouge Falcons."
401,100185,21598,592,2025-11-30,out,"Bellamy will not play on November 30, 2025 because of knee soreness."
402,100194,21598,592,2025-12-02,out,"Bellamy misses the December 2, 2025 game against the Raleigh Wardens (knee)."
403,100200,21598,592,2025-12-03,out,"Bellamy will not play on December 3, 2025 because of knee soreness."
404,100203,21598,592,2025-12-04,out,"Due to knee soreness, Bellamy is out against the Jacksonville Cobras."
405,100207,21598,592,2025-12-05,out,Bellamy is out for the Spokane Outlaws matchup with knee soreness.
406,100217,21598,592,2025-12-06,out,"Ruled out for December 6, 2025, Bellamy cites knee soreness."
407,100240,21598,592,2025-12-14,out,"Due to knee soreness, Bellamy is out against the El Paso Ospreys."
408,100245,21598,592,2025-12-18,out,Bellamy (knee) is out for this game against the Boise Glaciers.
409,100259,21598,592,2025-12-20,out,Bellamy is out for the Louisville Nomads matchup with knee soreness.
410,100277,21598,592,2025-12-23,out,"Bellamy misses the December 23, 2025 game against the El Paso Ospreys (knee)."
411,100280,21598,592,2025-12-25,out,"Due to knee soreness, Bellamy is out against the Reno Ridgebacks."
412,100304,21598,592,2025-12-29,out,"Bellamy misses the December 29, 2025 game against the Austin Sentinels (knee)."
413,100315,21598,592,2025-12-31,out,"Ruled out for December 31, 2025, Bellamy cites knee soreness."
414,100340,21598,592,2026-01-04,out,Bellamy (knee) is out for this game against the Richmond Kestrels.
415,100353,21598,592,2026-01-07,out,Bellamy (knee) is out for this game against the Cheyenne Pioneers.
416,100359,21598,592,2026-01-08,out,Bellamy (knee) is out for this game against the Tacoma Talons.
417,100372,21598,592,2026-01-10,out,Bellamy is out for the Newark Mustangs matchup with knee soreness.
418,100379,21598,592,2026-01-11,out,"Ruled out for January 11, 2026, Bellamy cites knee soreness."
419,100397,21598,592,2026-01-14,out,"Bellamy will not play on January 14, 2026 because of knee soreness."
420,100400,21598,592,2026-01-15,out,"Bellamy misses the January 15, 2026 game against the Albany Condors (knee)."
421,100414,21598,592,2026-01-17,out,"Ruled out for January 17, 2026, Bellamy cites knee soreness."
422,100421,21598,592,2026-01-18,out,Bellamy is out for the Louisville Nomads matchup with knee soreness.
423,100432,21598,592,2026-01-20,out,"Ruled out for January 20, 2026, Bellamy cites knee soreness."
424,100442,21598,592,2026-01-22,out,"Ruled out for January 22, 2026, Bellamy cites knee soreness."
425,100449,21598,592,2026-01-23,out,Bellamy is out for the Grand Rapids Drifters matchup with knee soreness.
426,100462,21598,592,2026-01-26,out,Bellamy is out for the Providence Skylarks matchup with knee soreness.
427,100469,21598,592,2026-01-27,out,"Bellamy misses the January 27, 2026 game against the Providence Skylarks (knee)."
428,100488,21598,592,2026-01-30,out,Bellamy (knee) is out for this game against the Honolulu Miners.
429,100518,21598,592,2026-02-04,out,"Bellamy will not play on February 4, 2026 because of knee soreness."
430,100540,21598,592,2026-02-09,out,"Bellamy will not play on February 9, 2026 because of hamstring tightness."
431,100545,21598,592,2026-02-10,out,"Ruled out for February 10, 2026, Bellamy cites hamstring tightness."
432,100578,21598,592,2026-02-22,out,"Ruled out for February 22, 2026, Bellamy cites personal reasons."
433,100601,21598,592,2026-02-27,out,Bellamy (calf) is out for this game against the Hartford Comets.
434,100637,21598,592,2026-03-06,out,"Due to a calf strain, Bellamy is out against the Baton Rouge Falcons."
435,100641,21598,592,2026-03-07,out,"Ruled out for March 7, 2026, Bellamy cites a calf strain."
436,100662,21598,592,2026-03-10,out,Bellamy (hamstring) is out for this game against the Tulsa Admirals.
437,100689,21598,592,2026-03-16,out,"Ruled out for March 16, 2026, Bellamy cites a calf strain."
438,100054,24144,662,2025-11-01,out,"Ruled out for November 1, 2025, Vance cites a calf strain."
439,100596,24144,662,2026-02-26,out,Vance is out for the Raleigh Wardens matchup with rest.
440,100748,24144,662,2026-03-25,out,"Due to personal reasons, Vance is out against the Missoula Anchors."
441,100774,24144,662,2026-03-30,out,Vance is out for the Birmingham Foxes matchup with a sprained ankle.
442,100794,24144,662,2026-04-02,out,"Ruled out for April 2, 2026, Vance cites hamstring tightness."
443,100001,24219,908,2025-10-21,out,"Ruled out for October 21, 2025, Bradford cites rest."
444,100007,24219,908,2025-10-22,out,"Ruled out for October 22, 2025, Bradford cites rest."
445,100026,24219,908,2025-10-27,out,"Bradford will not play on October 27, 2025 because of a sprained ankle."
446,100034,24219,908,2025-10-28,out,"Ruled out for October 28, 2025, Bradford cites a sprained ankle."
447,100054,24219,908,2025-11-01,out,Bradford is out for the El Paso Ospreys matchup with a sprained ankle.
448,100092,24219,908,2025-11-09,out,Bradford is out for the Columbus Voyagers matchup with a sprained ankle.
449,100098,24219,908,2025-11-10,out,Bradford is out for the Bakersfield Wranglers matchup with a sprained ankle.
450,100112,24219,908,2025-11-12,out,Bradford (ankle) is out for this game against the Raleigh Wardens.
451,100114,24219,908,2025-11-13,out,"Bradford will not play on November 13, 2025 because of a sprained ankle."
452,100117,24219,908,2025-11-14,out,Bradford (ankle) is out for this game against the Honolulu Miners.
453,100123,24219,908,2025-11-15,out,"Bradford misses the November 15, 2025 game against the Boise Glaciers (ankle)."
454,100129,24219,908,2025-11-16,out,"Ruled out for November 16, 2025, Bradford cites a sprained ankle."
455,100133,24219,908,2025-11-17,out,"Bradford misses the November 17, 2025 game against the Austin Sentinels (ankle)."
456,100138,24219,908,2025-11-18,out,Bradford is out for the Tulsa Admirals matchup with a sprained ankle.
457,100143,24219,908,2025-11-19,out,Bradford is out for the Fresno Bison matchup with a sprained ankle.
458,100162,24219,908,2025-11-24,out,Bradford (ankle) is out for this game against the Louisville Nomads.
459,100172,24219,908,2025-11-26,out,"Bradford misses the November 26, 2025 game against the Austin Sentinels (ankle)."
460,100175,24219,908,2025-11-28,out,"Ruled out for November 28, 2025, Bradford cites a sprained ankle."
461,100182,24219,908,2025-11-29,out,"Bradford will not play on November 29, 2025 because of a sprained ankle."
462,100184,24219,908,2025-11-30,out,"Due to a sprained ankle, Bradford is out against the Birmingham Foxes."
463,100190,24219,908,2025-12-01,out,Bradford (ankle) is out for this game against the Spokane Outlaws.
464,100197,24219,908,2025-12-03,out,Bradford (ankle) is out for this game against the Raleigh Wardens.
465,100225,24219,908,2025-12-08,out,Bradford is out for the Hartford Comets matchup with a sprained ankle.
466,100230,24219,908,2025-12-11,out,"Bradford misses the December 11, 2025 game against the Tacoma Talons (ankle)."
467,100237,24219,908,2025-12-14,out,"Bradford will not play on December 14, 2025 because of a sprained ankle."
468,100241,24219,908,2025-12-15,out,"Due to a sprained ankle, Bradford is out against the Providence Skylarks."
469,100252,24219,908,2025-12-18,out,"Due to a sprained ankle, Bradford is out against the Anchorage Herons."
470,100262,24219,908,2025-12-20,out,Bradford is out for the Cheyenne Pioneers matchup with a sprained ankle.
471,100273,24219,908,2025-12-23,out,Bradford (ankle) is out for this game against the Tulsa Admirals.
472,100289,24219,908,2025-12-27,out,"Bradford misses the December 27, 2025 game against the Missoula Anchors (ankle)."
473,100299,24219,908,2025-12-28,out,"Bradford misses the December 28, 2025 game against the El Paso Ospreys (ankle)."
474,100310,24219,908,2025-12-30,out,Bradford (ankle) is out for this game against the Anchorage Herons.
475,100313,24219,908,2025-12-31,out,"Bradford misses the December 31, 2025 game against the Louisville Nomads (ankle)."
476,100321,24219,908,2026-01-01,out,Bradford is out for the Anchorage Herons matchup with a sprained ankle.
477,100334,24219,908,2026-01-03,out,Bradford (ankle) is out for this game against the Cheyenne Pioneers.
478,100335,24219,908,2026-01-04,out,"Bradford will not play on January 4, 2026 because of a sprained ankle."
479,100343,24219,908,2026-01-05,out,Bradford (ankle) is out for this game against the Grand Rapids Drifters.
480,100351,24219,908,2026-01-07,out,Bradford (ankle) is out for this game against the Hartford Comets.
481,100368,24219,908,2026-01-10,out,"Ruled out for January 10, 2026, Bradford cites a sprained ankle."
482,100377,24219,908,2026-01-11,out,"Bradford misses the January 11, 2026 game against the Boise Glaciers (ankle)."
483,100383,24219,908,2026-01-12,out,Bradford (ankle) is out for this game against the Providence Skylarks.
484,100407,24219,908,2026-01-16,out,"Bradford misses the January 16, 2026 game against the Cheyenne Pioneers (ankle)."
485,100417,24219,908,2026-01-18,out,Bradford (ankle) is out for this game against the Newark Mustangs.
486,100425,24219,908,2026-01-19,out,Bradford (ankle) is out for this game against the Honolulu Miners.
487,100445,24219,908,2026-01-22,out,"Bradford will not play on January 22, 2026 because of a sprained ankle."
488,100451,24219,908,2026-01-23,out,Bradford (ankle) is out for this game against the Reno Ridgebacks.
489,100477,24219,908,2026-01-29,out,"Bradford will not play on January 29, 2026 because of a sprained ankle."
490,100484,24219,908,2026-01-30,out,"Bradford misses the January 30, 2026 game against the Tacoma Talons (ankle)."
491,100495,24219,908,2026-02-01,out,"Due to a sprained ankle, Bradford is out against the Albany Condors."
492,100511,24219,908,2026-02-03,out,Bradford (ankle) is out for this game against the Albuquerque Lancers.
493,100543,24219,908,2026-02-10,out,"Due to rest, Bradford is out against the Albuquerque Lancers."
494,100613,24219,908,2026-03-02,out,"Bradford misses the March 2, 2026 game against the Missoula Anchors (back)."
495,100118,24363,108,2025-11-14,out,Pruitt is out for the Jacksonville Cobras matchup with back spasms.
496,100160,24363,108,2025-11-23,out,"Due to knee soreness, Pruitt is out against the Columbus Voyagers."
497,100178,24363,108,2025-11-28,out,Pruitt is out for the Anchorage Herons matchup with knee soreness.
498,100201,24363,108,2025-12-03,out,"Due to rest, Pruitt is out against the Missoula Anchors."
499,100300,24363,108,2025-12-29,out,Pruitt is out for the Missoula Anchors matchup with back spasms.
500,100374,24363,108,2026-01-11,out,"Due to a sprained ankle, Pruitt is out against the Columbus Voyagers."
501,100423,24363,108,2026-01-19,out,"Due to concussion protocol, Pruitt is out against the Hartford Comets."
502,100451,24363,108,2026-01-23,out,"Pruitt will not play on January 23, 2026 because of a calf strain."
503,100458,24363,108,2026-01-25,out,"Due to knee soreness, Pruitt is out against the Newark Mustangs."
504,100483,24363,108,2026-01-30,out,Pruitt (concussion) is out for this game against the Bakersfield Wranglers.
505,100516,24363,108,2026-02-04,out,Pruitt is out for the Cincinnati Stallions matchup with personal reasons.
506,100521,24363,108,2026-02-05,out,Pruitt (personal) is out for this game against the Tulsa Admirals.
507,100554,24363,108,2026-02-12,out,"Pruitt will not play on February 12, 2026 because of a calf strain."
508,100615,24363,108,2026-03-02,out,"Pruitt will not play on March 2, 2026 because of a calf strain."
509,100690,24363,108,2026-03-16,out,"Ruled out for March 16, 2026, Pruitt cites personal reasons."
510,100732,24363,108,2026-03-23,out,"Ruled out for March 23, 2026, Pruitt cites a sprained ankle."
511,100757,24363,108,2026-03-27,out,"Pruitt will not play on March 27, 2026 because of a sprained ankle."
512,100780,24363,108,2026-03-31,out,"Due to rest, Pruitt is out against the Providence Skylarks."
513,100800,24363,108,2026-04-03,out,"Due to back spasms, Pruitt is out against the Tulsa Admirals."
514,100806,24363,108,2026-04-05,out,"Due to back spasms, Pruitt is out against the Missoula Anchors."
515,100102,24597,430,2025-11-11,out,"Oakley misses the November 11, 2025 game against the Spokane Outlaws (wrist)."
516,100216,24597,430,2025-12-06,out,"Oakley misses the December 6, 2025 game against the Tulsa Admirals (rest)."
517,100270,24597,430,2025-12-22,out,"Oakley misses the December 22, 2025 game against the Louisville Nomads (ankle)."
518,100271,24597,430,2025-12-23,out,Oakley (ankle) is out for this game against the Austin Sentinels.
519,100570,24597,430,2026-02-21,out,"Ruled out for February 21, 2026, Oakley cites hamstring tightness."
520,100008,26085,788,2025-10-23,out,"Due to back spasms, Fairbanks is out against the Missoula Anchors."
521,100019,26085,788,2025-10-25,out,Fairbanks is out for the Fresno Bison matchup with back spasms.
522,100035,26085,788,2025-10-28,out,Fairbanks is out for the Reno Ridgebacks matchup with back spasms.
523,100036,26085,788,2025-10-29,out,Fairbanks (back) is out for this game against the Bakersfield Wranglers.
524,100044,26085,788,2025-10-30,out,"Fairbanks misses the October 30, 2025 game against the Bakersfield Wranglers (back)."
525,100085,26085,788,2025-11-08,out,Fairbanks is out for the Louisville Nomads matchup with a sprained wrist.
526,100119,26085,788,2025-11-14,out,Fairbanks is out for the Richmond Kestrels matchup with personal reasons.
527,100132,26085,788,2025-11-17,out,"Ruled out for November 17, 2025, Fairbanks cites a calf strain."
528,100619,26085,788,2026-03-03,out,"Ruled out for March 3, 2026, Fairbanks cites hamstring tightness."
529,100627,26085,788,2026-03-05,out,"Fairbanks will not play on March 5, 2026 because of hamstring tightness."
530,100638,26085,788,2026-03-06,out,"Fairbanks will not play on March 6, 2026 because of hamstring tightness."
531,100660,26085,788,2026-03-10,out,"Fairbanks misses the March 10, 2026 game against the Columbus Voyagers (hamstring)."
532,100671,26085,788,2026-03-12,out,"Fairbanks will not play on March 12, 2026 because of hamstring tightness."
533,100676,26085,788,2026-03-13,out,"Ruled out for March 13, 2026, Fairbanks cites hamstring tightness."
534,100716,26085,788,2026-03-20,out,"Fairbanks misses the March 20, 2026 game against the Columbus Voyagers (concussion)."
535,100741,26085,788,2026-03-24,out,Fairbanks (concussion) is out for this game against the Tacoma Talons.
536,100758,26085,788,2026-03-27,out,"Fairbanks misses the March 27, 2026 game against the Buffalo Marshals (back)."
537,100787,26085,788,2026-04-01,out,"Due to back spasms, Fairbanks is out against the Austin Sentinels."
538,100792,26085,788,2026-04-02,out,"Fairbanks misses the April 2, 2026 game against the Anchorage Herons (back)."
539,100798,26085,788,2026-04-03,out,Fairbanks (back) is out for this game against the Honolulu Miners.
540,100810,26085,788,2026-04-06,out,"Due to back spasms, Fairbanks is out against the El Paso Ospreys."
541,100818,26085,788,2026-04-07,out,"Fairbanks misses the April 7, 2026 game against the Tulsa Admirals (back)."
542,100829,26085,788,2026-04-10,out,"Fairbanks misses the April 10, 2026 game against the Spokane Outlaws (back)."
543,100468,27556,604,2026-01-27,out,"Ruled out for January 27, 2026, Moreno cites a sprained ankle."
544,100833,27556,604,2026-04-10,out,"Moreno will not play on April 10, 2026 because of an illness."
545,100324,27682,386,2026-01-02,out,"Delgado misses the January 2, 2026 game against the Providence Skylarks (knee)."
546,100796,27682,386,2026-04-03,out,"Ruled out for April 3, 2026, Delgado cites a sprained ankle."
547,100081,28031,740,2025-11-07,out,"Due to rest, Sawyer is out against the Birmingham Foxes."
548,100318,28031,740,2025-12-31,out,"Due to knee soreness, Sawyer is out against the Newark Mustangs."
549,100656,28031,740,2026-03-10,out,Sawyer is out for the Louisville Nomads matchup with a sprained ankle.
550,100691,28031,740,2026-03-16,out,"Ruled out for March 16, 2026, Sawyer cites hamstring tightness."
551,100795,28031,740,2026-04-02,out,Sawyer is out for the Tulsa Admirals matchup with a sprained ankle.
552,100797,28031,740,2026-04-03,out,"Sawyer misses the April 3, 2026 game against the Richmond Kestrels (ankle)."
553,100819,28031,740,2026-04-08,out,"Due to rest, Sawyer is out against the Des Moines Vultures."
554,100827,28031,740,2026-04-10,out,"Due to rest, Sawyer is out against the Louisville Nomads."
555,100835,28031,740,2026-04-12,out,"Sawyer misses the April 12, 2026 game against the Hartford Comets (rest)."
556,100233,28911,486,2025-12-12,out,"Thackeray will not play on December 12, 2025 because of rest."
557,100261,28911,486,2025-12-20,out,"Ruled out for December 20, 2025, Thackeray cites a calf strain."
558,100357,28911,486,2026-01-07,out,"Due to back spasms, Thackeray is out against the Tulsa Admirals."
559,100371,28911,486,2026-01-10,out,Thackeray is out for the Boise Glaciers matchup with back spasms.
560,100443,28911,486,2026-01-22,out,"Thackeray will not play on January 22, 2026 because of an illness."
561,100452,28911,486,2026-01-23,out,"Thackeray misses the January 23, 2026 game against the Buffalo Marshals (illness)."
562,100505,28911,486,2026-02-03,out,Thackeray is out for the Nashville Tempest matchup with rest.
563,100514,28911,486,2026-02-04,out,"Thackeray misses the February 4, 2026 game against the Albuquerque Lancers (rest)."
564,100528,28911,486,2026-02-07,out,"Due to rest, Thackeray is out against the Columbus Voyagers."
565,100539,28911,486,2026-02-09,out,"Due to rest, Thackeray is out against the El Paso Ospreys."
566,100548,28911,486,2026-02-11,out,"Due to rest, Thackeray is out against the Anchorage Herons."
567,100557,28911,486,2026-02-19,out,"Due to rest, Thackeray is out against the Louisville Nomads."
568,100563,28911,486,2026-02-20,out,"Due to rest, Thackeray is out against the Bakersfield Wranglers."
569,100568,28911,486,2026-02-21,out,Thackeray is out for the Buffalo Marshals matchup with rest.
570,100577,28911,486,2026-02-22,out,"Due to rest, Thackeray is out against the Cincinnati Stallions."
571,100586,28911,486,2026-02-24,out,Thackeray is out for the Honolulu Miners matchup with rest.
572,100588,28911,486,2026-02-25,out,"Thackeray will not play on February 25, 2026 because of rest."
573,100598,28911,486,2026-02-26,out,Thackeray (rest) is out for this game against the Providence Skylarks.
574,100658,28911,486,2026-03-10,out,"Thackeray will not play on March 10, 2026 because of back spasms."
575,100682,28911,486,2026-03-14,out,"Ruled out for March 14, 2026, Thackeray cites back spasms."
576,100705,28911,486,2026-03-18,out,"Due to back spasms, Thackeray is out against the Baton Rouge Falcons."
577,100738,28911,486,2026-03-23,out,Thackeray is out for the Tacoma Talons matchup with back spasms.
578,100744,28911,486,2026-03-25,out,Thackeray (back) is out for this game against the Grand Rapids Drifters.
579,100796,28911,486,2026-04-03,out,Thackeray (personal) is out for this game against the Bakersfield Wranglers.
580,100805,28911,486,2026-04-05,out,"Ruled out for April 5, 2026, Thackeray cites personal reasons."
581,100005,29316,386,2025-10-22,out,"Due to a calf strain, Gallagher is out against the Anchorage Herons."
582,100066,29316,386,2025-11-03,out,Gallagher is out for the Des Moines Vultures matchup with hamstring tightness.
583,100093,29316,386,2025-11-09,out,"Gallagher will not play on November 9, 2025 because of hamstring tightness."
584,100183,29316,386,2025-11-29,out,"Gallagher will not play on November 29, 2025 because of knee soreness."
585,100305,29316,386,2025-12-29,out,"Ruled out for December 29, 2025, Gallagher cites a calf strain."
586,100617,29316,386,2026-03-03,out,"Gallagher will not play on March 3, 2026 because of concussion protocol."
587,100630,29316,386,2026-03-05,out,"Gallagher misses the March 5, 2026 game against the Columbus Voyagers (concussion)."
588,100638,29316,386,2026-03-06,out,"Gallagher misses the March 6, 2026 game against the Cheyenne Pioneers (concussion)."
589,100653,29316,386,2026-03-09,out,"Gallagher will not play on March 9, 2026 because of an illness."
590,100657,29316,386,2026-03-10,out,"Gallagher misses the March 10, 2026 game against the Richmond Kestrels (illness)."
591,100664,29316,386,2026-03-11,out,Gallagher is out for the Des Moines Vultures matchup with an illness.
592,100678,29316,386,2026-03-13,out,"Gallagher will not play on March 13, 2026 because of an illness."
593,100683,29316,386,2026-03-14,out,Gallagher (illness) is out for this game against the Albuquerque Lancers.
594,100706,29316,386,2026-03-18,out,Gallagher is out for the Buffalo Marshals matchup with an illness.
595,100709,29316,386,2026-03-19,out,"Gallagher misses the March 19, 2026 game against the Boise Glaciers (illness)."
596,100720,29316,386,2026-03-21,out,Gallagher (illness) is out for this game against the Tulsa Admirals.
597,100735,29316,386,2026-03-23,out,"Due to an illness, Gallagher is out against the Austin Sentinels."
598,100743,29316,386,2026-03-24,out,"Gallagher misses the March 24, 2026 game against the Grand Rapids Drifters (illness)."
599,100751,29316,386,2026-03-25,out,"Ruled out for March 25, 2026, Gallagher cites an illness."
600,100771,29316,386,2026-03-29,out,Gallagher (illness) is out for this game against the Nashville Tempest.
601,100796,29316,386,2026-04-03,out,Gallagher is out for the Spokane Outlaws matchup with hamstring tightness.
602,100830,29316,386,2026-04-10,out,"Ruled out for April 10, 2026, Gallagher cites a sprained ankle."
603,100021,29399,386,2025-10-26,out,Wakefield (knee) is out for this game against the Austin Sentinels.
604,100036,29399,386,2025-10-29,out,"Ruled out for October 29, 2025, Wakefield cites knee soreness."
605,100044,29399,386,2025-10-30,out,"Ruled out for October 30, 2025, Wakefield cites knee soreness."
606,100071,29399,386,2025-11-05,out,"Due to personal reasons, Wakefield is out against the Albuquerque Lancers."
607,100080,29399,386,2025-11-07,out,"Wakefield misses the November 7, 2025 game against the Fresno Bison (personal)."
608,100131,29399,386,2025-11-17,out,"Due to hamstring tightness, Wakefield is out against the Tacoma Talons."
609,100499,29399,386,2026-02-01,out,"Wakefield misses the February 1, 2026 game against the Honolulu Miners (ankle)."
610,100504,29399,386,2026-02-02,out,"Due to a sprained ankle, Wakefield is out against the Albuquerque Lancers."
611,100531,29399,386,2026-02-07,out,"Wakefield will not play on February 7, 2026 because of back spasms."
612,100536,29399,386,2026-02-09,out,"Ruled out for February 9, 2026, Wakefield cites back spasms."
613,100617,29399,386,2026-03-03,out,"Ruled out for March 3, 2026, Wakefield cites a calf strain."
614,100630,29399,386,2026-03-05,out,"Due to a calf strain, Wakefield is out against the Columbus Voyagers."
615,100638,29399,386,2026-03-06,out,Wakefield is out for the Cheyenne Pioneers matchup with a calf strain.
616,100648,29399,386,2026-03-08,out,Wakefield (calf) is out for this game against the Reno Ridgebacks.
617,100653,29399,386,2026-03-09,out,Wakefield is out for the Anchorage Herons matchup with a calf strain.
618,100657,29399,386,2026-03-10,out,"Wakefield misses the March 10, 2026 game against the Richmond Kestrels (calf)."
619,100664,29399,386,2026-03-11,out,Wakefield (calf) is out for this game against the Des Moines Vultures.
620,100678,29399,386,2026-03-13,out,"Due to a calf strain, Wakefield is out against the Albany Condors."
621,100683,29399,386,2026-03-14,out,Wakefield (calf) is out for this game against the Albuquerque Lancers.
622,100706,29399,386,2026-03-18,out,"Ruled out for March 18, 2026, Wakefield cites a calf strain."
623,100709,29399,386,2026-03-19,out,"Wakefield will not play on March 19, 2026 because of a calf strain."
624,100720,29399,386,2026-03-21,out,"Ruled out for March 21, 2026, Wakefield cites a calf strain."
625,100735,29399,386,2026-03-23,out,Wakefield is out for the Austin Sentinels matchup with a calf strain.
626,100743,29399,386,2026-03-24,out,"Ruled out for March 24, 2026, Wakefield cites a calf strain."
627,100751,29399,386,2026-03-25,out,Wakefield (calf) is out for this game against the Buffalo Marshals.
628,100796,29399,386,2026-04-03,out,"Ruled out for April 3, 2026, Wakefield cites an illness."
629,100043,29407,789,2025-10-30,out,Thackeray (calf) is out for this game against the Anchorage Herons.
630,100077,29407,789,2025-11-05,out,Thackeray is out for the Tulsa Admirals matchup with knee soreness.
631,100101,29407,789,2025-11-11,out,"Thackeray misses the November 11, 2025 game against the Albuquerque Lancers (ankle)."
632,100106,29407,789,2025-11-12,out,Thackeray (ankle) is out for this game against the Missoula Anchors.
633,100115,29407,789,2025-11-14,out,"Thackeray will not play on November 14, 2025 because of a sprained ankle."
634,100127,29407,789,2025-11-16,out,"Ruled out for November 16, 2025, Thackeray cites personal reasons."
635,100230,29407,789,2025-12-11,out,"Thackeray misses the December 11, 2025 game against the Baton Rouge Falcons (personal)."
636,100246,29407,789,2025-12-18,out,Thackeray (personal) is out for this game against the Buffalo Marshals.
637,100274,29407,789,2025-12-23,out,"Ruled out for December 23, 2025, Thackeray cites rest."
638,100399,29407,789,2026-01-15,out,Thackeray (ankle) is out for this game against the Richmond Kestrels.
639,100472,29407,789,2026-01-28,out,Thackeray (calf) is out for this game against the Raleigh Wardens.
640,100789,29407,789,2026-04-01,out,"Thackeray will not play on April 1, 2026 because of hamstring tightness."
641,100826,29407,789,2026-04-10,out,"Due to hamstring tightness, Thackeray is out against the Honolulu Miners."
642,100839,29407,789,2026-04-12,out,"Ruled out for April 12, 2026, Thackeray cites hamstring tightness."
643,100121,29507,430,2025-11-15,out,Thackeray is out for the Bakersfield Wranglers matchup with back spasms.
644,100227,29507,430,2025-12-08,out,Thackeray (knee) is out for this game against the Albany Condors.
645,100250,29507,430,2025-12-18,out,"Thackeray will not play on December 18, 2025 because of knee soreness."
646,100282,29507,430,2025-12-25,out,Thackeray (rest) is out for this game against the Spokane Outlaws.
647,100285,29507,430,2025-12-26,out,"Thackeray misses the December 26, 2025 game against the Louisville Nomads (rest)."
648,100289,29507,430,2025-12-27,out,Thackeray is out for the Baton Rouge Falcons matchup with rest.
649,100300,29507,430,2025-12-29,out,"Due to rest, Thackeray is out against the Reno Ridgebacks."
650,100315,29507,430,2025-12-31,out,"Thackeray will not play on December 31, 2025 because of rest."
651,100328,29507,430,2026-01-02,out,"Ruled out for January 2, 2026, Thackeray cites rest."
652,100345,29507,430,2026-01-05,out,"Thackeray will not play on January 5, 2026 because of rest."
653,100388,29507,430,2026-01-13,out,Thackeray is out for the Reno Ridgebacks matchup with concussion protocol.
654,100415,29507,430,2026-01-17,out,Thackeray (back) is out for this game against the Cheyenne Pioneers.
655,100437,29507,430,2026-01-21,out,"Thackeray misses the January 21, 2026 game against the Tulsa Admirals (hamstring)."
656,100446,29507,430,2026-01-23,out,"Thackeray misses the January 23, 2026 game against the El Paso Ospreys (hamstring)."
657,100479,29507,430,2026-01-29,out,Thackeray is out for the Tacoma Talons matchup with personal reasons.
658,100491,29507,430,2026-01-31,out,"Thackeray will not play on January 31, 2026 because of concussion protocol."
659,100623,29507,430,2026-03-04,out,Thackeray is out for the Fresno Bison matchup with rest.
660,100634,29507,430,2026-03-06,out,Thackeray is out for the Providence Skylarks matchup with rest.
661,100655,29507,430,2026-03-10,out,Thackeray is out for the Anchorage Herons matchup with rest.
662,100736,29507,430,2026-03-23,out,"Due to hamstring tightness, Thackeray is out against the Birmingham Foxes."
663,100799,29507,430,2026-04-03,out,"Thackeray will not play on April 3, 2026 because of knee soreness."
664,100806,29507,430,2026-04-05,out,"Thackeray misses the April 5, 2026 game against the Reno Ridgebacks (knee)."
665,100811,29507,430,2026-04-06,out,Thackeray (knee) is out for this game against the Albuquerque Lancers.
666,100820,29507,430,2026-04-08,out,Thackeray (knee) is out for this game against the Fresno Bison.
667,100834,29507,430,2026-04-12,out,Thackeray (knee) is out for this game against the Tulsa Admirals.
668,100368,30523,908,2026-01-10,out,Castellano (ankle) is out for this game against the Richmond Kestrels.
669,100644,30523,908,2026-03-08,out,Castellano is out for the Columbus Voyagers matchup with a sprained ankle.
670,100654,30523,908,2026-03-09,out,"Castellano will not play on March 9, 2026 because of a sprained ankle."
671,100691,30523,908,2026-03-16,out,Castellano (hamstring) is out for this game against the Boise Glaciers.
672,100705,30523,908,2026-03-18,out,"Due to a sprained ankle, Castellano is out against the Spokane Outlaws."
673,100814,30523,908,2026-04-07,out,Castellano (calf) is out for this game against the Grand Rapids Drifters.
674,100821,30523,908,2026-04-08,out,"Castellano misses the April 8, 2026 game against the Albuquerque Lancers (calf)."
675,100830,30523,908,2026-04-10,out,"Castellano misses the April 10, 2026 game against the Bakersfield Wranglers (calf)."
676,100016,32570,592,2025-10-24,out,"Due to rest, Rhodes is out against the Tacoma Talons."
677,100019,32570,592,2025-10-25,out,Rhodes is out for the Cheyenne Pioneers matchup with rest.
678,100030,32570,592,2025-10-27,out,"Rhodes misses the October 27, 2025 game against the Tulsa Admirals (rest)."
679,100040,32570,592,2025-10-29,out,"Ruled out for October 29, 2025, Rhodes cites rest."
680,100049,32570,592,2025-10-31,out,"Rhodes will not play on October 31, 2025 because of rest."
681,100060,32570,592,2025-11-03,out,Rhodes is out for the Cincinnati Stallions matchup with rest.
682,100078,32570,592,2025-11-06,out,"Ruled out for November 6, 2025, Rhodes cites knee soreness."
683,100080,32570,592,2025-11-07,out,"Rhodes will not play on November 7, 2025 because of knee soreness."
684,100100,32570,592,2025-11-10,out,Rhodes is out for the Honolulu Miners matchup with knee soreness.
685,100103,32570,592,2025-11-11,out,Rhodes (knee) is out for this game against the Bakersfield Wranglers.
686,100108,32570,592,2025-11-12,out,"Rhodes will not play on November 12, 2025 because of knee soreness."
687,100128,32570,592,2025-11-16,out,"Due to knee soreness, Rhodes is out against the Austin Sentinels."
688,100137,32570,592,2025-11-18,out,"Rhodes misses the November 18, 2025 game against the Raleigh Wardens (knee)."
689,100143,32570,592,2025-11-19,out,"Due to knee soreness, Rhodes is out against the Baton Rouge Falcons."
690,100156,32570,592,2025-11-22,out,Rhodes is out for the Spokane Outlaws matchup with knee soreness.
691,100158,32570,592,2025-11-23,out,"Rhodes misses the November 23, 2025 game against the Richmond Kestrels (knee)."
692,100185,32570,592,2025-11-30,out,Rhodes (personal) is out for this game against the Nashville Tempest.
693,100203,32570,592,2025-12-04,out,Rhodes (concussion) is out for this game against the Jacksonville Cobras.
694,100240,32570,592,2025-12-14,out,"Rhodes misses the December 14, 2025 game against the El Paso Ospreys (knee)."
695,100245,32570,592,2025-12-18,out,Rhodes (knee) is out for this game against the Boise Glaciers.
696,100304,32570,592,2025-12-29,out,"Ruled out for December 29, 2025, Rhodes cites rest."
697,100620,32570,592,2026-03-03,out,"Due to a sprained wrist, Rhodes is out against the Buffalo Marshals."
698,100061,33166,486,2025-11-03,out,"Ruled out for November 3, 2025, Brennan cites hamstring tightness."
699,100075,33166,486,2025-11-05,out,"Due to hamstring tightness, Brennan is out against the Austin Sentinels."
700,100095,33166,486,2025-11-10,out,"Due to hamstring tightness, Brennan is out against the Missoula Anchors."
701,100163,33166,486,2025-11-24,out,"Brennan will not play on November 24, 2025 because of an illness."
702,100170,33166,486,2025-11-26,out,Brennan is out for the Tacoma Talons matchup with an illness.
703,100187,33166,486,2025-11-30,out,"Ruled out for November 30, 2025, Brennan cites an illness."
704,100190,33166,486,2025-12-01,out,"Brennan misses the December 1, 2025 game against the Baton Rouge Falcons (illness)."
705,100274,33166,486,2025-12-23,out,Brennan (knee) is out for this game against the Tacoma Talons.
706,100287,33166,486,2025-12-26,out,"Ruled out for December 26, 2025, Brennan cites an illness."
707,100476,33166,486,2026-01-29,out,Brennan is out for the Albuquerque Lancers matchup with an illness.
708,100514,33166,486,2026-02-04,out,Brennan (hamstring) is out for this game against the Albuquerque Lancers.
709,100631,33166,486,2026-03-05,out,Brennan (calf) is out for this game against the Providence Skylarks.
710,100685,33166,486,2026-03-15,out,Brennan is out for the Birmingham Foxes matchup with back spasms.
711,100008,33364,788,2025-10-23,out,"Pruitt misses the October 23, 2025 game against the Missoula Anchors (calf)."
712,100019,33364,788,2025-10-25,out,"Ruled out for October 25, 2025, Pruitt cites a calf strain."
713,100035,33364,788,2025-10-28,out,"Pruitt misses the October 28, 2025 game against the Reno Ridgebacks (calf)."
714,100036,33364,788,2025-10-29,out,"Pruitt will not play on October 29, 2025 because of a calf strain."
715,100044,33364,788,2025-10-30,out,"Ruled out for October 30, 2025, Pruitt cites a calf strain."
716,100056,33364,788,2025-11-02,out,"Ruled out for November 2, 2025, Pruitt cites a calf strain."
717,100063,33364,788,2025-11-03,out,Pruitt (calf) is out for this game against the El Paso Ospreys.
718,100082,33364,788,2025-11-07,out,"Due to a calf strain, Pruitt is out against the Tacoma Talons."
719,100085,33364,788,2025-11-08,out,Pruitt (calf) is out for this game against the Louisville Nomads.
720,100090,33364,788,2025-11-09,out,"Pruitt will not play on November 9, 2025 because of a calf strain."
721,100119,33364,788,2025-11-14,out,"Ruled out for November 14, 2025, Pruitt cites a calf strain."
722,100126,33364,788,2025-11-16,out,"Ruled out for November 16, 2025, Pruitt cites a calf strain."
723,100132,33364,788,2025-11-17,out,"Pruitt will not play on November 17, 2025 because of a calf strain."
724,100144,33364,788,2025-11-19,out,Pruitt is out for the Jacksonville Cobras matchup with a calf strain.
725,100150,33364,788,2025-11-21,out,Pruitt (calf) is out for this game against the Grand Rapids Drifters.
726,100154,33364,788,2025-11-22,out,"Due to a calf strain, Pruitt is out against the Honolulu Miners."
727,100159,33364,788,2025-11-23,out,"Pruitt misses the November 23, 2025 game against the Des Moines Vultures (calf)."
728,100167,33364,788,2025-11-24,out,Pruitt is out for the Boise Glaciers matchup with a calf strain.
729,100186,33364,788,2025-11-30,out,Pruitt is out for the Reno Ridgebacks matchup with a calf strain.
730,100191,33364,788,2025-12-01,out,Pruitt is out for the Honolulu Miners matchup with a calf strain.
731,100199,33364,788,2025-12-03,out,"Ruled out for December 3, 2025, Pruitt cites a sprained ankle."
732,100213,33364,788,2025-12-05,out,"Ruled out for December 5, 2025, Pruitt cites a sprained ankle."
733,100231,33364,788,2025-12-11,out,"Ruled out for December 11, 2025, Pruitt cites a sprained ankle."
734,100251,33364,788,2025-12-18,out,Pruitt (wrist) is out for this game against the Louisville Nomads.
735,100262,33364,788,2025-12-20,out,"Due to a sprained wrist, Pruitt is out against the Baton Rouge Falcons."
736,100275,33364,788,2025-12-23,out,"Ruled out for December 23, 2025, Pruitt cites a sprained wrist."
737,100287,33364,788,2025-12-26,out,Pruitt is out for the Spokane Outlaws matchup with a sprained wrist.
738,100291,33364,788,2025-12-27,out,"Pruitt will not play on December 27, 2025 because of a sprained wrist."
739,100303,33364,788,2025-12-29,out,"Pruitt misses the December 29, 2025 game against the El Paso Ospreys (wrist)."
740,100317,33364,788,2025-12-31,out,"Ruled out for December 31, 2025, Pruitt cites a sprained wrist."
741,100326,33364,788,2026-01-02,out,"Due to a sprained wrist, Pruitt is out against the Tacoma Talons."
742,100334,33364,788,2026-01-03,out,"Pruitt misses the January 3, 2026 game against the Baton Rouge Falcons (wrist)."
743,100353,33364,788,2026-01-07,out,Pruitt (wrist) is out for this game against the Fresno Bison.
744,100358,33364,788,2026-01-08,out,"Due to a sprained wrist, Pruitt is out against the Raleigh Wardens."
745,100362,33364,788,2026-01-09,out,Pruitt (wrist) is out for this game against the Boise Glaciers.
746,100379,33364,788,2026-01-11,out,"Pruitt misses the January 11, 2026 game against the Fresno Bison (wrist)."
747,100391,33364,788,2026-01-13,out,"Due to a sprained wrist, Pruitt is out against the Cincinnati Stallions."
748,100401,33364,788,2026-01-15,out,"Due to a sprained wrist, Pruitt is out against the Providence Skylarks."
749,100407,33364,788,2026-01-16,out,Pruitt (wrist) is out for this game against the Baton Rouge Falcons.
750,100415,33364,788,2026-01-17,out,"Ruled out for January 17, 2026, Pruitt cites a sprained wrist."
751,100420,33364,788,2026-01-18,out,"Due to a sprained wrist, Pruitt is out against the Grand Rapids Drifters."
752,100428,33364,788,2026-01-20,out,Pruitt (wrist) is out for this game against the Richmond Kestrels.
753,100440,33364,788,2026-01-22,out,"Pruitt will not play on January 22, 2026 because of a sprained wrist."
754,100464,33364,788,2026-01-26,out,"Due to a sprained wrist, Pruitt is out against the Tacoma Talons."
755,100474,33364,788,2026-01-28,out,"Ruled out for January 28, 2026, Pruitt cites a sprained wrist."
756,100477,33364,788,2026-01-29,out,"Pruitt misses the January 29, 2026 game against the Baton Rouge Falcons (wrist)."
757,100487,33364,788,2026-01-30,out,Pruitt (wrist) is out for this game against the Spokane Outlaws.
758,100503,33364,788,2026-02-02,out,"Pruitt misses the February 2, 2026 game against the Tulsa Admirals (ankle)."
759,100533,33364,788,2026-02-07,out,"Due to an illness, Pruitt is out against the Jacksonville Cobras."
760,100551,33364,788,2026-02-11,out,"Pruitt misses the February 11, 2026 game against the El Paso Ospreys (illness)."
761,100560,33364,788,2026-02-19,out,"Pruitt will not play on February 19, 2026 because of an illness."
762,100565,33364,788,2026-02-20,out,"Pruitt will not play on February 20, 2026 because of an illness."
763,100587,33364,788,2026-02-24,out,"Due to an illness, Pruitt is out against the Buffalo Marshals."
764,100591,33364,788,2026-02-25,out,"Due to an illness, Pruitt is out against the Austin Sentinels."
765,100595,33364,788,2026-02-26,out,Pruitt is out for the Des Moines Vultures matchup with an illness.
766,100619,33364,788,2026-03-03,out,"Pruitt will not play on March 3, 2026 because of an illness."
767,100627,33364,788,2026-03-05,out,"Pruitt misses the March 5, 2026 game against the Birmingham Foxes (illness)."
768,100638,33364,788,2026-03-06,out,"Pruitt will not play on March 6, 2026 because of an illness."
769,100660,33364,788,2026-03-10,out,Pruitt (illness) is out for this game against the Columbus Voyagers.
770,100671,33364,788,2026-03-12,out,"Due to an illness, Pruitt is out against the Hartford Comets."
771,100676,33364,788,2026-03-13,out,Pruitt (illness) is out for this game against the Anchorage Herons.
772,100690,33364,788,2026-03-16,out,"Pruitt will not play on March 16, 2026 because of an illness."
773,100704,33364,788,2026-03-18,out,"Ruled out for March 18, 2026, Pruitt cites an illness."
774,100716,33364,788,2026-03-20,out,"Due to an illness, Pruitt is out against the Columbus Voyagers."
775,100722,33364,788,2026-03-21,out,"Pruitt misses the March 21, 2026 game against the Hartford Comets (illness)."
776,100741,33364,788,2026-03-24,out,Pruitt is out for the Tacoma Talons matchup with an illness.
777,100750,33364,788,2026-03-25,out,"Pruitt will not play on March 25, 2026 because of an illness."
778,100753,33364,788,2026-03-26,out,"Pruitt will not play on March 26, 2026 because of an illness."
779,100758,33364,788,2026-03-27,out,"Pruitt misses the March 27, 2026 game against the Buffalo Marshals (illness)."
780,100779,33364,788,2026-03-30,out,Pruitt is out for the Anchorage Herons matchup with an illness.
781,100784,33364,788,2026-03-31,out,Pruitt is out for the Missoula Anchors matchup with an illness.
782,100787,33364,788,2026-04-01,out,"Ruled out for April 1, 2026, Pruitt cites an illness."
783,100792,33364,788,2026-04-02,out,"Pruitt misses the April 2, 2026 game against the Anchorage Herons (illness)."
784,100798,33364,788,2026-04-03,out,"Due to an illness, Pruitt is out against the Honolulu Miners."
785,100810,33364,788,2026-04-06,out,"Pruitt misses the April 6, 2026 game against the El Paso Ospreys (illness)."
786,100818,33364,788,2026-04-07,out,Pruitt (illness) is out for this game against the Tulsa Admirals.
787,100829,33364,788,2026-04-10,out,"Pruitt misses the April 10, 2026 game against the Spokane Outlaws (illness)."
788,100082,36084,789,2025-11-07,out,Bradford is out for the Cheyenne Pioneers matchup with rest.
789,100084,36084,789,2025-11-08,out,Bradford (rest) is out for this game against the Raleigh Wardens.
790,100149,36084,789,2025-11-21,out,"Bradford will not play on November 21, 2025 because of back spasms."
791,100202,36084,789,2025-12-03,out,"Bradford will not play on December 3, 2025 because of hamstring tightness."
792,100228,36084,789,2025-12-10,out,Bradford is out for the Cincinnati Stallions matchup with rest.
793,100284,36084,789,2025-12-26,out,"Bradford misses the December 26, 2025 game against the Grand Rapids Drifters (concussion)."
794,100363,36084,789,2026-01-09,out,"Due to a calf strain, Bradford is out against the Spokane Outlaws."
795,100426,36084,789,2026-01-19,out,"Bradford will not play on January 19, 2026 because of personal reasons."
796,100472,36084,789,2026-01-28,out,"Ruled out for January 28, 2026, Bradford cites an illness."
797,100529,36084,789,2026-02-07,out,Bradford (personal) is out for this game against the Anchorage Herons.
798,100564,36084,789,2026-02-20,out,Bradford (personal) is out for this game against the Austin Sentinels.
799,100661,36084,789,2026-03-10,out,"Ruled out for March 10, 2026, Bradford cites rest."
800,100673,36084,789,2026-03-12,out,Bradford (rest) is out for this game against the Boise Glaciers.
801,100791,36084,789,2026-04-02,out,"Bradford will not play on April 2, 2026 because of knee soreness."
802,100322,39020,740,2026-01-01,out,"Pemberton will not play on January 1, 2026 because of hamstring tightness."
803,100403,39020,740,2026-01-15,out,Pemberton (rest) is out for this game against the Albuquerque Lancers.
804,100515,39020,740,2026-02-04,out,"Pemberton misses the February 4, 2026 game against the Hartford Comets (knee)."
805,100786,39020,740,2026-04-01,out,"Pemberton misses the April 1, 2026 game against the El Paso Ospreys (rest)."
806,100795,39020,740,2026-04-02,out,"Ruled out for April 2, 2026, Pemberton cites rest."
807,100817,39020,740,2026-04-07,out,"Pemberton misses the April 7, 2026 game against the Nashville Tempest (knee)."
808,100079,39103,547,2025-11-07,out,"Ruled out for November 7, 2025, Rutledge cites a sprained wrist."
809,100365,39103,547,2026-01-09,out,"Due to back spasms, Rutledge is out against the Honolulu Miners."
810,100405,39103,547,2026-01-15,out,"Rutledge misses the January 15, 2026 game against the Birmingham Foxes (calf)."
811,100424,39103,547,2026-01-19,out,Rutledge (concussion) is out for this game against the Jacksonville Cobras.
812,100437,39103,547,2026-01-21,out,"Ruled out for January 21, 2026, Rutledge cites concussion protocol."
813,100444,39103,547,2026-01-22,out,"Rutledge will not play on January 22, 2026 because of concussion protocol."
814,100459,39103,547,2026-01-25,out,"Ruled out for January 25, 2026, Rutledge cites concussion protocol."
815,100795,39103,547,2026-04-02,out,"Rutledge will not play on April 2, 2026 because of hamstring tightness."
816,100808,39103,547,2026-04-05,out,"Rutledge misses the April 5, 2026 game against the Albany Condors (ankle)."
817,100818,39103,547,2026-04-07,out,"Ruled out for April 7, 2026, Rutledge cites a sprained ankle."
818,100367,39799,430,2026-01-09,out,"Due to back spasms, Keller is out against the Albany Condors."
819,100378,39799,430,2026-01-11,out,"Keller will not play on January 11, 2026 because of back spasms."
820,100419,39799,430,2026-01-18,out,"Keller misses the January 18, 2026 game against the Buffalo Marshals (concussion)."
821,100467,39799,430,2026-01-27,out,Keller (back) is out for this game against the Honolulu Miners.
822,100479,39799,430,2026-01-29,out,"Keller will not play on January 29, 2026 because of back spasms."
823,100501,39799,430,2026-02-02,out,"Keller misses the February 2, 2026 game against the Cincinnati Stallions (concussion)."
824,100508,39799,430,2026-02-03,out,"Due to concussion protocol, Keller is out against the Austin Sentinels."
825,100520,39799,430,2026-02-05,out,"Due to concussion protocol, Keller is out against the Richmond Kestrels."
826,100544,39799,430,2026-02-10,out,"Keller misses the February 10, 2026 game against the Boise Glaciers (personal)."
827,100565,39799,430,2026-02-20,out,Keller is out for the Cheyenne Pioneers matchup with personal reasons.
828,100570,39799,430,2026-02-21,out,"Due to personal reasons, Keller is out against the Grand Rapids Drifters."
829,100576,39799,430,2026-02-22,out,"Ruled out for February 22, 2026, Keller cites personal reasons."
830,100599,39799,430,2026-02-26,out,"Ruled out for February 26, 2026, Keller cites personal reasons."
831,100668,39799,430,2026-03-11,out,"Due to a sprained wrist, Keller is out against the Austin Sentinels."
832,100748,39799,430,2026-03-25,out,"Due to an illness, Keller is out against the El Paso Ospreys."
833,100755,39799,430,2026-03-27,out,"Ruled out for March 27, 2026, Keller cites an illness."
834,100100,40028,727,2025-11-10,out,"Vasquez will not play on November 10, 2025 because of personal reasons."
835,100142,40028,727,2025-11-19,out,"Vasquez misses the November 19, 2025 game against the Raleigh Wardens (back)."
836,100191,40028,727,2025-12-01,out,Vasquez (illness) is out for this game against the Cheyenne Pioneers.
837,100217,40028,727,2025-12-06,out,"Vasquez will not play on December 6, 2025 because of rest."
838,100467,40028,727,2026-01-27,out,"Due to a calf strain, Vasquez is out against the Missoula Anchors."
839,100512,40028,727,2026-02-04,out,"Ruled out for February 4, 2026, Vasquez cites hamstring tightness."
840,100519,40028,727,2026-02-05,out,Vasquez (hamstring) is out for this game against the Baton Rouge Falcons.
841,100547,40028,727,2026-02-11,out,Vasquez is out for the Albuquerque Lancers matchup with rest.
842,100652,40028,727,2026-03-09,out,"Vasquez will not play on March 9, 2026 because of hamstring tightness."
843,100708,40028,727,2026-03-19,out,Vasquez is out for the Des Moines Vultures matchup with concussion protocol.
844,100030,40426,547,2025-10-27,out,"Ruled out for October 27, 2025, Alder cites a sprained wrist."
845,100041,40426,547,2025-10-29,out,Alder is out for the Albuquerque Lancers matchup with a sprained wrist.
846,100046,40426,547,2025-10-31,out,"Ruled out for October 31, 2025, Alder cites a sprained wrist."
847,100051,40426,547,2025-11-01,out,Alder is out for the Missoula Anchors matchup with a sprained wrist.
848,100109,40426,547,2025-11-12,out,"Alder misses the November 12, 2025 game against the Albuquerque Lancers (personal)."
849,100129,40426,547,2025-11-16,out,"Due to a sprained ankle, Alder is out against the Baton Rouge Falcons."
850,100138,40426,547,2025-11-18,out,"Due to a sprained ankle, Alder is out against the Baton Rouge Falcons."
851,100147,40426,547,2025-11-20,out,Alder is out for the Honolulu Miners matchup with a sprained ankle.
852,100171,40426,547,2025-11-26,out,Alder is out for the Richmond Kestrels matchup with hamstring tightness.
853,100180,40426,547,2025-11-29,out,Alder (hamstring) is out for this game against the Anchorage Herons.
854,100224,40426,547,2025-12-07,out,"Alder misses the December 7, 2025 game against the Grand Rapids Drifters (illness)."
855,100268,40426,547,2025-12-22,out,"Due to a calf strain, Alder is out against the Des Moines Vultures."
856,100273,40426,547,2025-12-23,out,Alder is out for the Baton Rouge Falcons matchup with a calf strain.
857,100306,40426,547,2025-12-29,out,Alder is out for the Newark Mustangs matchup with knee soreness.
858,100325,40426,547,2026-01-02,out,Alder is out for the Anchorage Herons matchup with a sprained ankle.
859,100357,40426,547,2026-01-07,out,Alder is out for the Spokane Outlaws matchup with a sprained ankle.
860,100365,40426,547,2026-01-09,out,"Due to a sprained ankle, Alder is out against the Honolulu Miners."
861,100369,40426,547,2026-01-10,out,"Ruled out for January 10, 2026, Alder cites a sprained ankle."
862,100376,40426,547,2026-01-11,out,Alder (ankle) is out for this game against the Albuquerque Lancers.
863,100382,40426,547,2026-01-12,out,Alder (ankle) is out for this game against the El Paso Ospreys.
864,100386,40426,547,2026-01-13,out,Alder (ankle) is out for this game against the Austin Sentinels.
865,100416,40426,547,2026-01-17,out,Alder (knee) is out for this game against the Hartford Comets.
866,100513,40426,547,2026-02-04,out,"Due to a sprained wrist, Alder is out against the Richmond Kestrels."
867,100546,40426,547,2026-02-11,out,"Alder misses the February 11, 2026 game against the Columbus Voyagers (illness)."
868,100639,40426,547,2026-03-06,out,"Alder will not play on March 6, 2026 because of knee soreness."
869,100662,40426,547,2026-03-10,out,"Ruled out for March 10, 2026, Alder cites knee soreness."
870,100672,40426,547,2026-03-12,out,"Alder will not play on March 12, 2026 because of knee soreness."
871,100689,40426,547,2026-03-16,out,"Ruled out for March 16, 2026, Alder cites knee soreness."
872,100701,40426,547,2026-03-18,out,"Ruled out for March 18, 2026, Alder cites knee soreness."
873,100710,40426,547,2026-03-19,out,"Alder misses the March 19, 2026 game against the Newark Mustangs (knee)."
874,100730,40426,547,2026-03-22,out,"Due to concussion protocol, Alder is out against the Buffalo Marshals."
875,100745,40426,547,2026-03-25,out,"Due to personal reasons, Alder is out against the Cincinnati Stallions."
876,100762,40426,547,2026-03-27,out,"Alder will not play on March 27, 2026 because of personal reasons."
877,100770,40426,547,2026-03-29,out,"Alder will not play on March 29, 2026 because of personal reasons."
878,100795,40426,547,2026-04-02,out,Alder is out for the Boise Glaciers matchup with personal reasons.
879,100800,40426,547,2026-04-03,out,"Due to personal reasons, Alder is out against the Reno Ridgebacks."
880,100808,40426,547,2026-04-05,out,"Ruled out for April 5, 2026, Alder cites personal reasons."
881,100818,40426,547,2026-04-07,out,"Due to personal reasons, Alder is out against the Cheyenne Pioneers."
882,100831,40426,547,2026-04-10,out,"Ruled out for April 10, 2026, Alder cites personal reasons."
883,100834,40426,547,2026-04-12,out,"Alder misses the April 12, 2026 game against the Missoula Anchors (personal)."
884,100188,40696,604,2025-11-30,out,"Fairbanks will not play on November 30, 2025 because of a sprained ankle."
885,100402,40696,604,2026-01-15,out,"Fairbanks will not play on January 15, 2026 because of a calf strain."
886,100456,40696,604,2026-01-25,out,Fairbanks (wrist) is out for this game against the Columbus Voyagers.
887,100468,40696,604,2026-01-27,out,"Fairbanks will not play on January 27, 2026 because of a sprained wrist."
888,100481,40696,604,2026-01-29,out,Fairbanks (wrist) is out for this game against the Jacksonville Cobras.
889,100805,40696,604,2026-04-05,out,"Fairbanks misses the April 5, 2026 game against the Spokane Outlaws (hamstring)."
890,100833,40696,604,2026-04-10,out,"Due to a calf strain, Fairbanks is out against the Albuquerque Lancers."
891,100009,41210,108,2025-10-23,out,"Farrell misses the October 23, 2025 game against the Spokane Outlaws (knee)."
892,100011,41210,108,2025-10-24,out,Farrell (knee) is out for this game against the Bakersfield Wranglers.
893,100029,41210,108,2025-10-27,out,Farrell (knee) is out for this game against the Grand Rapids Drifters.
894,100035,41210,108,2025-10-28,out,"Ruled out for October 28, 2025, Farrell cites knee soreness."
895,100037,41210,108,2025-10-29,out,Farrell is out for the Honolulu Miners matchup with knee soreness.
896,100160,41210,108,2025-11-23,out,"Ruled out for November 23, 2025, Farrell cites concussion protocol."
897,100178,41210,108,2025-11-28,out,"Farrell will not play on November 28, 2025 because of concussion protocol."
898,100593,41210,108,2026-02-26,out,Farrell is out for the Austin Sentinels matchup with an illness.
899,100667,41210,108,2026-03-11,out,"Due to an illness, Farrell is out against the Richmond Kestrels."
900,100059,41275,662,2025-11-02,out,"Due to back spasms, Stanton is out against the Tacoma Talons."
901,100152,41275,662,2025-11-21,out,"Ruled out for November 21, 2025, Stanton cites a calf strain."
902,100205,41275,662,2025-12-04,out,"Ruled out for December 4, 2025, Stanton cites back spasms."
903,100299,41275,662,2025-12-28,out,"Due to personal reasons, Stanton is out against the Baton Rouge Falcons."
904,100303,41275,662,2025-12-29,out,"Due to personal reasons, Stanton is out against the Cheyenne Pioneers."
905,100335,41275,662,2026-01-04,out,Stanton (knee) is out for this game against the Baton Rouge Falcons.
906,100344,41275,662,2026-01-05,out,"Due to knee soreness, Stanton is out against the Providence Skylarks."
907,100350,41275,662,2026-01-07,out,"Ruled out for January 7, 2026, Stanton cites knee soreness."
908,100360,41275,662,2026-01-09,out,"Ruled out for January 9, 2026, Stanton cites knee soreness."
909,100390,41275,662,2026-01-13,out,"Stanton will not play on January 13, 2026 because of personal reasons."
910,100410,41275,662,2026-01-17,out,"Ruled out for January 17, 2026, Stanton cites a calf strain."
911,100433,41275,662,2026-01-20,out,"Stanton misses the January 20, 2026 game against the Hartford Comets (personal)."
912,100445,41275,662,2026-01-22,out,"Due to personal reasons, Stanton is out against the Baton Rouge Falcons."
913,100480,41275,662,2026-01-29,out,Stanton (ankle) is out for this game against the Austin Sentinels.
914,100485,41275,662,2026-01-30,out,Stanton (ankle) is out for this game against the Albuquerque Lancers.
915,100494,41275,662,2026-02-01,out,"Stanton misses the February 1, 2026 game against the Des Moines Vultures (ankle)."
916,100507,41275,662,2026-02-03,out,"Stanton misses the February 3, 2026 game against the Reno Ridgebacks (ankle)."
917,100523,41275,662,2026-02-05,out,"Stanton misses the February 5, 2026 game against the Fresno Bison (ankle)."
918,100535,41275,662,2026-02-08,out,Stanton (ankle) is out for this game against the Nashville Tempest.
919,100539,41275,662,2026-02-09,out,"Stanton will not play on February 9, 2026 because of a sprained ankle."
920,100551,41275,662,2026-02-11,out,"Stanton misses the February 11, 2026 game against the Cheyenne Pioneers (ankle)."
921,100553,41275,662,2026-02-12,out,"Stanton will not play on February 12, 2026 because of a sprained ankle."
922,100558,41275,662,2026-02-19,out,"Due to a sprained ankle, Stanton is out against the Richmond Kestrels."
923,100572,41275,662,2026-02-22,out,"Stanton will not play on February 22, 2026 because of a sprained ankle."
924,100579,41275,662,2026-02-23,out,"Stanton misses the February 23, 2026 game against the Fresno Bison (ankle)."
925,100596,41275,662,2026-02-26,out,Stanton (ankle) is out for this game against the Raleigh Wardens.
926,100605,41275,662,2026-02-28,out,"Ruled out for February 28, 2026, Stanton cites a sprained ankle."
927,100609,41275,662,2026-03-01,out,"Stanton misses the March 1, 2026 game against the Buffalo Marshals (ankle)."
928,100624,41275,662,2026-03-04,out,"Stanton misses the March 4, 2026 game against the Anchorage Herons (ankle)."
929,100633,41275,662,2026-03-05,out,"Stanton will not play on March 5, 2026 because of a sprained ankle."
930,100639,41275,662,2026-03-06,out,"Due to a sprained ankle, Stanton is out against the Tulsa Admirals."
931,100640,41275,662,2026-03-07,out,Stanton (ankle) is out for this game against the Newark Mustangs.
932,100647,41275,662,2026-03-08,out,Stanton is out for the Honolulu Miners matchup with a sprained ankle.
933,100663,41275,662,2026-03-10,out,"Stanton misses the March 10, 2026 game against the Albuquerque Lancers (ankle)."
934,100680,41275,662,2026-03-13,out,Stanton (ankle) is out for this game against the Honolulu Miners.
935,100701,41275,662,2026-03-18,out,Stanton is out for the Tulsa Admirals matchup with a sprained ankle.
936,100724,41275,662,2026-03-21,out,Stanton (ankle) is out for this game against the Austin Sentinels.
937,100728,41275,662,2026-03-22,out,"Stanton will not play on March 22, 2026 because of a sprained ankle."
938,100737,41275,662,2026-03-23,out,Stanton is out for the Boise Glaciers matchup with a sprained ankle.
939,100748,41275,662,2026-03-25,out,"Due to a sprained ankle, Stanton is out against the Missoula Anchors."
940,100763,41275,662,2026-03-28,out,"Ruled out for March 28, 2026, Stanton cites a sprained ankle."
941,100774,41275,662,2026-03-30,out,Stanton (ankle) is out for this game against the Birmingham Foxes.
942,100781,41275,662,2026-03-31,out,Stanton (ankle) is out for this game against the Tacoma Talons.
943,100786,41275,662,2026-04-01,out,"Ruled out for April 1, 2026, Stanton cites a sprained ankle."
944,100794,41275,662,2026-04-02,out,Stanton (ankle) is out for this game against the Austin Sentinels.
945,100810,41275,662,2026-04-06,out,"Stanton misses the April 6, 2026 game against the Cheyenne Pioneers (ankle)."
946,100816,41275,662,2026-04-07,out,"Stanton misses the April 7, 2026 game against the Tacoma Talons (ankle)."
947,100822,41275,662,2026-04-08,out,"Stanton will not play on April 8, 2026 because of a sprained ankle."
948,100832,41275,662,2026-04-10,out,Stanton (ankle) is out for this game against the Hartford Comets.
949,100840,41275,662,2026-04-12,out,"Due to a sprained ankle, Stanton is out against the Bakersfield Wranglers."
950,100060,42079,460,2025-11-03,out,"Ruled out for November 3, 2025, Easton cites an illness."
951,100076,42079,460,2025-11-05,out,"Ruled out for November 5, 2025, Easton cites an illness."
952,100148,42079,460,2025-11-20,out,"Ruled out for November 20, 2025, Easton cites an illness."
953,100208,42079,460,2025-12-05,out,"Ruled out for December 5, 2025, Easton cites an illness."
954,100220,42079,460,2025-12-07,out,Easton is out for the Albuquerque Lancers matchup with an illness.
955,100228,42079,460,2025-12-10,out,"Ruled out for December 10, 2025, Easton cites an illness."
956,100238,42079,460,2025-12-14,out,"Due to an illness, Easton is out against the Bakersfield Wranglers."
957,100255,42079,460,2025-12-20,out,"Easton will not play on December 20, 2025 because of an illness."
958,100283,42079,460,2025-12-25,out,Easton (illness) is out for this game against the Albuquerque Lancers.
959,100292,42079,460,2025-12-27,out,Easton is out for the Tulsa Admirals matchup with an illness.
960,100333,42079,460,2026-01-03,out,"Due to an illness, Easton is out against the Boise Glaciers."
961,100339,42079,460,2026-01-04,out,"Easton misses the January 4, 2026 game against the Anchorage Herons (illness)."
962,100380,42079,460,2026-01-11,out,Easton is out for the Spokane Outlaws matchup with an illness.
963,100391,42079,460,2026-01-13,out,Easton (illness) is out for this game against the Cheyenne Pioneers.
964,100436,42079,460,2026-01-21,out,"Easton misses the January 21, 2026 game against the Honolulu Miners (calf)."
965,100463,42079,460,2026-01-26,out,Easton (calf) is out for this game against the Bakersfield Wranglers.
966,100471,42079,460,2026-01-28,out,"Ruled out for January 28, 2026, Easton cites a calf strain."
967,100501,42079,460,2026-02-02,out,Easton is out for the Missoula Anchors matchup with a calf strain.
968,100014,42452,727,2025-10-24,out,"Nash will not play on October 24, 2025 because of a sprained ankle."
969,100020,42452,727,2025-10-25,out,"Ruled out for October 25, 2025, Nash cites a sprained ankle."
970,100025,42452,727,2025-10-26,out,"Nash will not play on October 26, 2025 because of a sprained ankle."
971,100032,42452,727,2025-10-27,out,Nash (ankle) is out for this game against the Tacoma Talons.
972,100037,42452,727,2025-10-29,out,"Nash misses the October 29, 2025 game against the Reno Ridgebacks (ankle)."
973,100048,42452,727,2025-10-31,out,"Ruled out for October 31, 2025, Nash cites a sprained ankle."
974,100065,42452,727,2025-11-03,out,"Due to a sprained ankle, Nash is out against the Richmond Kestrels."
975,100068,42452,727,2025-11-04,out,"Ruled out for November 4, 2025, Nash cites a sprained ankle."
976,100072,42452,727,2025-11-05,out,Nash (ankle) is out for this game against the Jacksonville Cobras.
977,100086,42452,727,2025-11-08,out,"Ruled out for November 8, 2025, Nash cites a sprained ankle."
978,100090,42452,727,2025-11-09,out,"Nash will not play on November 9, 2025 because of a sprained ankle."
979,100100,42452,727,2025-11-10,out,"Nash will not play on November 10, 2025 because of a sprained ankle."
980,100104,42452,727,2025-11-11,out,"Due to a sprained ankle, Nash is out against the Tulsa Admirals."
981,100117,42452,727,2025-11-14,out,"Due to a sprained ankle, Nash is out against the Baton Rouge Falcons."
982,100142,42452,727,2025-11-19,out,"Ruled out for November 19, 2025, Nash cites a sprained ankle."
983,100147,42452,727,2025-11-20,out,"Ruled out for November 20, 2025, Nash cites a sprained ankle."
984,100154,42452,727,2025-11-22,out,"Nash misses the November 22, 2025 game against the Cheyenne Pioneers (ankle)."
985,100163,42452,727,2025-11-24,out,"Due to a sprained ankle, Nash is out against the Spokane Outlaws."
986,100179,42452,727,2025-11-28,out,"Due to a sprained ankle, Nash is out against the Albuquerque Lancers."
987,100191,42452,727,2025-12-01,out,"Nash will not play on December 1, 2025 because of a sprained ankle."
988,100204,42452,727,2025-12-04,out,Nash (ankle) is out for this game against the Bakersfield Wranglers.
989,100217,42452,727,2025-12-06,out,Nash is out for the Fresno Bison matchup with a sprained ankle.
990,100234,42452,727,2025-12-12,out,Nash is out for the Louisville Nomads matchup with a sprained ankle.
991,100243,42452,727,2025-12-15,out,Nash (ankle) is out for this game against the Reno Ridgebacks.
992,100263,42452,727,2025-12-21,out,Nash is out for the Buffalo Marshals matchup with a sprained ankle.
993,100267,42452,727,2025-12-22,out,"Due to a sprained ankle, Nash is out against the El Paso Ospreys."
994,100272,42452,727,2025-12-23,out,"Nash misses the December 23, 2025 game against the Hartford Comets (ankle)."
995,100293,42452,727,2025-12-27,out,"Nash will not play on December 27, 2025 because of a sprained ankle."
996,100302,42452,727,2025-12-29,out,"Ruled out for December 29, 2025, Nash cites a sprained ankle."
997,100309,42452,727,2025-12-30,out,"Nash will not play on December 30, 2025 because of a sprained ankle."
998,100319,42452,727,2025-12-31,out,"Nash will not play on December 31, 2025 because of a sprained ankle."
999,100331,42452,727,2026-01-03,out,Nash (ankle) is out for this game against the Birmingham Foxes.
1000,100341,42452,727,2026-01-05,out,"Ruled out for January 5, 2026, Nash cites a sprained ankle."
1001,100346,42452,727,2026-01-06,out,Nash is out for the Austin Sentinels matchup with a sprained ankle.
1002,100365,42452,727,2026-01-09,out,"Nash misses the January 9, 2026 game against the Tulsa Admirals (ankle)."
1003,100381,42452,727,2026-01-11,out,"Nash will not play on January 11, 2026 because of a sprained ankle."
1004,100408,42452,727,2026-01-16,out,Nash (ankle) is out for this game against the Anchorage Herons.
1005,100413,42452,727,2026-01-17,out,"Nash will not play on January 17, 2026 because of a sprained ankle."
1006,100425,42452,727,2026-01-19,out,"Nash misses the January 19, 2026 game against the Baton Rouge Falcons (ankle)."
1007,100436,42452,727,2026-01-21,out,Nash (ankle) is out for this game against the Cincinnati Stallions.
1008,100447,42452,727,2026-01-23,out,Nash is out for the Albuquerque Lancers matchup with a sprained ankle.
1009,100454,42452,727,2026-01-24,out,"Nash will not play on January 24, 2026 because of a sprained ankle."
1010,100455,42452,727,2026-01-25,out,"Due to a sprained ankle, Nash is out against the Buffalo Marshals."
1011,100467,42452,727,2026-01-27,out,Nash (ankle) is out for this game against the Missoula Anchors.
1012,100473,42452,727,2026-01-28,out,"Nash will not play on January 28, 2026 because of a sprained ankle."
1013,100478,42452,727,2026-01-29,out,Nash (ankle) is out for this game against the Columbus Voyagers.
1014,100488,42452,727,2026-01-30,out,"Ruled out for January 30, 2026, Nash cites a sprained ankle."
1015,100510,42452,727,2026-02-03,out,"Due to rest, Nash is out against the Newark Mustangs."
1016,100537,42452,727,2026-02-09,out,Nash (concussion) is out for this game against the Hartford Comets.
1017,100556,42452,727,2026-02-19,out,"Nash will not play on February 19, 2026 because of an illness."
1018,100058,43237,162,2025-11-02,out,"Dalton misses the November 2, 2025 game against the Bakersfield Wranglers (concussion)."
1019,100062,43237,162,2025-11-03,out,"Due to concussion protocol, Dalton is out against the Austin Sentinels."
1020,100067,43237,162,2025-11-04,out,Dalton (concussion) is out for this game against the Jacksonville Cobras.
1021,100089,43237,162,2025-11-08,out,"Ruled out for November 8, 2025, Dalton cites hamstring tightness."
1022,100099,43237,162,2025-11-10,out,Dalton is out for the Boise Glaciers matchup with hamstring tightness.
1023,100134,43237,162,2025-11-17,out,"Due to rest, Dalton is out against the Anchorage Herons."
1024,100220,43237,162,2025-12-07,out,"Due to personal reasons, Dalton is out against the Cincinnati Stallions."
1025,100269,43237,162,2025-12-22,out,"Ruled out for December 22, 2025, Dalton cites a sprained wrist."
1026,100286,43237,162,2025-12-26,out,Dalton (calf) is out for this game against the Austin Sentinels.
1027,100597,43237,162,2026-02-26,out,"Dalton misses the February 26, 2026 game against the Nashville Tempest (personal)."
1028,100683,43237,162,2026-03-14,out,"Ruled out for March 14, 2026, Dalton cites an illness."
1029,100734,43237,162,2026-03-23,out,"Dalton misses the March 23, 2026 game against the Des Moines Vultures (hamstring)."
1030,100811,43237,162,2026-04-06,out,Dalton is out for the Missoula Anchors matchup with hamstring tightness.
1031,100821,43237,162,2026-04-08,out,"Dalton misses the April 8, 2026 game against the Baton Rouge Falcons (hamstring)."
1032,100154,45589,788,2025-11-22,out,"Due to a sprained ankle, Sheffield is out against the Honolulu Miners."
1033,100627,45589,788,2026-03-05,out,"Ruled out for March 5, 2026, Sheffield cites hamstring tightness."
1034,100690,45589,788,2026-03-16,out,"Due to knee soreness, Sheffield is out against the Reno Ridgebacks."
1035,100787,45589,788,2026-04-01,out,"Ruled out for April 1, 2026, Sheffield cites hamstring tightness."
1036,100798,45589,788,2026-04-03,out,"Sheffield will not play on April 3, 2026 because of a sprained wrist."
1037,100195,46627,386,2025-12-02,out,"Ruled out for December 2, 2025, Brennan cites an illness."
1038,100221,46627,386,2025-12-07,out,Brennan (hamstring) is out for this game against the Boise Glaciers.
1039,100264,46627,386,2025-12-21,out,Brennan (wrist) is out for this game against the El Paso Ospreys.
1040,100324,46627,386,2026-01-02,out,"Ruled out for January 2, 2026, Brennan cites rest."
1041,100330,46627,386,2026-01-03,out,"Due to rest, Brennan is out against the Raleigh Wardens."
1042,100361,46627,386,2026-01-09,out,Brennan (calf) is out for this game against the Louisville Nomads.
1043,100375,46627,386,2026-01-11,out,"Ruled out for January 11, 2026, Brennan cites a calf strain."
1044,100463,46627,386,2026-01-26,out,"Due to a calf strain, Brennan is out against the Cincinnati Stallions."
1045,100499,46627,386,2026-02-01,out,"Brennan misses the February 1, 2026 game against the Honolulu Miners (illness)."
1046,100518,46627,386,2026-02-04,out,Brennan is out for the Fresno Bison matchup with a calf strain.
1047,100522,46627,386,2026-02-05,out,"Ruled out for February 5, 2026, Brennan cites a calf strain."
1048,100531,46627,386,2026-02-07,out,Brennan is out for the Albany Condors matchup with a calf strain.
1049,100536,46627,386,2026-02-09,out,"Ruled out for February 9, 2026, Brennan cites a calf strain."
1050,100563,46627,386,2026-02-20,out,Brennan is out for the Spokane Outlaws matchup with a calf strain.
1051,100590,46627,386,2026-02-25,out,"Brennan misses the February 25, 2026 game against the Nashville Tempest (calf)."
1052,100599,46627,386,2026-02-26,out,"Brennan will not play on February 26, 2026 because of a calf strain."
1053,100796,46627,386,2026-04-03,out,"Ruled out for April 3, 2026, Brennan cites a sprained wrist."
1054,100807,46627,386,2026-04-05,out,"Due to an illness, Brennan is out against the Honolulu Miners."
1055,100014,46862,727,2025-10-24,out,"Emerson will not play on October 24, 2025 because of a sprained wrist."
1056,100020,46862,727,2025-10-25,out,"Due to a sprained wrist, Emerson is out against the Boise Glaciers."
1057,100025,46862,727,2025-10-26,out,"Emerson will not play on October 26, 2025 because of a sprained wrist."
1058,100032,46862,727,2025-10-27,out,"Emerson misses the October 27, 2025 game against the Tacoma Talons (wrist)."
1059,100037,46862,727,2025-10-29,out,"Emerson will not play on October 29, 2025 because of a sprained wrist."
1060,100048,46862,727,2025-10-31,out,"Emerson will not play on October 31, 2025 because of a sprained wrist."
1061,100065,46862,727,2025-11-03,out,Emerson is out for the Richmond Kestrels matchup with a sprained wrist.
1062,100068,46862,727,2025-11-04,out,"Ruled out for November 4, 2025, Emerson cites a sprained wrist."
1063,100072,46862,727,2025-11-05,out,"Due to a sprained wrist, Emerson is out against the Jacksonville Cobras."
1064,100086,46862,727,2025-11-08,out,Emerson (wrist) is out for this game against the Columbus Voyagers.
1065,100104,46862,727,2025-11-11,out,Emerson (rest) is out for this game against the Tulsa Admirals.
1066,100142,46862,727,2025-11-19,out,Emerson is out for the Raleigh Wardens matchup with an illness.
1067,100147,46862,727,2025-11-20,out,Emerson is out for the Tulsa Admirals matchup with an illness.
1068,100163,46862,727,2025-11-24,out,Emerson (ankle) is out for this game against the Spokane Outlaws.
1069,100179,46862,727,2025-11-28,out,"Ruled out for November 28, 2025, Emerson cites a sprained ankle."
1070,100319,46862,727,2025-12-31,out,Emerson (calf) is out for this game against the Albany Condors.
1071,100447,46862,727,2026-01-23,out,Emerson (illness) is out for this game against the Albuquerque Lancers.
1072,100547,46862,727,2026-02-11,out,Emerson is out for the Albuquerque Lancers matchup with knee soreness.
1073,100708,46862,727,2026-03-19,out,Emerson is out for the Des Moines Vultures matchup with an illness.
1074,100756,46862,727,2026-03-27,out,"Ruled out for March 27, 2026, Emerson cites back spasms."
1075,100773,46862,727,2026-03-29,out,Emerson (back) is out for this game against the Newark Mustangs.
1076,100790,46862,727,2026-04-02,out,"Ruled out for April 2, 2026, Emerson cites concussion protocol."
1077,100027,48957,604,2025-10-27,out,"Ruled out for October 27, 2025, Nash cites hamstring tightness."
1078,100096,48957,604,2025-11-10,out,Nash (hamstring) is out for this game against the Reno Ridgebacks.
1079,100153,48957,604,2025-11-21,out,"Due to a calf strain, Nash is out against the Raleigh Wardens."
1080,100178,48957,604,2025-11-28,out,"Due to a sprained wrist, Nash is out against the Reno Ridgebacks."
1081,100481,48957,604,2026-01-29,out,Nash is out for the Jacksonville Cobras matchup with a sprained wrist.
1082,100541,48957,604,2026-02-09,out,"Due to knee soreness, Nash is out against the Austin Sentinels."
1083,100562,48957,604,2026-02-20,out,"Nash misses the February 20, 2026 game against the Louisville Nomads (personal)."
1084,100574,48957,604,2026-02-22,out,"Nash misses the February 22, 2026 game against the Grand Rapids Drifters (concussion)."
1085,100582,48957,604,2026-02-24,out,"Ruled out for February 24, 2026, Nash cites concussion protocol."
1086,100717,48957,604,2026-03-20,out,"Nash misses the March 20, 2026 game against the Honolulu Miners (back)."
1087,100742,48957,604,2026-03-24,out,Nash is out for the Boise Glaciers matchup with knee soreness.
1088,100779,48957,604,2026-03-30,out,Nash is out for the Cheyenne Pioneers matchup with rest.
1089,100792,48957,604,2026-04-02,out,"Ruled out for April 2, 2026, Nash cites rest."
1090,100799,48957,604,2026-04-03,out,"Nash misses the April 3, 2026 game against the Missoula Anchors (rest)."
1091,100805,48957,604,2026-04-05,out,"Nash will not play on April 5, 2026 because of rest."
1092,100813,48957,604,2026-04-07,out,"Ruled out for April 7, 2026, Nash cites rest."
1093,100833,48957,604,2026-04-10,out,"Nash misses the April 10, 2026 game against the Albuquerque Lancers (rest)."
1094,100837,48957,604,2026-04-12,out,"Ruled out for April 12, 2026, Nash cites rest."
1095,100308,49218,604,2025-12-29,out,"Wolfe misses the December 29, 2025 game against the Buffalo Marshals (concussion)."
1096,100321,49218,604,2026-01-01,out,Wolfe (rest) is out for this game against the Baton Rouge Falcons.
1097,100325,49218,604,2026-01-02,out,Wolfe (rest) is out for this game against the Tulsa Admirals.
1098,100339,49218,604,2026-01-04,out,"Ruled out for January 4, 2026, Wolfe cites rest."
1099,100348,49218,604,2026-01-06,out,"Wolfe misses the January 6, 2026 game against the Providence Skylarks (rest)."
1100,100355,49218,604,2026-01-07,out,Wolfe is out for the Albany Condors matchup with rest.
1101,100366,49218,604,2026-01-09,out,"Ruled out for January 9, 2026, Wolfe cites rest."
1102,100389,49218,604,2026-01-13,out,Wolfe (rest) is out for this game against the Birmingham Foxes.
1103,100402,49218,604,2026-01-15,out,"Wolfe misses the January 15, 2026 game against the Columbus Voyagers (rest)."
1104,100408,49218,604,2026-01-16,out,"Ruled out for January 16, 2026, Wolfe cites rest."
1105,100427,49218,604,2026-01-19,out,Wolfe is out for the Louisville Nomads matchup with a sprained ankle.
1106,100430,49218,604,2026-01-20,out,Wolfe is out for the Birmingham Foxes matchup with a sprained ankle.
1107,100456,49218,604,2026-01-25,out,"Due to a sprained ankle, Wolfe is out against the Columbus Voyagers."
1108,100468,49218,604,2026-01-27,out,"Due to a sprained ankle, Wolfe is out against the Hartford Comets."
1109,100481,49218,604,2026-01-29,out,Wolfe (ankle) is out for this game against the Jacksonville Cobras.
1110,100490,49218,604,2026-01-31,out,"Due to a sprained ankle, Wolfe is out against the Providence Skylarks."
1111,100805,49218,604,2026-04-05,out,"Due to concussion protocol, Wolfe is out against the Spokane Outlaws."
1112,100003,49715,430,2025-10-22,out,"Easton misses the October 22, 2025 game against the Boise Glaciers (concussion)."
1113,100008,49715,430,2025-10-23,out,"Easton will not play on October 23, 2025 because of concussion protocol."
1114,100025,49715,430,2025-10-26,out,"Easton misses the October 26, 2025 game against the Honolulu Miners (concussion)."
1115,100027,49715,430,2025-10-27,out,Easton (concussion) is out for this game against the Anchorage Herons.
1116,100040,49715,430,2025-10-29,out,"Ruled out for October 29, 2025, Easton cites concussion protocol."
1117,100047,49715,430,2025-10-31,out,"Easton misses the October 31, 2025 game against the Tacoma Talons (concussion)."
1118,100051,49715,430,2025-11-01,out,"Easton misses the November 1, 2025 game against the Tulsa Admirals (concussion)."
1119,100055,49715,430,2025-11-02,out,"Easton will not play on November 2, 2025 because of concussion protocol."
1120,100068,49715,430,2025-11-04,out,"Ruled out for November 4, 2025, Easton cites concussion protocol."
1121,100074,49715,430,2025-11-05,out,"Ruled out for November 5, 2025, Easton cites concussion protocol."
1122,100089,49715,430,2025-11-08,out,"Due to concussion protocol, Easton is out against the Albuquerque Lancers."
1123,100095,49715,430,2025-11-10,out,"Easton will not play on November 10, 2025 because of concussion protocol."
1124,100102,49715,430,2025-11-11,out,Easton (concussion) is out for this game against the Spokane Outlaws.
1125,100106,49715,430,2025-11-12,out,"Ruled out for November 12, 2025, Easton cites concussion protocol."
1126,100121,49715,430,2025-11-15,out,Easton is out for the Bakersfield Wranglers matchup with concussion protocol.
1127,100136,49715,430,2025-11-18,out,"Ruled out for November 18, 2025, Easton cites concussion protocol."
1128,100145,49715,430,2025-11-19,out,"Due to concussion protocol, Easton is out against the Nashville Tempest."
1129,100146,49715,430,2025-11-20,out,"Easton misses the November 20, 2025 game against the Spokane Outlaws (concussion)."
1130,100177,49715,430,2025-11-28,out,Easton is out for the Grand Rapids Drifters matchup with concussion protocol.
1131,100182,49715,430,2025-11-29,out,"Easton misses the November 29, 2025 game against the Baton Rouge Falcons (concussion)."
1132,100201,49715,430,2025-12-03,out,Easton (concussion) is out for this game against the Reno Ridgebacks.
1133,100208,49715,430,2025-12-05,out,"Easton will not play on December 5, 2025 because of concussion protocol."
1134,100216,49715,430,2025-12-06,out,"Ruled out for December 6, 2025, Easton cites concussion protocol."
1135,100227,49715,430,2025-12-08,out,"Easton misses the December 8, 2025 game against the Albany Condors (concussion)."
1136,100250,49715,430,2025-12-18,out,Easton (concussion) is out for this game against the Nashville Tempest.
1137,100254,49715,430,2025-12-19,out,"Easton will not play on December 19, 2025 because of concussion protocol."
1138,100270,49715,430,2025-12-22,out,"Easton misses the December 22, 2025 game against the Louisville Nomads (concussion)."
1139,100271,49715,430,2025-12-23,out,"Easton misses the December 23, 2025 game against the Austin Sentinels (concussion)."
1140,100282,49715,430,2025-12-25,out,"Easton misses the December 25, 2025 game against the Spokane Outlaws (concussion)."
1141,100285,49715,430,2025-12-26,out,"Ruled out for December 26, 2025, Easton cites concussion protocol."
1142,100289,49715,430,2025-12-27,out,"Easton will not play on December 27, 2025 because of concussion protocol."
1143,100295,49715,430,2025-12-28,out,"Easton will not play on December 28, 2025 because of concussion protocol."
1144,100300,49715,430,2025-12-29,out,"Easton misses the December 29, 2025 game against the Reno Ridgebacks (concussion)."
1145,100315,49715,430,2025-12-31,out,Easton is out for the Fresno Bison matchup with concussion protocol.
1146,100328,49715,430,2026-01-02,out,Easton is out for the El Paso Ospreys matchup with concussion protocol.
1147,100345,49715,430,2026-01-05,out,"Ruled out for January 5, 2026, Easton cites concussion protocol."
1148,100347,49715,430,2026-01-06,out,Easton is out for the Birmingham Foxes matchup with concussion protocol.
1149,100367,49715,430,2026-01-09,out,"Easton will not play on January 9, 2026 because of concussion protocol."
1150,100388,49715,430,2026-01-13,out,"Ruled out for January 13, 2026, Easton cites an illness."
1151,100398,49715,430,2026-01-15,out,"Ruled out for January 15, 2026, Easton cites an illness."
1152,100415,49715,430,2026-01-17,out,"Easton misses the January 17, 2026 game against the Cheyenne Pioneers (illness)."
1153,100419,49715,430,2026-01-18,out,"Easton misses the January 18, 2026 game against the Buffalo Marshals (illness)."
1154,100437,49715,430,2026-01-21,out,"Easton will not play on January 21, 2026 because of an illness."
1155,100446,49715,430,2026-01-23,out,"Easton will not play on January 23, 2026 because of an illness."
1156,100467,49715,430,2026-01-27,out,"Easton misses the January 27, 2026 game against the Honolulu Miners (illness)."
1157,100479,49715,430,2026-01-29,out,Easton (illness) is out for this game against the Tacoma Talons.
1158,100489,49715,430,2026-01-30,out,Easton is out for the Newark Mustangs matchup with an illness.
1159,100491,49715,430,2026-01-31,out,"Easton will not play on January 31, 2026 because of an illness."
1160,100501,49715,430,2026-02-02,out,"Due to rest, Easton is out against the Cincinnati Stallions."
1161,100611,49715,430,2026-03-01,out,Easton is out for the Providence Skylarks matchup with knee soreness.
1162,100613,49715,430,2026-03-02,out,"Easton misses the March 2, 2026 game against the Baton Rouge Falcons (knee)."
1163,100623,49715,430,2026-03-04,out,"Ruled out for March 4, 2026, Easton cites knee soreness."
1164,100634,49715,430,2026-03-06,out,Easton is out for the Providence Skylarks matchup with knee soreness.
1165,100655,49715,430,2026-03-10,out,"Due to knee soreness, Easton is out against the Anchorage Herons."
1166,100694,49715,430,2026-03-16,out,Easton is out for the Des Moines Vultures matchup with a sprained wrist.
1167,100718,49715,430,2026-03-21,out,Easton is out for the Boise Glaciers matchup with personal reasons.
1168,100736,49715,430,2026-03-23,out,"Easton will not play on March 23, 2026 because of personal reasons."
1169,100777,49715,430,2026-03-30,out,Easton (back) is out for this game against the Columbus Voyagers.
1170,100799,49715,430,2026-04-03,out,Easton (hamstring) is out for this game against the Anchorage Herons.
1171,100811,49715,430,2026-04-06,out,Easton is out for the Albuquerque Lancers matchup with an illness.
1172,100820,49715,430,2026-04-08,out,"Easton will not play on April 8, 2026 because of an illness."
1173,100834,49715,430,2026-04-12,out,"Easton will not play on April 12, 2026 because of an illness."
1174,100017,49841,162,2025-10-24,out,"Due to rest, Holloway is out against the Buffalo Marshals."
1175,100023,49841,162,2025-10-26,out,"Holloway misses the October 26, 2025 game against the Raleigh Wardens (rest)."
1176,100026,49841,162,2025-10-27,out,Holloway is out for the Baton Rouge Falcons matchup with rest.
1177,100041,49841,162,2025-10-29,out,Holloway (rest) is out for this game against the Tulsa Admirals.
1178,100045,49841,162,2025-10-30,out,"Due to rest, Holloway is out against the Providence Skylarks."
1179,100071,49841,162,2025-11-05,out,"Ruled out for November 5, 2025, Holloway cites personal reasons."
1180,100166,49841,162,2025-11-24,out,Holloway is out for the El Paso Ospreys matchup with concussion protocol.
1181,100179,49841,162,2025-11-28,out,"Ruled out for November 28, 2025, Holloway cites a sprained ankle."
1182,100317,49841,162,2025-12-31,out,"Holloway misses the December 31, 2025 game against the Cheyenne Pioneers (rest)."
1183,100622,49841,162,2026-03-04,out,"Holloway misses the March 4, 2026 game against the Austin Sentinels (concussion)."
1184,100025,50214,727,2025-10-26,out,"Sinclair misses the October 26, 2025 game against the Missoula Anchors (calf)."
1185,100048,50214,727,2025-10-31,out,"Due to concussion protocol, Sinclair is out against the Boise Glaciers."
1186,100086,50214,727,2025-11-08,out,"Sinclair misses the November 8, 2025 game against the Columbus Voyagers (personal)."
1187,100104,50214,727,2025-11-11,out,"Ruled out for November 11, 2025, Sinclair cites a sprained wrist."
1188,100117,50214,727,2025-11-14,out,"Ruled out for November 14, 2025, Sinclair cites a sprained wrist."
1189,100204,50214,727,2025-12-04,out,Sinclair is out for the Bakersfield Wranglers matchup with personal reasons.
1190,100263,50214,727,2025-12-21,out,Sinclair (hamstring) is out for this game against the Buffalo Marshals.
1191,100272,50214,727,2025-12-23,out,"Sinclair misses the December 23, 2025 game against the Hartford Comets (calf)."
1192,100319,50214,727,2025-12-31,out,"Ruled out for December 31, 2025, Sinclair cites personal reasons."
1193,100547,50214,727,2026-02-11,out,Sinclair (wrist) is out for this game against the Albuquerque Lancers.
1194,100618,50214,727,2026-03-03,out,"Ruled out for March 3, 2026, Sinclair cites an illness."
1195,100652,50214,727,2026-03-09,out,"Due to a sprained ankle, Sinclair is out against the Des Moines Vultures."
1196,100693,50214,727,2026-03-16,out,"Sinclair misses the March 16, 2026 game against the Cincinnati Stallions (back)."
1197,100727,50214,727,2026-03-21,out,Sinclair is out for the Birmingham Foxes matchup with rest.
1198,100746,50214,727,2026-03-25,out,Sinclair is out for the Louisville Nomads matchup with personal reasons.
1199,100783,50214,727,2026-03-31,out,"Sinclair will not play on March 31, 2026 because of knee soreness."
1200,100785,50214,727,2026-04-01,out,"Sinclair misses the April 1, 2026 game against the Baton Rouge Falcons (knee)."
1201,100790,50214,727,2026-04-02,out,Sinclair (knee) is out for this game against the Spokane Outlaws.
1202,100815,50214,727,2026-04-07,out,"Due to a sprained ankle, Sinclair is out against the Spokane Outlaws."
1203,100826,50214,727,2026-04-10,out,"Sinclair will not play on April 10, 2026 because of a sprained ankle."
1204,100100,50984,592,2025-11-10,out,"Ruled out for November 10, 2025, Boone cites a sprained wrist."
1205,100128,50984,592,2025-11-16,out,"Ruled out for November 16, 2025, Boone cites knee soreness."
1206,100143,50984,592,2025-11-19,out,"Due to rest, Boone is out against the Baton Rouge Falcons."
1207,100194,50984,592,2025-12-02,out,Boone is out for the Raleigh Wardens matchup with a calf strain.
1208,100200,50984,592,2025-12-03,out,"Boone misses the December 3, 2025 game against the Austin Sentinels (calf)."
1209,100203,50984,592,2025-12-04,out,"Due to a calf strain, Boone is out against the Jacksonville Cobras."
1210,100304,50984,592,2025-12-29,out,Boone (ankle) is out for this game against the Austin Sentinels.
1211,100001,53271,908,2025-10-21,out,"Ruled out for October 21, 2025, Garner cites a sprained ankle."
1212,100007,53271,908,2025-10-22,out,"Ruled out for October 22, 2025, Garner cites a sprained ankle."
1213,100012,53271,908,2025-10-24,out,"Garner will not play on October 24, 2025 because of a sprained ankle."
1214,100026,53271,908,2025-10-27,out,"Ruled out for October 27, 2025, Garner cites a sprained ankle."
1215,100034,53271,908,2025-10-28,out,Garner is out for the Des Moines Vultures matchup with a sprained ankle.
1216,100123,53271,908,2025-11-15,out,"Garner misses the November 15, 2025 game against the Boise Glaciers (rest)."
1217,100143,53271,908,2025-11-19,out,Garner is out for the Fresno Bison matchup with a calf strain.
1218,100190,53271,908,2025-12-01,out,"Ruled out for December 1, 2025, Garner cites rest."
1219,100241,53271,908,2025-12-15,out,Garner (back) is out for this game against the Providence Skylarks.
1220,100252,53271,908,2025-12-18,out,"Garner misses the December 18, 2025 game against the Anchorage Herons (back)."
1221,100299,53271,908,2025-12-28,out,"Ruled out for December 28, 2025, Garner cites hamstring tightness."
1222,100383,53271,908,2026-01-12,out,"Garner misses the January 12, 2026 game against the Providence Skylarks (personal)."
1223,100407,53271,908,2026-01-16,out,Garner (personal) is out for this game against the Cheyenne Pioneers.
1224,100417,53271,908,2026-01-18,out,Garner (personal) is out for this game against the Newark Mustangs.
1225,100477,53271,908,2026-01-29,out,"Ruled out for January 29, 2026, Garner cites hamstring tightness."
1226,100484,53271,908,2026-01-30,out,Garner is out for the Tacoma Talons matchup with hamstring tightness.
1227,100584,53271,908,2026-02-24,out,Garner (ankle) is out for this game against the Reno Ridgebacks.
1228,100613,53271,908,2026-03-02,out,"Due to knee soreness, Garner is out against the Missoula Anchors."
1229,100642,53271,908,2026-03-07,out,"Garner misses the March 7, 2026 game against the Anchorage Herons (hamstring)."
1230,100665,53271,908,2026-03-11,out,"Ruled out for March 11, 2026, Garner cites an illness."
1231,100672,53271,908,2026-03-12,out,Garner is out for the Tulsa Admirals matchup with an illness.
1232,100731,53271,908,2026-03-22,out,"Garner will not play on March 22, 2026 because of an illness."
1233,100772,53271,908,2026-03-29,out,Garner (personal) is out for this game against the Cincinnati Stallions.
1234,100804,53271,908,2026-04-05,out,"Garner misses the April 5, 2026 game against the Fresno Bison (personal)."
1235,100814,53271,908,2026-04-07,out,"Garner will not play on April 7, 2026 because of personal reasons."
1236,100821,53271,908,2026-04-08,out,"Garner will not play on April 8, 2026 because of personal reasons."
1237,100830,53271,908,2026-04-10,out,Garner (personal) is out for this game against the Bakersfield Wranglers.
1238,100059,53770,662,2025-11-02,out,Salazar (back) is out for this game against the Tacoma Talons.
1239,100183,53770,662,2025-11-29,out,Salazar is out for the Bakersfield Wranglers matchup with back spasms.
1240,100494,53770,662,2026-02-01,out,Salazar (calf) is out for this game against the Des Moines Vultures.
1241,100794,53770,662,2026-04-02,out,Salazar is out for the Austin Sentinels matchup with a calf strain.
1242,100118,55414,108,2025-11-14,out,Kirby is out for the Jacksonville Cobras matchup with rest.
1243,100149,55414,108,2025-11-21,out,"Kirby misses the November 21, 2025 game against the Tacoma Talons (calf)."
1244,100201,55414,108,2025-12-03,out,"Due to an illness, Kirby is out against the Missoula Anchors."
1245,100205,55414,108,2025-12-04,out,"Due to an illness, Kirby is out against the El Paso Ospreys."
1246,100214,55414,108,2025-12-05,out,Kirby (illness) is out for this game against the Louisville Nomads.
1247,100215,55414,108,2025-12-06,out,"Due to an illness, Kirby is out against the Anchorage Herons."
1248,100237,55414,108,2025-12-14,out,"Kirby will not play on December 14, 2025 because of knee soreness."
1249,100243,55414,108,2025-12-15,out,"Kirby will not play on December 15, 2025 because of knee soreness."
1250,100280,55414,108,2025-12-25,out,"Kirby misses the December 25, 2025 game against the Fresno Bison (wrist)."
1251,100300,55414,108,2025-12-29,out,"Due to a sprained wrist, Kirby is out against the Missoula Anchors."
1252,100434,55414,108,2026-01-20,out,Kirby is out for the Louisville Nomads matchup with back spasms.
1253,100458,55414,108,2026-01-25,out,"Due to concussion protocol, Kirby is out against the Newark Mustangs."
1254,100466,55414,108,2026-01-27,out,Kirby is out for the Albany Condors matchup with concussion protocol.
1255,100483,55414,108,2026-01-30,out,"Kirby will not play on January 30, 2026 because of rest."
1256,100507,55414,108,2026-02-03,out,Kirby is out for the El Paso Ospreys matchup with rest.
1257,100516,55414,108,2026-02-04,out,Kirby (rest) is out for this game against the Cincinnati Stallions.
1258,100521,55414,108,2026-02-05,out,"Kirby misses the February 5, 2026 game against the Tulsa Admirals (rest)."
1259,100524,55414,108,2026-02-06,out,Kirby (rest) is out for this game against the Albuquerque Lancers.
1260,100554,55414,108,2026-02-12,out,"Due to a sprained ankle, Kirby is out against the Cheyenne Pioneers."
1261,100566,55414,108,2026-02-20,out,"Ruled out for February 20, 2026, Kirby cites a sprained ankle."
1262,100580,55414,108,2026-02-23,out,"Kirby misses the February 23, 2026 game against the Austin Sentinels (concussion)."
1263,100584,55414,108,2026-02-24,out,"Ruled out for February 24, 2026, Kirby cites concussion protocol."
1264,100606,55414,108,2026-03-01,out,"Kirby misses the March 1, 2026 game against the Jacksonville Cobras (back)."
1265,100615,55414,108,2026-03-02,out,"Kirby misses the March 2, 2026 game against the Albuquerque Lancers (back)."
1266,100625,55414,108,2026-03-04,out,"Ruled out for March 4, 2026, Kirby cites back spasms."
1267,100629,55414,108,2026-03-05,out,"Due to back spasms, Kirby is out against the Tulsa Admirals."
1268,100648,55414,108,2026-03-08,out,"Kirby misses the March 8, 2026 game against the Bakersfield Wranglers (back)."
1269,100667,55414,108,2026-03-11,out,"Kirby will not play on March 11, 2026 because of back spasms."
1270,100670,55414,108,2026-03-12,out,"Ruled out for March 12, 2026, Kirby cites back spasms."
1271,100686,55414,108,2026-03-15,out,"Kirby misses the March 15, 2026 game against the Des Moines Vultures (back)."
1272,100690,55414,108,2026-03-16,out,"Kirby misses the March 16, 2026 game against the Cheyenne Pioneers (back)."
1273,100711,55414,108,2026-03-19,out,"Due to back spasms, Kirby is out against the Nashville Tempest."
1274,100732,55414,108,2026-03-23,out,"Kirby will not play on March 23, 2026 because of back spasms."
1275,100747,55414,108,2026-03-25,out,Kirby is out for the Hartford Comets matchup with back spasms.
1276,100757,55414,108,2026-03-27,out,"Ruled out for March 27, 2026, Kirby cites back spasms."
1277,100767,55414,108,2026-03-28,out,Kirby is out for the Providence Skylarks matchup with back spasms.
1278,100780,55414,108,2026-03-31,out,Kirby is out for the Providence Skylarks matchup with back spasms.
1279,100788,55414,108,2026-04-01,out,"Due to back spasms, Kirby is out against the Fresno Bison."
1280,100800,55414,108,2026-04-03,out,Kirby (back) is out for this game against the Tulsa Admirals.
1281,100806,55414,108,2026-04-05,out,Kirby (back) is out for this game against the Missoula Anchors.
1282,100812,55414,108,2026-04-06,out,Kirby (back) is out for this game against the Buffalo Marshals.
1283,100825,55414,108,2026-04-09,out,"Kirby misses the April 9, 2026 game against the Tacoma Talons (back)."
1284,100839,55414,108,2026-04-12,out,"Kirby misses the April 12, 2026 game against the Tacoma Talons (back)."
1285,100259,55480,592,2025-12-20,out,"Beckett misses the December 20, 2025 game against the Louisville Nomads (wrist)."
1286,100432,55480,592,2026-01-20,out,"Beckett misses the January 20, 2026 game against the Buffalo Marshals (rest)."
1287,100442,55480,592,2026-01-22,out,Beckett (rest) is out for this game against the Birmingham Foxes.
1288,100552,55480,592,2026-02-11,out,Beckett is out for the Boise Glaciers matchup with hamstring tightness.
1289,100583,55480,592,2026-02-24,out,Beckett (back) is out for this game against the Nashville Tempest.
1290,100607,55480,592,2026-03-01,out,Beckett is out for the Austin Sentinels matchup with rest.
1291,100641,55480,592,2026-03-07,out,"Beckett will not play on March 7, 2026 because of back spasms."
1292,100646,55480,592,2026-03-08,out,"Due to back spasms, Beckett is out against the Boise Glaciers."
1293,100666,55480,592,2026-03-11,out,"Beckett will not play on March 11, 2026 because of a sprained ankle."
1294,100675,55480,592,2026-03-13,out,Beckett is out for the Grand Rapids Drifters matchup with a sprained ankle.
1295,100696,55480,592,2026-03-17,out,"Beckett misses the March 17, 2026 game against the Newark Mustangs (rest)."
1296,100703,55480,592,2026-03-18,out,"Ruled out for March 18, 2026, Beckett cites rest."
1297,100749,55480,592,2026-03-25,out,Beckett is out for the Tacoma Talons matchup with rest.
1298,100059,57470,662,2025-11-02,out,"Due to personal reasons, Rivera is out against the Tacoma Talons."
1299,100063,57470,662,2025-11-03,out,"Ruled out for November 3, 2025, Rivera cites personal reasons."
1300,100076,57470,662,2025-11-05,out,Rivera is out for the Cincinnati Stallions matchup with personal reasons.
1301,100157,57470,662,2025-11-22,out,"Rivera will not play on November 22, 2025 because of a calf strain."
1302,100173,57470,662,2025-11-26,out,"Ruled out for November 26, 2025, Rivera cites knee soreness."
1303,100183,57470,662,2025-11-29,out,"Rivera misses the November 29, 2025 game against the Bakersfield Wranglers (knee)."
1304,100192,57470,662,2025-12-01,out,"Ruled out for December 1, 2025, Rivera cites knee soreness."
1305,100240,57470,662,2025-12-14,out,"Due to a sprained ankle, Rivera is out against the Fresno Bison."
1306,100244,57470,662,2025-12-17,out,"Due to a sprained ankle, Rivera is out against the Anchorage Herons."
1307,100248,57470,662,2025-12-18,out,Rivera (ankle) is out for this game against the Reno Ridgebacks.
1308,100264,57470,662,2025-12-21,out,"Rivera will not play on December 21, 2025 because of a calf strain."
1309,100281,57470,662,2025-12-25,out,"Due to an illness, Rivera is out against the Anchorage Herons."
1310,100299,57470,662,2025-12-28,out,Rivera (illness) is out for this game against the Baton Rouge Falcons.
1311,100303,57470,662,2025-12-29,out,Rivera (illness) is out for this game against the Cheyenne Pioneers.
1312,100350,57470,662,2026-01-07,out,Rivera is out for the Louisville Nomads matchup with a sprained ankle.
1313,100370,57470,662,2026-01-10,out,"Rivera misses the January 10, 2026 game against the Reno Ridgebacks (back)."
1314,100382,57470,662,2026-01-12,out,Rivera is out for the Tulsa Admirals matchup with back spasms.
1315,100390,57470,662,2026-01-13,out,"Rivera misses the January 13, 2026 game against the Jacksonville Cobras (back)."
1316,100393,57470,662,2026-01-14,out,Rivera is out for the Grand Rapids Drifters matchup with back spasms.
1317,100410,57470,662,2026-01-17,out,"Ruled out for January 17, 2026, Rivera cites back spasms."
1318,100453,57470,662,2026-01-24,out,"Ruled out for January 24, 2026, Rivera cites back spasms."
1319,100558,57470,662,2026-02-19,out,"Rivera will not play on February 19, 2026 because of rest."
1320,100084,58407,789,2025-11-08,out,Vance is out for the Raleigh Wardens matchup with hamstring tightness.
1321,100149,58407,789,2025-11-21,out,"Vance misses the November 21, 2025 game against the Reno Ridgebacks (illness)."
1322,100228,58407,789,2025-12-10,out,Vance (back) is out for this game against the Cincinnati Stallions.
1323,100236,58407,789,2025-12-13,out,Vance is out for the Hartford Comets matchup with concussion protocol.
1324,100342,58407,789,2026-01-05,out,Vance is out for the Boise Glaciers matchup with a calf strain.
1325,100363,58407,789,2026-01-09,out,"Ruled out for January 9, 2026, Vance cites back spasms."
1326,100373,58407,789,2026-01-11,out,"Vance misses the January 11, 2026 game against the Buffalo Marshals (back)."
1327,100399,58407,789,2026-01-15,out,"Vance misses the January 15, 2026 game against the Richmond Kestrels (back)."
1328,100426,58407,789,2026-01-19,out,"Vance misses the January 19, 2026 game against the Boise Glaciers (concussion)."
1329,100460,58407,789,2026-01-25,out,Vance is out for the Louisville Nomads matchup with personal reasons.
1330,100464,58407,789,2026-01-26,out,"Due to personal reasons, Vance is out against the Cheyenne Pioneers."
1331,100484,58407,789,2026-01-30,out,"Ruled out for January 30, 2026, Vance cites personal reasons."
1332,100500,58407,789,2026-02-01,out,"Vance will not play on February 1, 2026 because of personal reasons."
1333,100506,58407,789,2026-02-03,out,Vance is out for the Albany Condors matchup with personal reasons.
1334,100512,58407,789,2026-02-04,out,"Due to personal reasons, Vance is out against the Honolulu Miners."
1335,100522,58407,789,2026-02-05,out,"Due to personal reasons, Vance is out against the Bakersfield Wranglers."
1336,100529,58407,789,2026-02-07,out,"Due to personal reasons, Vance is out against the Anchorage Herons."
1337,100550,58407,789,2026-02-11,out,Vance is out for the Austin Sentinels matchup with personal reasons.
1338,100564,58407,789,2026-02-20,out,"Vance misses the February 20, 2026 game against the Austin Sentinels (personal)."
1339,100571,58407,789,2026-02-21,out,"Vance misses the February 21, 2026 game against the Albuquerque Lancers (personal)."
1340,100573,58407,789,2026-02-22,out,"Vance misses the February 22, 2026 game against the Hartford Comets (personal)."
1341,100592,58407,789,2026-02-25,out,Vance is out for the Honolulu Miners matchup with personal reasons.
1342,100608,58407,789,2026-03-01,out,"Ruled out for March 1, 2026, Vance cites personal reasons."
1343,100643,58407,789,2026-03-07,out,Vance (personal) is out for this game against the Louisville Nomads.
1344,100661,58407,789,2026-03-10,out,"Vance will not play on March 10, 2026 because of personal reasons."
1345,100673,58407,789,2026-03-12,out,"Ruled out for March 12, 2026, Vance cites personal reasons."
1346,100679,58407,789,2026-03-13,out,"Ruled out for March 13, 2026, Vance cites personal reasons."
1347,100697,58407,789,2026-03-17,out,Vance (personal) is out for this game against the Baton Rouge Falcons.
1348,100707,58407,789,2026-03-18,out,"Ruled out for March 18, 2026, Vance cites personal reasons."
1349,100729,58407,789,2026-03-22,out,"Due to personal reasons, Vance is out against the Birmingham Foxes."
1350,100738,58407,789,2026-03-23,out,"Vance will not play on March 23, 2026 because of personal reasons."
1351,100741,58407,789,2026-03-24,out,Vance (personal) is out for this game against the Cheyenne Pioneers.
1352,100749,58407,789,2026-03-25,out,Vance (personal) is out for this game against the Fresno Bison.
1353,100764,58407,789,2026-03-28,out,"Due to personal reasons, Vance is out against the Anchorage Herons."
1354,100769,58407,789,2026-03-29,out,Vance (personal) is out for this game against the Providence Skylarks.
1355,100776,58407,789,2026-03-30,out,"Vance will not play on March 30, 2026 because of personal reasons."
1356,100781,58407,789,2026-03-31,out,"Vance will not play on March 31, 2026 because of personal reasons."
1357,100789,58407,789,2026-04-01,out,Vance is out for the Albuquerque Lancers matchup with personal reasons.
1358,100791,58407,789,2026-04-02,out,"Vance will not play on April 2, 2026 because of personal reasons."
1359,100802,58407,789,2026-04-05,out,Vance is out for the Cincinnati Stallions matchup with personal reasons.
1360,100816,58407,789,2026-04-07,out,"Ruled out for April 7, 2026, Vance cites personal reasons."
1361,100825,58407,789,2026-04-09,out,"Vance misses the April 9, 2026 game against the Reno Ridgebacks (personal)."
1362,100826,58407,789,2026-04-10,out,Vance (personal) is out for this game against the Honolulu Miners.
1363,100839,58407,789,2026-04-12,out,Vance (personal) is out for this game against the Reno Ridgebacks.
1364,100070,58553,592,2025-11-05,out,"Pruitt misses the November 5, 2025 game against the Anchorage Herons (calf)."
1365,100078,58553,592,2025-11-06,out,Pruitt (calf) is out for this game against the Hartford Comets.
1366,100080,58553,592,2025-11-07,out,Pruitt (calf) is out for this game against the Bakersfield Wranglers.
1367,100103,58553,592,2025-11-11,out,"Pruitt misses the November 11, 2025 game against the Bakersfield Wranglers (ankle)."
1368,100108,58553,592,2025-11-12,out,"Due to a sprained ankle, Pruitt is out against the Jacksonville Cobras."
1369,100156,58553,592,2025-11-22,out,"Ruled out for November 22, 2025, Pruitt cites a sprained ankle."
1370,100158,58553,592,2025-11-23,out,"Pruitt misses the November 23, 2025 game against the Richmond Kestrels (ankle)."
1371,100164,58553,592,2025-11-24,out,"Pruitt will not play on November 24, 2025 because of a sprained ankle."
1372,100175,58553,592,2025-11-28,out,"Ruled out for November 28, 2025, Pruitt cites a sprained ankle."
1373,100185,58553,592,2025-11-30,out,"Due to a sprained ankle, Pruitt is out against the Nashville Tempest."
1374,100397,58553,592,2026-01-14,out,"Ruled out for January 14, 2026, Pruitt cites an illness."
1375,100432,58553,592,2026-01-20,out,"Due to a sprained wrist, Pruitt is out against the Buffalo Marshals."
1376,100449,58553,592,2026-01-23,out,"Pruitt misses the January 23, 2026 game against the Grand Rapids Drifters (knee)."
1377,100552,58553,592,2026-02-11,out,Pruitt (concussion) is out for this game against the Boise Glaciers.
1378,100628,58553,592,2026-03-05,out,"Pruitt misses the March 5, 2026 game against the Albuquerque Lancers (wrist)."
1379,100662,58553,592,2026-03-10,out,"Ruled out for March 10, 2026, Pruitt cites rest."
1380,100791,58553,592,2026-04-02,out,"Pruitt will not play on April 2, 2026 because of a sprained wrist."
1381,100011,58609,386,2025-10-24,out,"Ruled out for October 24, 2025, Bellamy cites concussion protocol."
1382,100021,58609,386,2025-10-26,out,"Ruled out for October 26, 2025, Bellamy cites concussion protocol."
1383,100036,58609,386,2025-10-29,out,"Ruled out for October 29, 2025, Bellamy cites concussion protocol."
1384,100499,58609,386,2026-02-01,out,Bellamy (knee) is out for this game against the Honolulu Miners.
1385,100531,58609,386,2026-02-07,out,"Bellamy will not play on February 7, 2026 because of a calf strain."
1386,100536,58609,386,2026-02-09,out,"Bellamy will not play on February 9, 2026 because of a calf strain."
1387,100648,58609,386,2026-03-08,out,"Bellamy misses the March 8, 2026 game against the Reno Ridgebacks (knee)."
1388,100657,58609,386,2026-03-10,out,"Ruled out for March 10, 2026, Bellamy cites a sprained wrist."
1389,100720,58609,386,2026-03-21,out,Bellamy is out for the Tulsa Admirals matchup with concussion protocol.
1390,100743,58609,386,2026-03-24,out,"Bellamy misses the March 24, 2026 game against the Grand Rapids Drifters (ankle)."
1391,100796,58609,386,2026-04-03,out,"Due to back spasms, Bellamy is out against the Spokane Outlaws."
1392,100807,58609,386,2026-04-05,out,Bellamy is out for the Honolulu Miners matchup with back spasms.
1393,100507,59688,662,2026-02-03,out,Zimmer (ankle) is out for this game against the Reno Ridgebacks.
1394,100539,59688,662,2026-02-09,out,"Zimmer will not play on February 9, 2026 because of an illness."
1395,100794,59688,662,2026-04-02,out,"Zimmer will not play on April 2, 2026 because of a calf strain."
1396,100093,60055,604,2025-11-09,out,"Rivera will not play on November 9, 2025 because of personal reasons."
1397,100130,60055,604,2025-11-16,out,Rivera (rest) is out for this game against the Reno Ridgebacks.
1398,100134,60055,604,2025-11-17,out,"Ruled out for November 17, 2025, Rivera cites rest."
1399,100168,60055,604,2025-11-24,out,Rivera (wrist) is out for this game against the Austin Sentinels.
1400,100180,60055,604,2025-11-29,out,Rivera (illness) is out for this game against the Tulsa Admirals.
1401,100188,60055,604,2025-11-30,out,"Due to an illness, Rivera is out against the Des Moines Vultures."
1402,100206,60055,604,2025-12-04,out,"Ruled out for December 4, 2025, Rivera cites an illness."
1403,100209,60055,604,2025-12-05,out,"Ruled out for December 5, 2025, Rivera cites an illness."
1404,100215,60055,604,2025-12-06,out,"Due to an illness, Rivera is out against the Reno Ridgebacks."
1405,100222,60055,604,2025-12-07,out,Rivera is out for the Richmond Kestrels matchup with an illness.
1406,100235,60055,604,2025-12-12,out,"Rivera misses the December 12, 2025 game against the Boise Glaciers (illness)."
1407,100244,60055,604,2025-12-17,out,"Due to an illness, Rivera is out against the El Paso Ospreys."
1408,100252,60055,604,2025-12-18,out,"Ruled out for December 18, 2025, Rivera cites an illness."
1409,100256,60055,604,2025-12-20,out,"Due to an illness, Rivera is out against the Nashville Tempest."
1410,100281,60055,604,2025-12-25,out,"Rivera will not play on December 25, 2025 because of an illness."
1411,100291,60055,604,2025-12-27,out,Rivera (illness) is out for this game against the Cheyenne Pioneers.
1412,100298,60055,604,2025-12-28,out,"Rivera misses the December 28, 2025 game against the Jacksonville Cobras (illness)."
1413,100308,60055,604,2025-12-29,out,"Rivera misses the December 29, 2025 game against the Buffalo Marshals (illness)."
1414,100310,60055,604,2025-12-30,out,"Rivera misses the December 30, 2025 game against the Baton Rouge Falcons (illness)."
1415,100314,60055,604,2025-12-31,out,"Ruled out for December 31, 2025, Rivera cites an illness."
1416,100339,60055,604,2026-01-04,out,Rivera is out for the Cincinnati Stallions matchup with a sprained ankle.
1417,100348,60055,604,2026-01-06,out,"Ruled out for January 6, 2026, Rivera cites a sprained ankle."
1418,100366,60055,604,2026-01-09,out,"Ruled out for January 9, 2026, Rivera cites an illness."
1419,100414,60055,604,2026-01-17,out,"Due to rest, Rivera is out against the Fresno Bison."
1420,100427,60055,604,2026-01-19,out,Rivera (rest) is out for this game against the Louisville Nomads.
1421,100468,60055,604,2026-01-27,out,"Rivera will not play on January 27, 2026 because of back spasms."
1422,100529,60055,604,2026-02-07,out,"Rivera misses the February 7, 2026 game against the Tacoma Talons (knee)."
1423,100541,60055,604,2026-02-09,out,"Rivera will not play on February 9, 2026 because of knee soreness."
1424,100548,60055,604,2026-02-11,out,"Rivera will not play on February 11, 2026 because of knee soreness."
1425,100555,60055,604,2026-02-12,out,Rivera (knee) is out for this game against the Newark Mustangs.
1426,100562,60055,604,2026-02-20,out,"Due to knee soreness, Rivera is out against the Louisville Nomads."
1427,100569,60055,604,2026-02-21,out,"Rivera will not play on February 21, 2026 because of knee soreness."
1428,100574,60055,604,2026-02-22,out,"Rivera will not play on February 22, 2026 because of knee soreness."
1429,100582,60055,604,2026-02-24,out,"Rivera misses the February 24, 2026 game against the Cincinnati Stallions (knee)."
1430,100588,60055,604,2026-02-25,out,Rivera is out for the Spokane Outlaws matchup with knee soreness.
1431,100600,60055,604,2026-02-27,out,Rivera is out for the Missoula Anchors matchup with knee soreness.
1432,100602,60055,604,2026-02-28,out,"Due to knee soreness, Rivera is out against the Fresno Bison."
1433,100632,60055,604,2026-03-05,out,"Ruled out for March 5, 2026, Rivera cites rest."
1434,100642,60055,604,2026-03-07,out,"Rivera will not play on March 7, 2026 because of rest."
1435,100688,60055,604,2026-03-15,out,"Rivera will not play on March 15, 2026 because of hamstring tightness."
1436,100717,60055,604,2026-03-20,out,"Due to knee soreness, Rivera is out against the Honolulu Miners."
1437,100742,60055,604,2026-03-24,out,"Rivera will not play on March 24, 2026 because of back spasms."
1438,100764,60055,604,2026-03-28,out,"Ruled out for March 28, 2026, Rivera cites an illness."
1439,100779,60055,604,2026-03-30,out,"Rivera will not play on March 30, 2026 because of an illness."
1440,100805,60055,604,2026-04-05,out,"Rivera misses the April 5, 2026 game against the Spokane Outlaws (hamstring)."
1441,100833,60055,604,2026-04-10,out,Rivera (ankle) is out for this game against the Albuquerque Lancers.
1442,100091,60173,554,2025-11-09,out,Garner is out for the Austin Sentinels matchup with a sprained wrist.
1443,100114,60173,554,2025-11-13,out,"Garner will not play on November 13, 2025 because of a sprained wrist."
1444,100139,60173,554,2025-11-19,out,Garner (wrist) is out for this game against the Boise Glaciers.
1445,100213,60173,554,2025-12-05,out,"Garner misses the December 5, 2025 game against the Cheyenne Pioneers (wrist)."
1446,100290,60173,554,2025-12-27,out,"Garner will not play on December 27, 2025 because of a sprained wrist."
1447,100306,60173,554,2025-12-29,out,"Garner will not play on December 29, 2025 because of a sprained wrist."
1448,100318,60173,554,2025-12-31,out,"Ruled out for December 31, 2025, Garner cites a sprained wrist."
1449,100338,60173,554,2026-01-04,out,"Garner misses the January 4, 2026 game against the Bakersfield Wranglers (wrist)."
1450,100345,60173,554,2026-01-05,out,Garner is out for the Missoula Anchors matchup with a sprained wrist.
1451,100352,60173,554,2026-01-07,out,"Due to a sprained wrist, Garner is out against the Tacoma Talons."
1452,100372,60173,554,2026-01-10,out,"Ruled out for January 10, 2026, Garner cites a sprained wrist."
1453,100394,60173,554,2026-01-14,out,"Ruled out for January 14, 2026, Garner cites a sprained wrist."
1454,100406,60173,554,2026-01-16,out,Garner is out for the Bakersfield Wranglers matchup with a sprained wrist.
1455,100417,60173,554,2026-01-18,out,Garner (wrist) is out for this game against the Baton Rouge Falcons.
1456,100458,60173,554,2026-01-25,out,"Due to a sprained wrist, Garner is out against the Reno Ridgebacks."
1457,100489,60173,554,2026-01-30,out,"Due to a sprained wrist, Garner is out against the Missoula Anchors."
1458,100510,60173,554,2026-02-03,out,"Garner misses the February 3, 2026 game against the Honolulu Miners (wrist)."
1459,100555,60173,554,2026-02-12,out,"Due to a sprained wrist, Garner is out against the Anchorage Herons."
1460,100001,60559,486,2025-10-21,out,"Carver misses the October 21, 2025 game against the Baton Rouge Falcons (back)."
1461,100006,60559,486,2025-10-22,out,"Carver misses the October 22, 2025 game against the El Paso Ospreys (back)."
1462,100009,60559,486,2025-10-23,out,Carver is out for the Reno Ridgebacks matchup with back spasms.
1463,100024,60559,486,2025-10-26,out,"Ruled out for October 26, 2025, Carver cites back spasms."
1464,100031,60559,486,2025-10-27,out,"Carver will not play on October 27, 2025 because of back spasms."
1465,100039,60559,486,2025-10-29,out,"Carver will not play on October 29, 2025 because of back spasms."
1466,100053,60559,486,2025-11-01,out,"Carver misses the November 1, 2025 game against the Reno Ridgebacks (back)."
1467,100056,60559,486,2025-11-02,out,"Due to back spasms, Carver is out against the Cheyenne Pioneers."
1468,100061,60559,486,2025-11-03,out,"Due to back spasms, Carver is out against the Reno Ridgebacks."
1469,100075,60559,486,2025-11-05,out,"Due to back spasms, Carver is out against the Austin Sentinels."
1470,100079,60559,486,2025-11-07,out,"Ruled out for November 7, 2025, Carver cites back spasms."
1471,100095,60559,486,2025-11-10,out,"Ruled out for November 10, 2025, Carver cites back spasms."
1472,100125,60559,486,2025-11-16,out,Carver is out for the Richmond Kestrels matchup with concussion protocol.
1473,100146,60559,486,2025-11-20,out,"Carver will not play on November 20, 2025 because of knee soreness."
1474,100151,60559,486,2025-11-21,out,"Ruled out for November 21, 2025, Carver cites knee soreness."
1475,100156,60559,486,2025-11-22,out,Carver (knee) is out for this game against the Fresno Bison.
1476,100163,60559,486,2025-11-24,out,"Carver will not play on November 24, 2025 because of knee soreness."
1477,100170,60559,486,2025-11-26,out,Carver (knee) is out for this game against the Tacoma Talons.
1478,100187,60559,486,2025-11-30,out,"Carver misses the November 30, 2025 game against the Tulsa Admirals (knee)."
1479,100357,60559,486,2026-01-07,out,"Ruled out for January 7, 2026, Carver cites an illness."
1480,100371,60559,486,2026-01-10,out,Carver is out for the Boise Glaciers matchup with hamstring tightness.
1481,100380,60559,486,2026-01-11,out,Carver is out for the Cincinnati Stallions matchup with hamstring tightness.
1482,100443,60559,486,2026-01-22,out,"Carver will not play on January 22, 2026 because of hamstring tightness."
1483,100452,60559,486,2026-01-23,out,"Carver misses the January 23, 2026 game against the Buffalo Marshals (hamstring)."
1484,100492,60559,486,2026-01-31,out,"Carver will not play on January 31, 2026 because of back spasms."
1485,100505,60559,486,2026-02-03,out,Carver (back) is out for this game against the Nashville Tempest.
1486,100514,60559,486,2026-02-04,out,"Ruled out for February 4, 2026, Carver cites back spasms."
1487,100528,60559,486,2026-02-07,out,"Ruled out for February 7, 2026, Carver cites back spasms."
1488,100539,60559,486,2026-02-09,out,Carver is out for the El Paso Ospreys matchup with back spasms.
1489,100548,60559,486,2026-02-11,out,"Due to back spasms, Carver is out against the Anchorage Herons."
1490,100557,60559,486,2026-02-19,out,"Carver misses the February 19, 2026 game against the Louisville Nomads (back)."
1491,100568,60559,486,2026-02-21,out,"Carver misses the February 21, 2026 game against the Buffalo Marshals (hamstring)."
1492,100577,60559,486,2026-02-22,out,"Carver misses the February 22, 2026 game against the Cincinnati Stallions (hamstring)."
1493,100588,60559,486,2026-02-25,out,"Carver misses the February 25, 2026 game against the Anchorage Herons (ankle)."
1494,100598,60559,486,2026-02-26,out,"Due to a sprained ankle, Carver is out against the Providence Skylarks."
1495,100614,60559,486,2026-03-02,out,"Carver misses the March 2, 2026 game against the Louisville Nomads (ankle)."
1496,100631,60559,486,2026-03-05,out,"Ruled out for March 5, 2026, Carver cites a sprained ankle."
1497,100636,60559,486,2026-03-06,out,Carver is out for the Nashville Tempest matchup with a sprained ankle.
1498,100682,60559,486,2026-03-14,out,Carver is out for the Newark Mustangs matchup with concussion protocol.
1499,100685,60559,486,2026-03-15,out,Carver (concussion) is out for this game against the Birmingham Foxes.
1500,100692,60559,486,2026-03-16,out,"Due to concussion protocol, Carver is out against the Anchorage Herons."
1501,100705,60559,486,2026-03-18,out,"Carver misses the March 18, 2026 game against the Baton Rouge Falcons (concussion)."
1502,100715,60559,486,2026-03-20,out,"Due to concussion protocol, Carver is out against the Boise Glaciers."
1503,100738,60559,486,2026-03-23,out,"Ruled out for March 23, 2026, Carver cites knee soreness."
1504,100744,60559,486,2026-03-25,out,"Carver misses the March 25, 2026 game against the Grand Rapids Drifters (knee)."
1505,100759,60559,486,2026-03-27,out,"Ruled out for March 27, 2026, Carver cites knee soreness."
1506,100790,60559,486,2026-04-02,out,"Due to back spasms, Carver is out against the Honolulu Miners."
1507,100796,60559,486,2026-04-03,out,"Due to back spasms, Carver is out against the Bakersfield Wranglers."
1508,100805,60559,486,2026-04-05,out,Carver (back) is out for this game against the Anchorage Herons.
1509,100068,61084,727,2025-11-04,out,"Zimmer will not play on November 4, 2025 because of a sprained wrist."
1510,100072,61084,727,2025-11-05,out,"Due to a sprained wrist, Zimmer is out against the Jacksonville Cobras."
1511,100179,61084,727,2025-11-28,out,"Due to rest, Zimmer is out against the Albuquerque Lancers."
1512,100191,61084,727,2025-12-01,out,"Zimmer will not play on December 1, 2025 because of rest."
1513,100217,61084,727,2025-12-06,out,"Due to back spasms, Zimmer is out against the Fresno Bison."
1514,100234,61084,727,2025-12-12,out,"Zimmer will not play on December 12, 2025 because of back spasms."
1515,100243,61084,727,2025-12-15,out,Zimmer (back) is out for this game against the Reno Ridgebacks.
1516,100293,61084,727,2025-12-27,out,"Zimmer misses the December 27, 2025 game against the Bakersfield Wranglers (back)."
1517,100331,61084,727,2026-01-03,out,Zimmer (ankle) is out for this game against the Birmingham Foxes.
1518,100341,61084,727,2026-01-05,out,Zimmer (ankle) is out for this game against the Jacksonville Cobras.
1519,100346,61084,727,2026-01-06,out,"Due to a sprained ankle, Zimmer is out against the Austin Sentinels."
1520,100365,61084,727,2026-01-09,out,Zimmer is out for the Tulsa Admirals matchup with a sprained ankle.
1521,100381,61084,727,2026-01-11,out,"Zimmer will not play on January 11, 2026 because of a sprained ankle."
1522,100408,61084,727,2026-01-16,out,"Zimmer will not play on January 16, 2026 because of a sprained ankle."
1523,100413,61084,727,2026-01-17,out,"Zimmer will not play on January 17, 2026 because of a sprained ankle."
1524,100425,61084,727,2026-01-19,out,"Zimmer will not play on January 19, 2026 because of a sprained ankle."
1525,100436,61084,727,2026-01-21,out,Zimmer is out for the Cincinnati Stallions matchup with a sprained ankle.
1526,100447,61084,727,2026-01-23,out,"Ruled out for January 23, 2026, Zimmer cites a sprained ankle."
1527,100454,61084,727,2026-01-24,out,"Zimmer misses the January 24, 2026 game against the Reno Ridgebacks (ankle)."
1528,100455,61084,727,2026-01-25,out,"Due to a sprained ankle, Zimmer is out against the Buffalo Marshals."
1529,100467,61084,727,2026-01-27,out,Zimmer is out for the Missoula Anchors matchup with a sprained ankle.
1530,100473,61084,727,2026-01-28,out,"Ruled out for January 28, 2026, Zimmer cites a sprained ankle."
1531,100478,61084,727,2026-01-29,out,Zimmer (ankle) is out for this game against the Columbus Voyagers.
1532,100488,61084,727,2026-01-30,out,Zimmer (ankle) is out for this game against the Fresno Bison.
1533,100510,61084,727,2026-02-03,out,"Zimmer will not play on February 3, 2026 because of an illness."
1534,100547,61084,727,2026-02-11,out,Zimmer is out for the Albuquerque Lancers matchup with personal reasons.
1535,100785,61084,727,2026-04-01,out,"Ruled out for April 1, 2026, Zimmer cites an illness."
1536,100790,61084,727,2026-04-02,out,"Zimmer will not play on April 2, 2026 because of an illness."
1537,100798,61084,727,2026-04-03,out,"Zimmer misses the April 3, 2026 game against the Cheyenne Pioneers (illness)."
1538,100807,61084,727,2026-04-05,out,"Ruled out for April 5, 2026, Zimmer cites an illness."
1539,100826,61084,727,2026-04-10,out,"Due to concussion protocol, Zimmer is out against the Tacoma Talons."
1540,100005,67141,386,2025-10-22,out,Castellano (back) is out for this game against the Anchorage Herons.
1541,100011,67141,386,2025-10-24,out,Castellano is out for the Reno Ridgebacks matchup with back spasms.
1542,100021,67141,386,2025-10-26,out,"Ruled out for October 26, 2025, Castellano cites back spasms."
1543,100036,67141,386,2025-10-29,out,"Due to back spasms, Castellano is out against the Cheyenne Pioneers."
1544,100044,67141,386,2025-10-30,out,Castellano (back) is out for this game against the Cheyenne Pioneers.
1545,100049,67141,386,2025-10-31,out,Castellano (back) is out for this game against the Fresno Bison.
1546,100058,67141,386,2025-11-02,out,Castellano (back) is out for this game against the Albuquerque Lancers.
1547,100066,67141,386,2025-11-03,out,"Castellano misses the November 3, 2025 game against the Des Moines Vultures (back)."
1548,100071,67141,386,2025-11-05,out,"Ruled out for November 5, 2025, Castellano cites back spasms."
1549,100088,67141,386,2025-11-08,out,"Castellano misses the November 8, 2025 game against the Jacksonville Cobras (knee)."
1550,100093,67141,386,2025-11-09,out,Castellano (knee) is out for this game against the Anchorage Herons.
1551,100098,67141,386,2025-11-10,out,Castellano (knee) is out for this game against the Baton Rouge Falcons.
1552,100107,67141,386,2025-11-12,out,"Castellano will not play on November 12, 2025 because of back spasms."
1553,100121,67141,386,2025-11-15,out,Castellano is out for the Missoula Anchors matchup with back spasms.
1554,100131,67141,386,2025-11-17,out,"Due to back spasms, Castellano is out against the Tacoma Talons."
1555,100135,67141,386,2025-11-18,out,"Ruled out for November 18, 2025, Castellano cites back spasms."
1556,100155,67141,386,2025-11-22,out,"Due to back spasms, Castellano is out against the Tulsa Admirals."
1557,100176,67141,386,2025-11-28,out,"Ruled out for November 28, 2025, Castellano cites back spasms."
1558,100183,67141,386,2025-11-29,out,Castellano (back) is out for this game against the El Paso Ospreys.
1559,100195,67141,386,2025-12-02,out,"Due to back spasms, Castellano is out against the Spokane Outlaws."
1560,100204,67141,386,2025-12-04,out,"Ruled out for December 4, 2025, Castellano cites back spasms."
1561,100211,67141,386,2025-12-05,out,"Castellano will not play on December 5, 2025 because of back spasms."
1562,100221,67141,386,2025-12-07,out,Castellano is out for the Boise Glaciers matchup with back spasms.
1563,100226,67141,386,2025-12-08,out,"Castellano misses the December 8, 2025 game against the Tulsa Admirals (back)."
1564,100238,67141,386,2025-12-14,out,Castellano (back) is out for this game against the Cincinnati Stallions.
1565,100260,67141,386,2025-12-20,out,Castellano (back) is out for this game against the Tulsa Admirals.
1566,100264,67141,386,2025-12-21,out,"Ruled out for December 21, 2025, Castellano cites back spasms."
1567,100293,67141,386,2025-12-27,out,"Castellano will not play on December 27, 2025 because of back spasms."
1568,100305,67141,386,2025-12-29,out,"Ruled out for December 29, 2025, Castellano cites back spasms."
1569,100309,67141,386,2025-12-30,out,Castellano is out for the Honolulu Miners matchup with back spasms.
1570,100316,67141,386,2025-12-31,out,Castellano is out for the Tacoma Talons matchup with back spasms.
1571,100324,67141,386,2026-01-02,out,Castellano is out for the Providence Skylarks matchup with hamstring tightness.
1572,100330,67141,386,2026-01-03,out,"Ruled out for January 3, 2026, Castellano cites hamstring tightness."
1573,100338,67141,386,2026-01-04,out,"Castellano misses the January 4, 2026 game against the Newark Mustangs (hamstring)."
1574,100354,67141,386,2026-01-07,out,Castellano (calf) is out for this game against the Birmingham Foxes.
1575,100361,67141,386,2026-01-09,out,Castellano is out for the Louisville Nomads matchup with a calf strain.
1576,100375,67141,386,2026-01-11,out,Castellano (calf) is out for this game against the Louisville Nomads.
1577,100406,67141,386,2026-01-16,out,"Ruled out for January 16, 2026, Castellano cites a calf strain."
1578,100412,67141,386,2026-01-17,out,Castellano is out for the Spokane Outlaws matchup with a calf strain.
1579,100422,67141,386,2026-01-19,out,"Castellano misses the January 19, 2026 game against the El Paso Ospreys (calf)."
1580,100439,67141,386,2026-01-22,out,"Castellano misses the January 22, 2026 game against the Providence Skylarks (calf)."
1581,100448,67141,386,2026-01-23,out,"Castellano will not play on January 23, 2026 because of a calf strain."
1582,100465,67141,386,2026-01-27,out,"Castellano will not play on January 27, 2026 because of an illness."
1583,100483,67141,386,2026-01-30,out,"Castellano misses the January 30, 2026 game against the Reno Ridgebacks (illness)."
1584,100518,67141,386,2026-02-04,out,Castellano is out for the Fresno Bison matchup with a sprained ankle.
1585,100522,67141,386,2026-02-05,out,"Castellano will not play on February 5, 2026 because of a sprained ankle."
1586,100563,67141,386,2026-02-20,out,Castellano is out for the Spokane Outlaws matchup with a calf strain.
1587,100599,67141,386,2026-02-26,out,Castellano (ankle) is out for this game against the Missoula Anchors.
1588,100796,67141,386,2026-04-03,out,Castellano is out for the Spokane Outlaws matchup with concussion protocol.
1589,100807,67141,386,2026-04-05,out,Castellano (ankle) is out for this game against the Honolulu Miners.
1590,100010,67308,740,2025-10-24,out,McAllister (illness) is out for this game against the Anchorage Herons.
1591,100048,67308,740,2025-10-31,out,McAllister (rest) is out for this game against the Honolulu Miners.
1592,100110,67308,740,2025-11-12,out,"Due to knee soreness, McAllister is out against the Richmond Kestrels."
1593,100174,67308,740,2025-11-26,out,McAllister is out for the Providence Skylarks matchup with a sprained wrist.
1594,100202,67308,740,2025-12-03,out,"McAllister misses the December 3, 2025 game against the Tacoma Talons (hamstring)."
1595,100258,67308,740,2025-12-20,out,"McAllister misses the December 20, 2025 game against the Austin Sentinels (calf)."
1596,100266,67308,740,2025-12-22,out,McAllister (rest) is out for this game against the Reno Ridgebacks.
1597,100322,67308,740,2026-01-01,out,McAllister (rest) is out for this game against the Columbus Voyagers.
1598,100410,67308,740,2026-01-17,out,"Ruled out for January 17, 2026, McAllister cites a sprained ankle."
1599,100426,67308,740,2026-01-19,out,McAllister is out for the Tacoma Talons matchup with a sprained ankle.
1600,100656,67308,740,2026-03-10,out,"McAllister misses the March 10, 2026 game against the Louisville Nomads (concussion)."
1601,100681,67308,740,2026-03-14,out,McAllister is out for the Albany Condors matchup with personal reasons.
1602,100704,67308,740,2026-03-18,out,"McAllister will not play on March 18, 2026 because of a calf strain."
1603,100709,67308,740,2026-03-19,out,McAllister is out for the Bakersfield Wranglers matchup with a calf strain.
1604,100718,67308,740,2026-03-21,out,"Due to hamstring tightness, McAllister is out against the Missoula Anchors."
1605,100737,67308,740,2026-03-23,out,McAllister (hamstring) is out for this game against the El Paso Ospreys.
1606,100795,67308,740,2026-04-02,out,McAllister (concussion) is out for this game against the Tulsa Admirals.
1607,100797,67308,740,2026-04-03,out,McAllister (concussion) is out for this game against the Richmond Kestrels.
1608,100817,67308,740,2026-04-07,out,"McAllister misses the April 7, 2026 game against the Nashville Tempest (concussion)."
1609,100819,67308,740,2026-04-08,out,"McAllister misses the April 8, 2026 game against the Des Moines Vultures (concussion)."
1610,100827,67308,740,2026-04-10,out,"Due to concussion protocol, McAllister is out against the Louisville Nomads."
1611,100281,69598,604,2025-12-25,out,Rutledge is out for the El Paso Ospreys matchup with knee soreness.
1612,100314,69598,604,2025-12-31,out,Rutledge is out for the Nashville Tempest matchup with a sprained wrist.
1613,100402,69598,604,2026-01-15,out,"Due to rest, Rutledge is out against the Columbus Voyagers."
1614,100529,69598,604,2026-02-07,out,Rutledge (rest) is out for this game against the Tacoma Talons.
1615,100541,69598,604,2026-02-09,out,"Rutledge misses the February 9, 2026 game against the Austin Sentinels (rest)."
1616,100548,69598,604,2026-02-11,out,"Rutledge misses the February 11, 2026 game against the Spokane Outlaws (rest)."
1617,100569,69598,604,2026-02-21,out,Rutledge (personal) is out for this game against the Albany Condors.
1618,100574,69598,604,2026-02-22,out,"Rutledge will not play on February 22, 2026 because of personal reasons."
1619,100582,69598,604,2026-02-24,out,Rutledge (personal) is out for this game against the Cincinnati Stallions.
1620,100600,69598,604,2026-02-27,out,Rutledge is out for the Missoula Anchors matchup with a sprained wrist.
1621,100602,69598,604,2026-02-28,out,Rutledge (wrist) is out for this game against the Fresno Bison.
1622,100612,69598,604,2026-03-01,out,"Ruled out for March 1, 2026, Rutledge cites a sprained wrist."
1623,100624,69598,604,2026-03-04,out,Rutledge is out for the El Paso Ospreys matchup with a sprained wrist.
1624,100632,69598,604,2026-03-05,out,Rutledge (wrist) is out for this game against the Austin Sentinels.
1625,100653,69598,604,2026-03-09,out,"Ruled out for March 9, 2026, Rutledge cites a sprained ankle."
1626,100669,69598,604,2026-03-12,out,"Rutledge will not play on March 12, 2026 because of a sprained ankle."
1627,100688,69598,604,2026-03-15,out,"Rutledge misses the March 15, 2026 game against the Albuquerque Lancers (ankle)."
1628,100692,69598,604,2026-03-16,out,"Rutledge will not play on March 16, 2026 because of a sprained ankle."
1629,100717,69598,604,2026-03-20,out,Rutledge (ankle) is out for this game against the Honolulu Miners.
1630,100723,69598,604,2026-03-21,out,"Rutledge misses the March 21, 2026 game against the Buffalo Marshals (ankle)."
1631,100742,69598,604,2026-03-24,out,"Ruled out for March 24, 2026, Rutledge cites a sprained ankle."
1632,100760,69598,604,2026-03-27,out,Rutledge is out for the Newark Mustangs matchup with a sprained ankle.
1633,100779,69598,604,2026-03-30,out,Rutledge (illness) is out for this game against the Cheyenne Pioneers.
1634,100799,69598,604,2026-04-03,out,"Rutledge will not play on April 3, 2026 because of a calf strain."
1635,100805,69598,604,2026-04-05,out,Rutledge (calf) is out for this game against the Spokane Outlaws.
1636,100813,69598,604,2026-04-07,out,"Rutledge will not play on April 7, 2026 because of a calf strain."
1637,100833,69598,604,2026-04-10,out,Rutledge (calf) is out for this game against the Albuquerque Lancers.
1638,100837,69598,604,2026-04-12,out,Rutledge is out for the Albuquerque Lancers matchup with a calf strain.
1639,100017,69919,162,2025-10-24,out,"Ruled out for October 24, 2025, Dalton cites knee soreness."
1640,100023,69919,162,2025-10-26,out,"Ruled out for October 26, 2025, Dalton cites knee soreness."
1641,100045,69919,162,2025-10-30,out,"Dalton misses the October 30, 2025 game against the Providence Skylarks (personal)."
1642,100071,69919,162,2025-11-05,out,"Dalton misses the November 5, 2025 game against the Bakersfield Wranglers (personal)."
1643,100109,69919,162,2025-11-12,out,"Dalton will not play on November 12, 2025 because of a sprained wrist."
1644,100166,69919,162,2025-11-24,out,"Dalton misses the November 24, 2025 game against the El Paso Ospreys (rest)."
1645,100179,69919,162,2025-11-28,out,Dalton (illness) is out for this game against the Honolulu Miners.
1646,100220,69919,162,2025-12-07,out,"Dalton will not play on December 7, 2025 because of a sprained wrist."
1647,100440,69919,162,2026-01-22,out,"Due to personal reasons, Dalton is out against the Cheyenne Pioneers."
1648,100511,69919,162,2026-02-03,out,Dalton (personal) is out for this game against the Baton Rouge Falcons.
1649,100622,69919,162,2026-03-04,out,"Due to a sprained wrist, Dalton is out against the Austin Sentinels."
1650,100628,69919,162,2026-03-05,out,"Dalton will not play on March 5, 2026 because of a sprained wrist."
1651,100789,69919,162,2026-04-01,out,Dalton (calf) is out for this game against the Tacoma Talons.
1652,100833,69919,162,2026-04-10,out,"Ruled out for April 10, 2026, Dalton cites knee soreness."
1653,100039,69924,486,2025-10-29,out,"Sutter misses the October 29, 2025 game against the Des Moines Vultures (personal)."
1654,100329,69924,486,2026-01-02,out,"Sutter will not play on January 2, 2026 because of hamstring tightness."
1655,100357,69924,486,2026-01-07,out,"Sutter will not play on January 7, 2026 because of hamstring tightness."
1656,100796,69924,486,2026-04-03,out,Sutter is out for the Bakersfield Wranglers matchup with hamstring tightness.
1657,100805,69924,486,2026-04-05,out,Sutter (hamstring) is out for this game against the Anchorage Herons.
1658,100239,72436,788,2025-12-14,out,Marlow is out for the Austin Sentinels matchup with an illness.
1659,100262,72436,788,2025-12-20,out,"Due to knee soreness, Marlow is out against the Baton Rouge Falcons."
1660,100275,72436,788,2025-12-23,out,"Marlow will not play on December 23, 2025 because of knee soreness."
1661,100326,72436,788,2026-01-02,out,"Marlow will not play on January 2, 2026 because of an illness."
1662,100334,72436,788,2026-01-03,out,Marlow (illness) is out for this game against the Baton Rouge Falcons.
1663,100353,72436,788,2026-01-07,out,Marlow is out for the Fresno Bison matchup with an illness.
1664,100379,72436,788,2026-01-11,out,Marlow (back) is out for this game against the Fresno Bison.
1665,100401,72436,788,2026-01-15,out,Marlow (personal) is out for this game against the Providence Skylarks.
1666,100407,72436,788,2026-01-16,out,Marlow is out for the Baton Rouge Falcons matchup with personal reasons.
1667,100420,72436,788,2026-01-18,out,"Ruled out for January 18, 2026, Marlow cites a sprained wrist."
1668,100428,72436,788,2026-01-20,out,Marlow (wrist) is out for this game against the Richmond Kestrels.
1669,100477,72436,788,2026-01-29,out,"Marlow will not play on January 29, 2026 because of an illness."
1670,100503,72436,788,2026-02-02,out,"Due to knee soreness, Marlow is out against the Tulsa Admirals."
1671,100533,72436,788,2026-02-07,out,"Due to rest, Marlow is out against the Jacksonville Cobras."
1672,100551,72436,788,2026-02-11,out,"Marlow will not play on February 11, 2026 because of rest."
1673,100560,72436,788,2026-02-19,out,Marlow (personal) is out for this game against the Tulsa Admirals.
1674,100565,72436,788,2026-02-20,out,"Marlow will not play on February 20, 2026 because of personal reasons."
1675,100591,72436,788,2026-02-25,out,Marlow is out for the Austin Sentinels matchup with a calf strain.
1676,100595,72436,788,2026-02-26,out,Marlow is out for the Des Moines Vultures matchup with a calf strain.
1677,100619,72436,788,2026-03-03,out,"Ruled out for March 3, 2026, Marlow cites a calf strain."
1678,100627,72436,788,2026-03-05,out,Marlow (calf) is out for this game against the Birmingham Foxes.
1679,100638,72436,788,2026-03-06,out,"Marlow will not play on March 6, 2026 because of a calf strain."
1680,100660,72436,788,2026-03-10,out,Marlow is out for the Columbus Voyagers matchup with a calf strain.
1681,100671,72436,788,2026-03-12,out,Marlow (calf) is out for this game against the Hartford Comets.
1682,100676,72436,788,2026-03-13,out,Marlow is out for the Anchorage Herons matchup with a calf strain.
1683,100690,72436,788,2026-03-16,out,"Marlow will not play on March 16, 2026 because of a calf strain."
1684,100704,72436,788,2026-03-18,out,"Due to a calf strain, Marlow is out against the Boise Glaciers."
1685,100716,72436,788,2026-03-20,out,"Marlow misses the March 20, 2026 game against the Columbus Voyagers (calf)."
1686,100722,72436,788,2026-03-21,out,Marlow is out for the Hartford Comets matchup with a calf strain.
1687,100741,72436,788,2026-03-24,out,Marlow (calf) is out for this game against the Tacoma Talons.
1688,100750,72436,788,2026-03-25,out,"Ruled out for March 25, 2026, Marlow cites a calf strain."
1689,100753,72436,788,2026-03-26,out,Marlow (calf) is out for this game against the Birmingham Foxes.
1690,100758,72436,788,2026-03-27,out,"Ruled out for March 27, 2026, Marlow cites a calf strain."
1691,100779,72436,788,2026-03-30,out,Marlow is out for the Anchorage Herons matchup with a calf strain.
1692,100784,72436,788,2026-03-31,out,"Marlow misses the March 31, 2026 game against the Missoula Anchors (calf)."
1693,100787,72436,788,2026-04-01,out,"Ruled out for April 1, 2026, Marlow cites a calf strain."
1694,100792,72436,788,2026-04-02,out,Marlow (calf) is out for this game against the Anchorage Herons.
1695,100798,72436,788,2026-04-03,out,Marlow is out for the Honolulu Miners matchup with a calf strain.
1696,100810,72436,788,2026-04-06,out,"Marlow misses the April 6, 2026 game against the El Paso Ospreys (calf)."
1697,100818,72436,788,2026-04-07,out,Marlow is out for the Tulsa Admirals matchup with a calf strain.
1698,100829,72436,788,2026-04-10,out,"Due to a calf strain, Marlow is out against the Spokane Outlaws."
1699,100369,72654,933,2026-01-10,out,"Due to hamstring tightness, Fairbanks is out against the Tulsa Admirals."
1700,100386,72654,933,2026-01-13,out,Fairbanks (illness) is out for this game against the Tulsa Admirals.
1701,100409,72654,933,2026-01-16,out,"Due to an illness, Fairbanks is out against the Boise Glaciers."
1702,100431,72654,933,2026-01-20,out,"Due to rest, Fairbanks is out against the Jacksonville Cobras."
1703,100450,72654,933,2026-01-23,out,"Fairbanks misses the January 23, 2026 game against the Richmond Kestrels (hamstring)."
1704,100497,72654,933,2026-02-01,out,"Fairbanks misses the February 1, 2026 game against the Boise Glaciers (illness)."
1705,100508,72654,933,2026-02-03,out,"Fairbanks will not play on February 3, 2026 because of an illness."
1706,100526,72654,933,2026-02-06,out,"Fairbanks will not play on February 6, 2026 because of an illness."
1707,100534,72654,933,2026-02-07,out,"Due to an illness, Fairbanks is out against the Raleigh Wardens."
1708,100541,72654,933,2026-02-09,out,Fairbanks (illness) is out for this game against the Anchorage Herons.
1709,100550,72654,933,2026-02-11,out,"Fairbanks misses the February 11, 2026 game against the Tacoma Talons (illness)."
1710,100564,72654,933,2026-02-20,out,"Due to an illness, Fairbanks is out against the Tacoma Talons."
1711,100576,72654,933,2026-02-22,out,"Due to an illness, Fairbanks is out against the Missoula Anchors."
1712,100580,72654,933,2026-02-23,out,"Fairbanks misses the February 23, 2026 game against the Reno Ridgebacks (illness)."
1713,100591,72654,933,2026-02-25,out,"Ruled out for February 25, 2026, Fairbanks cites an illness."
1714,100607,72654,933,2026-03-01,out,Fairbanks is out for the Fresno Bison matchup with knee soreness.
1715,100616,72654,933,2026-03-03,out,Fairbanks is out for the Grand Rapids Drifters matchup with knee soreness.
1716,100622,72654,933,2026-03-04,out,"Fairbanks will not play on March 4, 2026 because of knee soreness."
1717,100632,72654,933,2026-03-05,out,Fairbanks is out for the Anchorage Herons matchup with knee soreness.
1718,100650,72654,933,2026-03-08,out,Fairbanks is out for the Hartford Comets matchup with knee soreness.
1719,100659,72654,933,2026-03-10,out,"Due to knee soreness, Fairbanks is out against the Baton Rouge Falcons."
1720,100668,72654,933,2026-03-11,out,"Due to knee soreness, Fairbanks is out against the Missoula Anchors."
1721,100677,72654,933,2026-03-13,out,"Due to knee soreness, Fairbanks is out against the Jacksonville Cobras."
1722,100695,72654,933,2026-03-16,out,"Fairbanks misses the March 16, 2026 game against the Louisville Nomads (knee)."
1723,100702,72654,933,2026-03-18,out,"Fairbanks will not play on March 18, 2026 because of knee soreness."
1724,100724,72654,933,2026-03-21,out,Fairbanks is out for the El Paso Ospreys matchup with knee soreness.
1725,100735,72654,933,2026-03-23,out,"Fairbanks will not play on March 23, 2026 because of knee soreness."
1726,100752,72654,933,2026-03-25,out,Fairbanks is out for the Boise Glaciers matchup with knee soreness.
1727,100761,72654,933,2026-03-27,out,"Due to knee soreness, Fairbanks is out against the Providence Skylarks."
1728,100765,72654,933,2026-03-28,out,"Due to knee soreness, Fairbanks is out against the Richmond Kestrels."
1729,100768,72654,933,2026-03-29,out,"Due to knee soreness, Fairbanks is out against the Des Moines Vultures."
1730,100775,72654,933,2026-03-30,out,"Due to knee soreness, Fairbanks is out against the Albany Condors."
1731,100787,72654,933,2026-04-01,out,"Due to knee soreness, Fairbanks is out against the Cheyenne Pioneers."
1732,100794,72654,933,2026-04-02,out,"Due to knee soreness, Fairbanks is out against the El Paso Ospreys."
1733,100803,72654,933,2026-04-05,out,"Ruled out for April 5, 2026, Fairbanks cites knee soreness."
1734,100813,72654,933,2026-04-07,out,"Fairbanks will not play on April 7, 2026 because of knee soreness."
1735,100823,72654,933,2026-04-08,out,Fairbanks (knee) is out for this game against the Buffalo Marshals.
1736,100828,72654,933,2026-04-10,out,"Fairbanks will not play on April 10, 2026 because of knee soreness."
1737,100838,72654,933,2026-04-12,out,Fairbanks (knee) is out for this game against the Cincinnati Stallions.
1738,100651,73360,162,2026-03-09,out,"Donnelly will not play on March 9, 2026 because of personal reasons."
1739,100663,73360,162,2026-03-10,out,"Donnelly misses the March 10, 2026 game against the El Paso Ospreys (personal)."
1740,100666,73360,162,2026-03-11,out,"Ruled out for March 11, 2026, Donnelly cites personal reasons."
1741,100698,73360,162,2026-03-17,out,"Due to a sprained ankle, Donnelly is out against the Louisville Nomads."
1742,100713,73360,162,2026-03-20,out,"Donnelly misses the March 20, 2026 game against the Hartford Comets (hamstring)."
1743,100064,73406,547,2025-11-03,out,Ocampo is out for the Jacksonville Cobras matchup with a sprained wrist.
1744,100077,73406,547,2025-11-05,out,"Ocampo misses the November 5, 2025 game against the Tacoma Talons (personal)."
1745,100104,73406,547,2025-11-11,out,"Ocampo misses the November 11, 2025 game against the Honolulu Miners (wrist)."
1746,100116,73406,547,2025-11-14,out,Ocampo (hamstring) is out for this game against the Austin Sentinels.
1747,100165,73406,547,2025-11-24,out,"Ocampo will not play on November 24, 2025 because of rest."
1748,100212,73406,547,2025-12-05,out,"Ocampo misses the December 5, 2025 game against the Boise Glaciers (hamstring)."
1749,100224,73406,547,2025-12-07,out,"Ruled out for December 7, 2025, Ocampo cites knee soreness."
1750,100226,73406,547,2025-12-08,out,Ocampo is out for the Bakersfield Wranglers matchup with knee soreness.
1751,100249,73406,547,2025-12-18,out,"Ocampo misses the December 18, 2025 game against the Providence Skylarks (knee)."
1752,100253,73406,547,2025-12-19,out,"Ruled out for December 19, 2025, Ocampo cites knee soreness."
1753,100260,73406,547,2025-12-20,out,"Due to knee soreness, Ocampo is out against the Bakersfield Wranglers."
1754,100292,73406,547,2025-12-27,out,"Ocampo misses the December 27, 2025 game against the Cincinnati Stallions (wrist)."
1755,100306,73406,547,2025-12-29,out,"Ruled out for December 29, 2025, Ocampo cites a sprained wrist."
1756,100325,73406,547,2026-01-02,out,"Ocampo misses the January 2, 2026 game against the Anchorage Herons (calf)."
1757,100382,73406,547,2026-01-12,out,"Ocampo will not play on January 12, 2026 because of rest."
1758,100395,73406,547,2026-01-14,out,"Ocampo misses the January 14, 2026 game against the Des Moines Vultures (rest)."
1759,100405,73406,547,2026-01-15,out,Ocampo is out for the Birmingham Foxes matchup with rest.
1760,100418,73406,547,2026-01-18,out,Ocampo is out for the Providence Skylarks matchup with a sprained wrist.
1761,100424,73406,547,2026-01-19,out,"Due to a sprained wrist, Ocampo is out against the Jacksonville Cobras."
1762,100437,73406,547,2026-01-21,out,Ocampo is out for the Missoula Anchors matchup with a sprained wrist.
1763,100444,73406,547,2026-01-22,out,Ocampo is out for the Raleigh Wardens matchup with a sprained wrist.
1764,100459,73406,547,2026-01-25,out,"Due to a sprained wrist, Ocampo is out against the Nashville Tempest."
1765,100493,73406,547,2026-01-31,out,"Ruled out for January 31, 2026, Ocampo cites a sprained wrist."
1766,100795,73406,547,2026-04-02,out,"Due to rest, Ocampo is out against the Boise Glaciers."
1767,100808,73406,547,2026-04-05,out,Ocampo (hamstring) is out for this game against the Albany Condors.
1768,100818,73406,547,2026-04-07,out,Ocampo (hamstring) is out for this game against the Cheyenne Pioneers.
1769,100076,73914,460,2025-11-05,out,"Ellison will not play on November 5, 2025 because of a sprained wrist."
1770,100148,73914,460,2025-11-20,out,"Ruled out for November 20, 2025, Ellison cites a sprained wrist."
1771,100208,73914,460,2025-12-05,out,"Ellison will not play on December 5, 2025 because of a sprained wrist."
1772,100220,73914,460,2025-12-07,out,"Due to a sprained wrist, Ellison is out against the Albuquerque Lancers."
1773,100228,73914,460,2025-12-10,out,Ellison is out for the Tacoma Talons matchup with a sprained wrist.
1774,100238,73914,460,2025-12-14,out,Ellison (wrist) is out for this game against the Bakersfield Wranglers.
1775,100255,73914,460,2025-12-20,out,"Ellison misses the December 20, 2025 game against the El Paso Ospreys (wrist)."
1776,100283,73914,460,2025-12-25,out,"Ellison misses the December 25, 2025 game against the Albuquerque Lancers (wrist)."
1777,100292,73914,460,2025-12-27,out,Ellison is out for the Tulsa Admirals matchup with a sprained wrist.
1778,100333,73914,460,2026-01-03,out,"Ellison will not play on January 3, 2026 because of a sprained wrist."
1779,100339,73914,460,2026-01-04,out,"Ellison will not play on January 4, 2026 because of a sprained wrist."
1780,100380,73914,460,2026-01-11,out,"Ellison will not play on January 11, 2026 because of a sprained wrist."
1781,100391,73914,460,2026-01-13,out,"Ellison will not play on January 13, 2026 because of a sprained wrist."
1782,100404,73914,460,2026-01-15,out,"Due to a sprained wrist, Ellison is out against the Reno Ridgebacks."
1783,100436,73914,460,2026-01-21,out,"Ruled out for January 21, 2026, Ellison cites a sprained wrist."
1784,100463,73914,460,2026-01-26,out,Ellison (wrist) is out for this game against the Bakersfield Wranglers.
1785,100471,73914,460,2026-01-28,out,Ellison (wrist) is out for this game against the Boise Glaciers.
1786,100501,73914,460,2026-02-02,out,"Due to a sprained wrist, Ellison is out against the Missoula Anchors."
1787,100545,73914,460,2026-02-10,out,"Ellison will not play on February 10, 2026 because of knee soreness."
1788,100838,73914,460,2026-04-12,out,"Ruled out for April 12, 2026, Ellison cites concussion protocol."
1789,100102,74962,486,2025-11-11,out,Brennan (hamstring) is out for this game against the Missoula Anchors.
1790,100135,74962,486,2025-11-18,out,Brennan (personal) is out for this game against the Bakersfield Wranglers.
1791,100190,74962,486,2025-12-01,out,"Brennan will not play on December 1, 2025 because of a sprained wrist."
1792,100195,74962,486,2025-12-02,out,Brennan is out for the Bakersfield Wranglers matchup with a sprained wrist.
1793,100207,74962,486,2025-12-05,out,"Brennan misses the December 5, 2025 game against the Fresno Bison (wrist)."
1794,100274,74962,486,2025-12-23,out,"Ruled out for December 23, 2025, Brennan cites back spasms."
1795,100282,74962,486,2025-12-25,out,"Ruled out for December 25, 2025, Brennan cites back spasms."
1796,100287,74962,486,2025-12-26,out,"Ruled out for December 26, 2025, Brennan cites back spasms."
1797,100301,74962,486,2025-12-29,out,"Brennan misses the December 29, 2025 game against the Jacksonville Cobras (back)."
1798,100311,74962,486,2025-12-30,out,"Ruled out for December 30, 2025, Brennan cites back spasms."
1799,100329,74962,486,2026-01-02,out,"Ruled out for January 2, 2026, Brennan cites back spasms."
1800,100336,74962,486,2026-01-04,out,"Ruled out for January 4, 2026, Brennan cites back spasms."
1801,100357,74962,486,2026-01-07,out,Brennan (back) is out for this game against the Tulsa Admirals.
1802,100363,74962,486,2026-01-09,out,"Brennan will not play on January 9, 2026 because of back spasms."
1803,100380,74962,486,2026-01-11,out,"Brennan will not play on January 11, 2026 because of rest."
1804,100387,74962,486,2026-01-13,out,Brennan (rest) is out for this game against the Richmond Kestrels.
1805,100412,74962,486,2026-01-17,out,"Due to rest, Brennan is out against the Bakersfield Wranglers."
1806,100443,74962,486,2026-01-22,out,"Due to rest, Brennan is out against the Des Moines Vultures."
1807,100452,74962,486,2026-01-23,out,"Brennan will not play on January 23, 2026 because of rest."
1808,100453,74962,486,2026-01-24,out,"Ruled out for January 24, 2026, Brennan cites rest."
1809,100457,74962,486,2026-01-25,out,Brennan (rest) is out for this game against the Raleigh Wardens.
1810,100476,74962,486,2026-01-29,out,"Due to rest, Brennan is out against the Albuquerque Lancers."
1811,100487,74962,486,2026-01-30,out,"Due to rest, Brennan is out against the Cheyenne Pioneers."
1812,100492,74962,486,2026-01-31,out,"Brennan will not play on January 31, 2026 because of rest."
1813,100514,74962,486,2026-02-04,out,Brennan is out for the Albuquerque Lancers matchup with a sprained wrist.
1814,100528,74962,486,2026-02-07,out,"Ruled out for February 7, 2026, Brennan cites a sprained wrist."
1815,100557,74962,486,2026-02-19,out,"Ruled out for February 19, 2026, Brennan cites back spasms."
1816,100614,74962,486,2026-03-02,out,Brennan (concussion) is out for this game against the Louisville Nomads.
1817,100631,74962,486,2026-03-05,out,"Ruled out for March 5, 2026, Brennan cites concussion protocol."
1818,100692,74962,486,2026-03-16,out,"Ruled out for March 16, 2026, Brennan cites a calf strain."
1819,100738,74962,486,2026-03-23,out,"Brennan misses the March 23, 2026 game against the Tacoma Talons (illness)."
1820,100744,74962,486,2026-03-25,out,"Brennan misses the March 25, 2026 game against the Grand Rapids Drifters (illness)."
1821,100759,74962,486,2026-03-27,out,"Ruled out for March 27, 2026, Brennan cites an illness."
1822,100796,74962,486,2026-04-03,out,"Due to knee soreness, Brennan is out against the Bakersfield Wranglers."
1823,100805,74962,486,2026-04-05,out,Brennan is out for the Anchorage Herons matchup with knee soreness.
1824,100617,75591,386,2026-03-03,out,"Ruled out for March 3, 2026, Ellison cites hamstring tightness."
1825,100683,75591,386,2026-03-14,out,"Ruled out for March 14, 2026, Ellison cites personal reasons."
1826,100706,75591,386,2026-03-18,out,"Ruled out for March 18, 2026, Ellison cites personal reasons."
1827,100796,75591,386,2026-04-03,out,"Ellison will not play on April 3, 2026 because of personal reasons."
1828,100003,75595,740,2025-10-22,out,"Lockhart misses the October 22, 2025 game against the Missoula Anchors (knee)."
1829,100010,75595,740,2025-10-24,out,Lockhart is out for the Anchorage Herons matchup with knee soreness.
1830,100020,75595,740,2025-10-25,out,"Lockhart misses the October 25, 2025 game against the Honolulu Miners (knee)."
1831,100022,75595,740,2025-10-26,out,"Lockhart will not play on October 26, 2025 because of knee soreness."
1832,100048,75595,740,2025-10-31,out,"Lockhart will not play on October 31, 2025 because of knee soreness."
1833,100057,75595,740,2025-11-02,out,"Lockhart will not play on November 2, 2025 because of knee soreness."
1834,100073,75595,740,2025-11-05,out,"Lockhart misses the November 5, 2025 game against the Reno Ridgebacks (knee)."
1835,100081,75595,740,2025-11-07,out,"Lockhart misses the November 7, 2025 game against the Birmingham Foxes (knee)."
1836,100087,75595,740,2025-11-08,out,"Lockhart misses the November 8, 2025 game against the Reno Ridgebacks (knee)."
1837,100099,75595,740,2025-11-10,out,"Lockhart will not play on November 10, 2025 because of knee soreness."
1838,100110,75595,740,2025-11-12,out,"Ruled out for November 12, 2025, Lockhart cites knee soreness."
1839,100113,75595,740,2025-11-13,out,Lockhart (knee) is out for this game against the Reno Ridgebacks.
1840,100123,75595,740,2025-11-15,out,Lockhart (knee) is out for this game against the Baton Rouge Falcons.
1841,100126,75595,740,2025-11-16,out,Lockhart (knee) is out for this game against the Cheyenne Pioneers.
1842,100139,75595,740,2025-11-19,out,Lockhart (knee) is out for this game against the Newark Mustangs.
1843,100151,75595,740,2025-11-21,out,Lockhart is out for the Spokane Outlaws matchup with knee soreness.
1844,100161,75595,740,2025-11-23,out,"Lockhart will not play on November 23, 2025 because of knee soreness."
1845,100167,75595,740,2025-11-24,out,"Lockhart misses the November 24, 2025 game against the Cheyenne Pioneers (knee)."
1846,100174,75595,740,2025-11-26,out,Lockhart is out for the Providence Skylarks matchup with knee soreness.
1847,100176,75595,740,2025-11-28,out,"Lockhart will not play on November 28, 2025 because of knee soreness."
1848,100202,75595,740,2025-12-03,out,"Lockhart misses the December 3, 2025 game against the Tacoma Talons (knee)."
1849,100212,75595,740,2025-12-05,out,Lockhart is out for the Tulsa Admirals matchup with knee soreness.
1850,100221,75595,740,2025-12-07,out,"Due to concussion protocol, Lockhart is out against the Bakersfield Wranglers."
1851,100235,75595,740,2025-12-12,out,Lockhart is out for the Anchorage Herons matchup with concussion protocol.
1852,100245,75595,740,2025-12-18,out,"Ruled out for December 18, 2025, Lockhart cites concussion protocol."
1853,100253,75595,740,2025-12-19,out,"Lockhart misses the December 19, 2025 game against the Tulsa Admirals (concussion)."
1854,100258,75595,740,2025-12-20,out,"Lockhart misses the December 20, 2025 game against the Austin Sentinels (concussion)."
1855,100265,75595,740,2025-12-21,out,"Due to concussion protocol, Lockhart is out against the Spokane Outlaws."
1856,100266,75595,740,2025-12-22,out,Lockhart is out for the Reno Ridgebacks matchup with concussion protocol.
1857,100278,75595,740,2025-12-23,out,"Ruled out for December 23, 2025, Lockhart cites concussion protocol."
1858,100288,75595,740,2025-12-27,out,"Ruled out for December 27, 2025, Lockhart cites concussion protocol."
1859,100294,75595,740,2025-12-28,out,"Lockhart misses the December 28, 2025 game against the Columbus Voyagers (concussion)."
1860,100318,75595,740,2025-12-31,out,"Ruled out for December 31, 2025, Lockhart cites concussion protocol."
1861,100322,75595,740,2026-01-01,out,"Lockhart misses the January 1, 2026 game against the Columbus Voyagers (concussion)."
1862,100327,75595,740,2026-01-02,out,Lockhart is out for the Birmingham Foxes matchup with concussion protocol.
1863,100333,75595,740,2026-01-03,out,"Lockhart misses the January 3, 2026 game against the Cincinnati Stallions (concussion)."
1864,100342,75595,740,2026-01-05,out,Lockhart (concussion) is out for this game against the Tacoma Talons.
1865,100356,75595,740,2026-01-07,out,"Lockhart misses the January 7, 2026 game against the Raleigh Wardens (concussion)."
1866,100362,75595,740,2026-01-09,out,"Lockhart will not play on January 9, 2026 because of concussion protocol."
1867,100371,75595,740,2026-01-10,out,"Lockhart will not play on January 10, 2026 because of concussion protocol."
1868,100377,75595,740,2026-01-11,out,Lockhart is out for the Baton Rouge Falcons matchup with concussion protocol.
1869,100396,75595,740,2026-01-14,out,Lockhart (concussion) is out for this game against the Albuquerque Lancers.
1870,100403,75595,740,2026-01-15,out,Lockhart (concussion) is out for this game against the Albuquerque Lancers.
1871,100409,75595,740,2026-01-16,out,Lockhart is out for the Austin Sentinels matchup with concussion protocol.
1872,100410,75595,740,2026-01-17,out,"Ruled out for January 17, 2026, Lockhart cites concussion protocol."
1873,100426,75595,740,2026-01-19,out,Lockhart (concussion) is out for this game against the Tacoma Talons.
1874,100471,75595,740,2026-01-28,out,"Ruled out for January 28, 2026, Lockhart cites rest."
1875,100486,75595,740,2026-01-30,out,"Lockhart will not play on January 30, 2026 because of rest."
1876,100497,75595,740,2026-02-01,out,"Ruled out for February 1, 2026, Lockhart cites rest."
1877,100581,75595,740,2026-02-23,out,"Lockhart misses the February 23, 2026 game against the Tulsa Admirals (knee)."
1878,100589,75595,740,2026-02-25,out,"Lockhart misses the February 25, 2026 game against the Buffalo Marshals (knee)."
1879,100646,75595,740,2026-03-08,out,Lockhart is out for the Fresno Bison matchup with a calf strain.
1880,100656,75595,740,2026-03-10,out,Lockhart is out for the Louisville Nomads matchup with a calf strain.
1881,100737,75595,740,2026-03-23,out,"Lockhart will not play on March 23, 2026 because of a calf strain."
1882,100795,75595,740,2026-04-02,out,"Lockhart misses the April 2, 2026 game against the Tulsa Admirals (personal)."
1883,100817,75595,740,2026-04-07,out,"Ruled out for April 7, 2026, Lockhart cites back spasms."
1884,100016,76316,592,2025-10-24,out,"Cortez misses the October 24, 2025 game against the Tacoma Talons (concussion)."
1885,100019,76316,592,2025-10-25,out,"Cortez misses the October 25, 2025 game against the Cheyenne Pioneers (concussion)."
1886,100030,76316,592,2025-10-27,out,Cortez is out for the Tulsa Admirals matchup with concussion protocol.
1887,100040,76316,592,2025-10-29,out,Cortez (concussion) is out for this game against the Missoula Anchors.
1888,100049,76316,592,2025-10-31,out,"Ruled out for October 31, 2025, Cortez cites concussion protocol."
1889,100070,76316,592,2025-11-05,out,"Cortez misses the November 5, 2025 game against the Anchorage Herons (knee)."
1890,100078,76316,592,2025-11-06,out,Cortez (knee) is out for this game against the Hartford Comets.
1891,100080,76316,592,2025-11-07,out,Cortez is out for the Bakersfield Wranglers matchup with knee soreness.
1892,100100,76316,592,2025-11-10,out,"Due to knee soreness, Cortez is out against the Honolulu Miners."
1893,100103,76316,592,2025-11-11,out,"Ruled out for November 11, 2025, Cortez cites knee soreness."
1894,100108,76316,592,2025-11-12,out,Cortez is out for the Jacksonville Cobras matchup with knee soreness.
1895,100128,76316,592,2025-11-16,out,"Ruled out for November 16, 2025, Cortez cites knee soreness."
1896,100137,76316,592,2025-11-18,out,Cortez (knee) is out for this game against the Raleigh Wardens.
1897,100143,76316,592,2025-11-19,out,"Cortez will not play on November 19, 2025 because of knee soreness."
1898,100156,76316,592,2025-11-22,out,"Ruled out for November 22, 2025, Cortez cites knee soreness."
1899,100158,76316,592,2025-11-23,out,Cortez (knee) is out for this game against the Richmond Kestrels.
1900,100164,76316,592,2025-11-24,out,"Ruled out for November 24, 2025, Cortez cites knee soreness."
1901,100175,76316,592,2025-11-28,out,Cortez (knee) is out for this game against the Baton Rouge Falcons.
1902,100185,76316,592,2025-11-30,out,Cortez (knee) is out for this game against the Nashville Tempest.
1903,100194,76316,592,2025-12-02,out,Cortez (knee) is out for this game against the Raleigh Wardens.
1904,100200,76316,592,2025-12-03,out,"Due to knee soreness, Cortez is out against the Austin Sentinels."
1905,100203,76316,592,2025-12-04,out,Cortez is out for the Jacksonville Cobras matchup with knee soreness.
1906,100207,76316,592,2025-12-05,out,Cortez is out for the Spokane Outlaws matchup with knee soreness.
1907,100217,76316,592,2025-12-06,out,Cortez is out for the Honolulu Miners matchup with knee soreness.
1908,100240,76316,592,2025-12-14,out,"Ruled out for December 14, 2025, Cortez cites knee soreness."
1909,100245,76316,592,2025-12-18,out,"Ruled out for December 18, 2025, Cortez cites knee soreness."
1910,100259,76316,592,2025-12-20,out,Cortez (knee) is out for this game against the Louisville Nomads.
1911,100277,76316,592,2025-12-23,out,Cortez (knee) is out for this game against the El Paso Ospreys.
1912,100280,76316,592,2025-12-25,out,"Cortez will not play on December 25, 2025 because of knee soreness."
1913,100304,76316,592,2025-12-29,out,Cortez (knee) is out for this game against the Austin Sentinels.
1914,100315,76316,592,2025-12-31,out,"Cortez misses the December 31, 2025 game against the Missoula Anchors (knee)."
1915,100340,76316,592,2026-01-04,out,"Ruled out for January 4, 2026, Cortez cites knee soreness."
1916,100353,76316,592,2026-01-07,out,"Ruled out for January 7, 2026, Cortez cites knee soreness."
1917,100359,76316,592,2026-01-08,out,"Cortez misses the January 8, 2026 game against the Tacoma Talons (knee)."
1918,100372,76316,592,2026-01-10,out,"Cortez will not play on January 10, 2026 because of knee soreness."
1919,100379,76316,592,2026-01-11,out,"Cortez will not play on January 11, 2026 because of knee soreness."
1920,100397,76316,592,2026-01-14,out,Cortez (knee) is out for this game against the Birmingham Foxes.
1921,100400,76316,592,2026-01-15,out,"Due to knee soreness, Cortez is out against the Albany Condors."
1922,100414,76316,592,2026-01-17,out,"Due to knee soreness, Cortez is out against the Anchorage Herons."
1923,100421,76316,592,2026-01-18,out,"Due to knee soreness, Cortez is out against the Louisville Nomads."
1924,100432,76316,592,2026-01-20,out,"Cortez misses the January 20, 2026 game against the Buffalo Marshals (knee)."
1925,100442,76316,592,2026-01-22,out,Cortez is out for the Birmingham Foxes matchup with knee soreness.
1926,100449,76316,592,2026-01-23,out,"Cortez will not play on January 23, 2026 because of knee soreness."
1927,100462,76316,592,2026-01-26,out,"Cortez will not play on January 26, 2026 because of knee soreness."
1928,100469,76316,592,2026-01-27,out,"Cortez will not play on January 27, 2026 because of knee soreness."
1929,100488,76316,592,2026-01-30,out,"Cortez misses the January 30, 2026 game against the Honolulu Miners (knee)."
1930,100518,76316,592,2026-02-04,out,"Due to knee soreness, Cortez is out against the Bakersfield Wranglers."
1931,100523,76316,592,2026-02-05,out,"Cortez misses the February 5, 2026 game against the El Paso Ospreys (knee)."
1932,100540,76316,592,2026-02-09,out,Cortez (knee) is out for this game against the Reno Ridgebacks.
1933,100545,76316,592,2026-02-10,out,"Cortez misses the February 10, 2026 game against the Cincinnati Stallions (knee)."
1934,100552,76316,592,2026-02-11,out,"Due to knee soreness, Cortez is out against the Boise Glaciers."
1935,100578,76316,592,2026-02-22,out,"Cortez will not play on February 22, 2026 because of knee soreness."
1936,100579,76316,592,2026-02-23,out,"Cortez misses the February 23, 2026 game against the El Paso Ospreys (knee)."
1937,100583,76316,592,2026-02-24,out,Cortez (knee) is out for this game against the Nashville Tempest.
1938,100594,76316,592,2026-02-26,out,Cortez (knee) is out for this game against the Honolulu Miners.
1939,100601,76316,592,2026-02-27,out,"Due to knee soreness, Cortez is out against the Hartford Comets."
1940,100602,76316,592,2026-02-28,out,"Ruled out for February 28, 2026, Cortez cites knee soreness."
1941,100662,76316,592,2026-03-10,out,"Ruled out for March 10, 2026, Cortez cites rest."
1942,100666,76316,592,2026-03-11,out,Cortez is out for the Albuquerque Lancers matchup with rest.
1943,100675,76316,592,2026-03-13,out,"Cortez will not play on March 13, 2026 because of rest."
1944,100739,76316,592,2026-03-23,out,"Cortez misses the March 23, 2026 game against the Tulsa Admirals (back)."
1945,100841,76316,592,2026-04-12,out,"Due to a sprained ankle, Cortez is out against the Spokane Outlaws."
1946,100273,77136,908,2025-12-23,out,"Ruled out for December 23, 2025, Blackwood cites a sprained wrist."
1947,100310,77136,908,2025-12-30,out,"Ruled out for December 30, 2025, Blackwood cites knee soreness."
1948,100321,77136,908,2026-01-01,out,"Blackwood misses the January 1, 2026 game against the Anchorage Herons (back)."
1949,100407,77136,908,2026-01-16,out,Blackwood is out for the Cheyenne Pioneers matchup with concussion protocol.
1950,100538,77136,908,2026-02-09,out,"Due to hamstring tightness, Blackwood is out against the Boise Glaciers."
1951,100074,77251,430,2025-11-05,out,Rutledge is out for the Columbus Voyagers matchup with concussion protocol.
1952,100089,77251,430,2025-11-08,out,"Rutledge will not play on November 8, 2025 because of concussion protocol."
1953,100102,77251,430,2025-11-11,out,"Ruled out for November 11, 2025, Rutledge cites a sprained ankle."
1954,100106,77251,430,2025-11-12,out,"Ruled out for November 12, 2025, Rutledge cites a sprained ankle."
1955,100121,77251,430,2025-11-15,out,Rutledge is out for the Bakersfield Wranglers matchup with a sprained ankle.
1956,100146,77251,430,2025-11-20,out,"Rutledge will not play on November 20, 2025 because of a sprained ankle."
1957,100177,77251,430,2025-11-28,out,Rutledge (ankle) is out for this game against the Grand Rapids Drifters.
1958,100182,77251,430,2025-11-29,out,"Due to a sprained ankle, Rutledge is out against the Baton Rouge Falcons."
1959,100201,77251,430,2025-12-03,out,"Due to a sprained ankle, Rutledge is out against the Reno Ridgebacks."
1960,100208,77251,430,2025-12-05,out,"Due to a sprained ankle, Rutledge is out against the Cincinnati Stallions."
1961,100216,77251,430,2025-12-06,out,"Due to a sprained ankle, Rutledge is out against the Tulsa Admirals."
1962,100227,77251,430,2025-12-08,out,"Rutledge will not play on December 8, 2025 because of a sprained ankle."
1963,100250,77251,430,2025-12-18,out,Rutledge is out for the Nashville Tempest matchup with a sprained ankle.
1964,100254,77251,430,2025-12-19,out,Rutledge is out for the Buffalo Marshals matchup with a sprained ankle.
1965,100270,77251,430,2025-12-22,out,Rutledge (ankle) is out for this game against the Louisville Nomads.
1966,100271,77251,430,2025-12-23,out,Rutledge (ankle) is out for this game against the Austin Sentinels.
1967,100282,77251,430,2025-12-25,out,Rutledge (ankle) is out for this game against the Spokane Outlaws.
1968,100285,77251,430,2025-12-26,out,Rutledge is out for the Louisville Nomads matchup with a sprained ankle.
1969,100289,77251,430,2025-12-27,out,Rutledge (ankle) is out for this game against the Baton Rouge Falcons.
1970,100295,77251,430,2025-12-28,out,"Rutledge will not play on December 28, 2025 because of a sprained ankle."
1971,100300,77251,430,2025-12-29,out,"Rutledge misses the December 29, 2025 game against the Reno Ridgebacks (ankle)."
1972,100315,77251,430,2025-12-31,out,"Due to a sprained ankle, Rutledge is out against the Fresno Bison."
1973,100328,77251,430,2026-01-02,out,"Rutledge will not play on January 2, 2026 because of a sprained ankle."
1974,100388,77251,430,2026-01-13,out,"Rutledge will not play on January 13, 2026 because of personal reasons."
1975,100415,77251,430,2026-01-17,out,"Due to back spasms, Rutledge is out against the Cheyenne Pioneers."
1976,100437,77251,430,2026-01-21,out,"Due to a sprained wrist, Rutledge is out against the Tulsa Admirals."
1977,100446,77251,430,2026-01-23,out,Rutledge (wrist) is out for this game against the El Paso Ospreys.
1978,100491,77251,430,2026-01-31,out,Rutledge is out for the Albuquerque Lancers matchup with a sprained wrist.
1979,100501,77251,430,2026-02-02,out,"Rutledge misses the February 2, 2026 game against the Cincinnati Stallions (illness)."
1980,100670,78088,108,2026-03-12,out,"Delgado will not play on March 12, 2026 because of a calf strain."
1981,100780,78088,108,2026-03-31,out,"Delgado will not play on March 31, 2026 because of knee soreness."
1982,100806,78088,108,2026-04-05,out,"Due to personal reasons, Delgado is out against the Missoula Anchors."
1983,100825,78088,108,2026-04-09,out,"Delgado misses the April 9, 2026 game against the Tacoma Talons (knee)."
1984,100839,78088,108,2026-04-12,out,"Delgado will not play on April 12, 2026 because of knee soreness."
1985,100032,79034,789,2025-10-27,out,"Ruled out for October 27, 2025, Maddox cites knee soreness."
1986,100043,79034,789,2025-10-30,out,Maddox (knee) is out for this game against the Anchorage Herons.
1987,100608,79034,789,2026-03-01,out,Maddox (hamstring) is out for this game against the Grand Rapids Drifters.
1988,100643,79034,789,2026-03-07,out,Maddox is out for the Louisville Nomads matchup with hamstring tightness.
1989,100661,79034,789,2026-03-10,out,Maddox (hamstring) is out for this game against the Newark Mustangs.
1990,100673,79034,789,2026-03-12,out,Maddox (hamstring) is out for this game against the Boise Glaciers.
1991,100679,79034,789,2026-03-13,out,Maddox (hamstring) is out for this game against the Birmingham Foxes.
1992,100707,79034,789,2026-03-18,out,"Maddox will not play on March 18, 2026 because of knee soreness."
1993,100729,79034,789,2026-03-22,out,Maddox is out for the Birmingham Foxes matchup with knee soreness.
1994,100738,79034,789,2026-03-23,out,"Maddox misses the March 23, 2026 game against the Spokane Outlaws (knee)."
1995,100741,79034,789,2026-03-24,out,Maddox is out for the Cheyenne Pioneers matchup with knee soreness.
1996,100764,79034,789,2026-03-28,out,"Ruled out for March 28, 2026, Maddox cites personal reasons."
1997,100769,79034,789,2026-03-29,out,"Due to personal reasons, Maddox is out against the Providence Skylarks."
1998,100776,79034,789,2026-03-30,out,"Ruled out for March 30, 2026, Maddox cites personal reasons."
1999,100781,79034,789,2026-03-31,out,"Maddox misses the March 31, 2026 game against the El Paso Ospreys (personal)."
2000,100789,79034,789,2026-04-01,out,Maddox (personal) is out for this game against the Albuquerque Lancers.
2001,100791,79034,789,2026-04-02,out,Maddox (personal) is out for this game against the Fresno Bison.
2002,100802,79034,789,2026-04-05,out,"Due to personal reasons, Maddox is out against the Cincinnati Stallions."
2003,100816,79034,789,2026-04-07,out,"Maddox misses the April 7, 2026 game against the El Paso Ospreys (personal)."
2004,100825,79034,789,2026-04-09,out,"Due to personal reasons, Maddox is out against the Reno Ridgebacks."
2005,100826,79034,789,2026-04-10,out,"Due to personal reasons, Maddox is out against the Honolulu Miners."
2006,100839,79034,789,2026-04-12,out,Maddox is out for the Reno Ridgebacks matchup with personal reasons.
2007,100515,79473,740,2026-02-04,out,"Emerson misses the February 4, 2026 game against the Hartford Comets (back)."
2008,100704,79473,740,2026-03-18,out,Emerson is out for the Cheyenne Pioneers matchup with concussion protocol.
2009,100718,79473,740,2026-03-21,out,"Emerson will not play on March 21, 2026 because of back spasms."
2010,100786,79473,740,2026-04-01,out,"Due to personal reasons, Emerson is out against the El Paso Ospreys."
2011,100795,79473,740,2026-04-02,out,"Emerson misses the April 2, 2026 game against the Tulsa Admirals (personal)."
2012,100001,80965,908,2025-10-21,out,"Ruled out for October 21, 2025, Montgomery cites knee soreness."
2013,100007,80965,908,2025-10-22,out,Montgomery (knee) is out for this game against the Buffalo Marshals.
2014,100026,80965,908,2025-10-27,out,"Montgomery misses the October 27, 2025 game against the Albuquerque Lancers (back)."
2015,100034,80965,908,2025-10-28,out,"Ruled out for October 28, 2025, Montgomery cites back spasms."
2016,100054,80965,908,2025-11-01,out,Montgomery is out for the El Paso Ospreys matchup with back spasms.
2017,100092,80965,908,2025-11-09,out,"Ruled out for November 9, 2025, Montgomery cites back spasms."
2018,100098,80965,908,2025-11-10,out,Montgomery (back) is out for this game against the Bakersfield Wranglers.
2019,100112,80965,908,2025-11-12,out,Montgomery (back) is out for this game against the Raleigh Wardens.
2020,100114,80965,908,2025-11-13,out,"Ruled out for November 13, 2025, Montgomery cites back spasms."
2021,100117,80965,908,2025-11-14,out,"Montgomery misses the November 14, 2025 game against the Honolulu Miners (back)."
2022,100123,80965,908,2025-11-15,out,"Montgomery misses the November 15, 2025 game against the Boise Glaciers (back)."
2023,100129,80965,908,2025-11-16,out,Montgomery (back) is out for this game against the Tulsa Admirals.
2024,100133,80965,908,2025-11-17,out,Montgomery is out for the Austin Sentinels matchup with back spasms.
2025,100138,80965,908,2025-11-18,out,"Montgomery misses the November 18, 2025 game against the Tulsa Admirals (back)."
2026,100143,80965,908,2025-11-19,out,Montgomery is out for the Fresno Bison matchup with back spasms.
2027,100162,80965,908,2025-11-24,out,"Montgomery will not play on November 24, 2025 because of back spasms."
2028,100172,80965,908,2025-11-26,out,Montgomery is out for the Austin Sentinels matchup with back spasms.
2029,100175,80965,908,2025-11-28,out,"Due to back spasms, Montgomery is out against the Fresno Bison."
2030,100182,80965,908,2025-11-29,out,Montgomery (back) is out for this game against the Missoula Anchors.
2031,100190,80965,908,2025-12-01,out,"Montgomery will not play on December 1, 2025 because of an illness."
2032,100197,80965,908,2025-12-03,out,"Montgomery will not play on December 3, 2025 because of an illness."
2033,100225,80965,908,2025-12-08,out,"Due to an illness, Montgomery is out against the Hartford Comets."
2034,100230,80965,908,2025-12-11,out,"Montgomery misses the December 11, 2025 game against the Tacoma Talons (illness)."
2035,100237,80965,908,2025-12-14,out,Montgomery (illness) is out for this game against the Reno Ridgebacks.
2036,100241,80965,908,2025-12-15,out,"Due to an illness, Montgomery is out against the Providence Skylarks."
2037,100252,80965,908,2025-12-18,out,Montgomery is out for the Anchorage Herons matchup with an illness.
2038,100262,80965,908,2025-12-20,out,Montgomery is out for the Cheyenne Pioneers matchup with an illness.
2039,100273,80965,908,2025-12-23,out,"Montgomery will not play on December 23, 2025 because of an illness."
2040,100289,80965,908,2025-12-27,out,"Ruled out for December 27, 2025, Montgomery cites an illness."
2041,100299,80965,908,2025-12-28,out,"Montgomery will not play on December 28, 2025 because of an illness."
2042,100310,80965,908,2025-12-30,out,"Montgomery will not play on December 30, 2025 because of an illness."
2043,100313,80965,908,2025-12-31,out,Montgomery is out for the Louisville Nomads matchup with an illness.
2044,100321,80965,908,2026-01-01,out,"Montgomery will not play on January 1, 2026 because of an illness."
2045,100334,80965,908,2026-01-03,out,"Due to an illness, Montgomery is out against the Cheyenne Pioneers."
2046,100335,80965,908,2026-01-04,out,"Montgomery will not play on January 4, 2026 because of an illness."
2047,100343,80965,908,2026-01-05,out,Montgomery is out for the Grand Rapids Drifters matchup with an illness.
2048,100351,80965,908,2026-01-07,out,"Ruled out for January 7, 2026, Montgomery cites an illness."
2049,100368,80965,908,2026-01-10,out,"Montgomery will not play on January 10, 2026 because of an illness."
2050,100377,80965,908,2026-01-11,out,"Due to an illness, Montgomery is out against the Boise Glaciers."
2051,100383,80965,908,2026-01-12,out,Montgomery is out for the Providence Skylarks matchup with an illness.
2052,100407,80965,908,2026-01-16,out,Montgomery (illness) is out for this game against the Cheyenne Pioneers.
2053,100417,80965,908,2026-01-18,out,"Montgomery misses the January 18, 2026 game against the Newark Mustangs (illness)."
2054,100425,80965,908,2026-01-19,out,"Montgomery will not play on January 19, 2026 because of an illness."
2055,100445,80965,908,2026-01-22,out,"Due to an illness, Montgomery is out against the El Paso Ospreys."
2056,100451,80965,908,2026-01-23,out,"Montgomery will not play on January 23, 2026 because of an illness."
2057,100477,80965,908,2026-01-29,out,"Ruled out for January 29, 2026, Montgomery cites an illness."
2058,100484,80965,908,2026-01-30,out,"Ruled out for January 30, 2026, Montgomery cites an illness."
2059,100495,80965,908,2026-02-01,out,"Due to an illness, Montgomery is out against the Albany Condors."
2060,100511,80965,908,2026-02-03,out,Montgomery is out for the Albuquerque Lancers matchup with an illness.
2061,100526,80965,908,2026-02-06,out,"Montgomery will not play on February 6, 2026 because of knee soreness."
2062,100644,80965,908,2026-03-08,out,"Due to hamstring tightness, Montgomery is out against the Columbus Voyagers."
2063,100654,80965,908,2026-03-09,out,"Ruled out for March 9, 2026, Montgomery cites hamstring tightness."
2064,100665,80965,908,2026-03-11,out,"Montgomery misses the March 11, 2026 game against the Albany Condors (personal)."
2065,100691,80965,908,2026-03-16,out,"Ruled out for March 16, 2026, Montgomery cites rest."
2066,100705,80965,908,2026-03-18,out,"Montgomery misses the March 18, 2026 game against the Spokane Outlaws (knee)."
2067,100714,80965,908,2026-03-20,out,Montgomery (knee) is out for this game against the Nashville Tempest.
2068,100814,80965,908,2026-04-07,out,Montgomery is out for the Grand Rapids Drifters matchup with rest.
2069,100836,80965,908,2026-04-12,out,Montgomery (rest) is out for this game against the Nashville Tempest.
2070,100423,81637,108,2026-01-19,out,"Ruled out for January 19, 2026, Jennings cites a sprained wrist."
2071,100475,81637,108,2026-01-28,out,Jennings (concussion) is out for this game against the Albany Condors.
2072,100554,81637,108,2026-02-12,out,Jennings is out for the Cheyenne Pioneers matchup with a sprained wrist.
2073,100575,81637,108,2026-02-22,out,"Due to a calf strain, Jennings is out against the Birmingham Foxes."
2074,100584,81637,108,2026-02-24,out,"Ruled out for February 24, 2026, Jennings cites back spasms."
2075,100606,81637,108,2026-03-01,out,"Due to a calf strain, Jennings is out against the Jacksonville Cobras."
2076,100667,81637,108,2026-03-11,out,"Jennings will not play on March 11, 2026 because of personal reasons."
2077,100690,81637,108,2026-03-16,out,"Ruled out for March 16, 2026, Jennings cites hamstring tightness."
2078,100711,81637,108,2026-03-19,out,"Jennings will not play on March 19, 2026 because of hamstring tightness."
2079,100732,81637,108,2026-03-23,out,"Ruled out for March 23, 2026, Jennings cites hamstring tightness."
2080,100767,81637,108,2026-03-28,out,"Due to rest, Jennings is out against the Providence Skylarks."
2081,100780,81637,108,2026-03-31,out,"Due to rest, Jennings is out against the Providence Skylarks."
2082,100788,81637,108,2026-04-01,out,"Ruled out for April 1, 2026, Jennings cites rest."
2083,100800,81637,108,2026-04-03,out,Jennings (rest) is out for this game against the Tulsa Admirals.
2084,100806,81637,108,2026-04-05,out,Jennings is out for the Missoula Anchors matchup with rest.
2085,100812,81637,108,2026-04-06,out,"Due to rest, Jennings is out against the Buffalo Marshals."
2086,100825,81637,108,2026-04-09,out,Jennings (rest) is out for this game against the Tacoma Talons.
2087,100839,81637,108,2026-04-12,out,"Ruled out for April 12, 2026, Jennings cites rest."
2088,100132,82592,788,2025-11-17,out,Vance (personal) is out for this game against the Albany Condors.
2089,100362,82592,788,2026-01-09,out,"Vance misses the January 9, 2026 game against the Boise Glaciers (rest)."
2090,100474,82592,788,2026-01-28,out,Vance (hamstring) is out for this game against the Albuquerque Lancers.
2091,100627,82592,788,2026-03-05,out,Vance (illness) is out for this game against the Birmingham Foxes.
2092,100671,82592,788,2026-03-12,out,"Vance misses the March 12, 2026 game against the Hartford Comets (knee)."
2093,100716,82592,788,2026-03-20,out,Vance is out for the Columbus Voyagers matchup with hamstring tightness.
2094,100787,82592,788,2026-04-01,out,Vance (knee) is out for this game against the Austin Sentinels.
2095,100239,84150,933,2025-12-14,out,"Dalton will not play on December 14, 2025 because of personal reasons."
2096,100385,84150,933,2026-01-12,out,"Due to a sprained wrist, Dalton is out against the Albuquerque Lancers."
2097,100465,84150,933,2026-01-27,out,"Dalton misses the January 27, 2026 game against the Bakersfield Wranglers (personal)."
2098,100526,84150,933,2026-02-06,out,"Dalton will not play on February 6, 2026 because of a sprained ankle."
2099,100534,84150,933,2026-02-07,out,"Dalton misses the February 7, 2026 game against the Raleigh Wardens (ankle)."
2100,100541,84150,933,2026-02-09,out,Dalton (ankle) is out for this game against the Anchorage Herons.
2101,100564,84150,933,2026-02-20,out,"Ruled out for February 20, 2026, Dalton cites a calf strain."
2102,100576,84150,933,2026-02-22,out,"Due to a calf strain, Dalton is out against the Missoula Anchors."
2103,100580,84150,933,2026-02-23,out,"Dalton misses the February 23, 2026 game against the Reno Ridgebacks (calf)."
2104,100591,84150,933,2026-02-25,out,"Dalton will not play on February 25, 2026 because of a calf strain."
2105,100659,84150,933,2026-03-10,out,"Dalton misses the March 10, 2026 game against the Baton Rouge Falcons (ankle)."
2106,100668,84150,933,2026-03-11,out,Dalton is out for the Missoula Anchors matchup with a sprained ankle.
2107,100677,84150,933,2026-03-13,out,"Due to a sprained ankle, Dalton is out against the Jacksonville Cobras."
2108,100761,84150,933,2026-03-27,out,"Dalton misses the March 27, 2026 game against the Providence Skylarks (ankle)."
2109,100765,84150,933,2026-03-28,out,Dalton (ankle) is out for this game against the Richmond Kestrels.
2110,100768,84150,933,2026-03-29,out,"Dalton misses the March 29, 2026 game against the Des Moines Vultures (ankle)."
2111,100775,84150,933,2026-03-30,out,"Ruled out for March 30, 2026, Dalton cites a sprained ankle."
2112,100787,84150,933,2026-04-01,out,Dalton is out for the Cheyenne Pioneers matchup with a sprained ankle.
2113,100794,84150,933,2026-04-02,out,"Dalton will not play on April 2, 2026 because of a sprained ankle."
2114,100803,84150,933,2026-04-05,out,"Due to a sprained ankle, Dalton is out against the Columbus Voyagers."
2115,100576,86086,933,2026-02-22,out,"Due to rest, Dupree is out against the Missoula Anchors."
2116,100616,86086,933,2026-03-03,out,"Dupree will not play on March 3, 2026 because of a calf strain."
2117,100622,86086,933,2026-03-04,out,"Dupree misses the March 4, 2026 game against the Albuquerque Lancers (calf)."
2118,100695,86086,933,2026-03-16,out,"Ruled out for March 16, 2026, Dupree cites rest."
2119,100724,86086,933,2026-03-21,out,"Due to concussion protocol, Dupree is out against the El Paso Ospreys."
2120,100735,86086,933,2026-03-23,out,"Dupree misses the March 23, 2026 game against the Bakersfield Wranglers (concussion)."
2121,100787,86086,933,2026-04-01,out,"Due to back spasms, Dupree is out against the Cheyenne Pioneers."
2122,100794,86086,933,2026-04-02,out,"Dupree will not play on April 2, 2026 because of back spasms."
2123,100803,86086,933,2026-04-05,out,Dupree (back) is out for this game against the Columbus Voyagers.
2124,100813,86086,933,2026-04-07,out,"Due to back spasms, Dupree is out against the Anchorage Herons."
2125,100823,86086,933,2026-04-08,out,"Dupree will not play on April 8, 2026 because of back spasms."
2126,100828,86086,933,2026-04-10,out,"Dupree will not play on April 10, 2026 because of back spasms."
2127,100838,86086,933,2026-04-12,out,Dupree (back) is out for this game against the Cincinnati Stallions.
2128,100199,87352,788,2025-12-03,out,Hale is out for the Albany Condors matchup with personal reasons.
2129,100262,87352,788,2025-12-20,out,Hale (calf) is out for this game against the Baton Rouge Falcons.
2130,100334,87352,788,2026-01-03,out,"Hale misses the January 3, 2026 game against the Baton Rouge Falcons (wrist)."
2131,100379,87352,788,2026-01-11,out,Hale is out for the Fresno Bison matchup with concussion protocol.
2132,100407,87352,788,2026-01-16,out,Hale is out for the Baton Rouge Falcons matchup with knee soreness.
2133,100420,87352,788,2026-01-18,out,"Hale misses the January 18, 2026 game against the Grand Rapids Drifters (rest)."
2134,100428,87352,788,2026-01-20,out,"Hale misses the January 20, 2026 game against the Richmond Kestrels (rest)."
2135,100477,87352,788,2026-01-29,out,"Ruled out for January 29, 2026, Hale cites a sprained ankle."
2136,100498,87352,788,2026-02-01,out,"Hale will not play on February 1, 2026 because of concussion protocol."
2137,100517,87352,788,2026-02-04,out,"Ruled out for February 4, 2026, Hale cites a sprained wrist."
2138,100554,87352,788,2026-02-12,out,"Due to rest, Hale is out against the Reno Ridgebacks."
2139,100560,87352,788,2026-02-19,out,"Ruled out for February 19, 2026, Hale cites rest."
2140,100591,87352,788,2026-02-25,out,Hale is out for the Austin Sentinels matchup with personal reasons.
2141,100619,87352,788,2026-03-03,out,"Ruled out for March 3, 2026, Hale cites a sprained ankle."
2142,100627,87352,788,2026-03-05,out,"Due to a sprained ankle, Hale is out against the Birmingham Foxes."
2143,100660,87352,788,2026-03-10,out,Hale (knee) is out for this game against the Columbus Voyagers.
2144,100671,87352,788,2026-03-12,out,"Hale will not play on March 12, 2026 because of knee soreness."
2145,100676,87352,788,2026-03-13,out,Hale (knee) is out for this game against the Anchorage Herons.
2146,100690,87352,788,2026-03-16,out,"Due to knee soreness, Hale is out against the Reno Ridgebacks."
2147,100704,87352,788,2026-03-18,out,"Ruled out for March 18, 2026, Hale cites knee soreness."
2148,100716,87352,788,2026-03-20,out,"Due to knee soreness, Hale is out against the Columbus Voyagers."
2149,100722,87352,788,2026-03-21,out,"Hale will not play on March 21, 2026 because of knee soreness."
2150,100741,87352,788,2026-03-24,out,Hale is out for the Tacoma Talons matchup with knee soreness.
2151,100750,87352,788,2026-03-25,out,"Due to knee soreness, Hale is out against the Newark Mustangs."
2152,100753,87352,788,2026-03-26,out,Hale (knee) is out for this game against the Birmingham Foxes.
2153,100758,87352,788,2026-03-27,out,Hale is out for the Buffalo Marshals matchup with knee soreness.
2154,100784,87352,788,2026-03-31,out,"Hale will not play on March 31, 2026 because of personal reasons."
2155,100787,87352,788,2026-04-01,out,"Due to personal reasons, Hale is out against the Austin Sentinels."
2156,100792,87352,788,2026-04-02,out,"Ruled out for April 2, 2026, Hale cites personal reasons."
2157,100798,87352,788,2026-04-03,out,"Ruled out for April 3, 2026, Hale cites personal reasons."
2158,100810,87352,788,2026-04-06,out,"Hale will not play on April 6, 2026 because of personal reasons."
2159,100818,87352,788,2026-04-07,out,"Due to personal reasons, Hale is out against the Tulsa Admirals."
2160,100287,89156,486,2025-12-26,out,"Ellison-Reyes will not play on December 26, 2025 because of knee soreness."
2161,100329,89156,486,2026-01-02,out,"Ellison-Reyes misses the January 2, 2026 game against the Austin Sentinels (personal)."
2162,100514,89156,486,2026-02-04,out,"Ellison-Reyes misses the February 4, 2026 game against the Albuquerque Lancers (ankle)."
2163,100528,89156,486,2026-02-07,out,"Ruled out for February 7, 2026, Ellison-Reyes cites a sprained ankle."
2164,100539,89156,486,2026-02-09,out,"Ruled out for February 9, 2026, Ellison-Reyes cites a sprained ankle."
2165,100557,89156,486,2026-02-19,out,"Ellison-Reyes misses the February 19, 2026 game against the Louisville Nomads (calf)."
2166,100563,89156,486,2026-02-20,out,"Ellison-Reyes misses the February 20, 2026 game against the Bakersfield Wranglers (calf)."
2167,100568,89156,486,2026-02-21,out,"Ellison-Reyes will not play on February 21, 2026 because of a calf strain."
2168,100577,89156,486,2026-02-22,out,"Ellison-Reyes misses the February 22, 2026 game against the Cincinnati Stallions (calf)."
2169,100586,89156,486,2026-02-24,out,"Ellison-Reyes will not play on February 24, 2026 because of a calf strain."
2170,100598,89156,486,2026-02-26,out,Ellison-Reyes (ankle) is out for this game against the Providence Skylarks.
2171,100744,89156,486,2026-03-25,out,"Ruled out for March 25, 2026, Ellison-Reyes cites rest."
2172,100796,89156,486,2026-04-03,out,"Ellison-Reyes will not play on April 3, 2026 because of hamstring tightness."
2173,100805,89156,486,2026-04-05,out,"Ellison-Reyes will not play on April 5, 2026 because of hamstring tightness."
2174,100058,89399,162,2025-11-02,out,"Due to a calf strain, Ellison is out against the Bakersfield Wranglers."
2175,100062,89399,162,2025-11-03,out,"Ellison will not play on November 3, 2025 because of a calf strain."
2176,100067,89399,162,2025-11-04,out,Ellison is out for the Jacksonville Cobras matchup with a calf strain.
2177,100101,89399,162,2025-11-11,out,"Due to a sprained wrist, Ellison is out against the Tacoma Talons."
2178,100109,89399,162,2025-11-12,out,"Ellison will not play on November 12, 2025 because of a sprained wrist."
2179,100115,89399,162,2025-11-14,out,Ellison (wrist) is out for this game against the Tacoma Talons.
2180,100140,89399,162,2025-11-19,out,"Ellison misses the November 19, 2025 game against the Reno Ridgebacks (rest)."
2181,100166,89399,162,2025-11-24,out,"Ellison will not play on November 24, 2025 because of rest."
2182,100169,89399,162,2025-11-25,out,"Ruled out for November 25, 2025, Ellison cites rest."
2183,100179,89399,162,2025-11-28,out,"Ruled out for November 28, 2025, Ellison cites rest."
2184,100514,89399,162,2026-02-04,out,Ellison is out for the Spokane Outlaws matchup with a sprained ankle.
2185,100628,89399,162,2026-03-05,out,"Ruled out for March 5, 2026, Ellison cites concussion protocol."
2186,100712,89399,162,2026-03-19,out,"Ruled out for March 19, 2026, Ellison cites concussion protocol."
2187,100114,89924,908,2025-11-13,out,Thackeray is out for the Newark Mustangs matchup with a calf strain.
2188,100377,89924,908,2026-01-11,out,"Thackeray will not play on January 11, 2026 because of rest."
2189,100407,89924,908,2026-01-16,out,"Thackeray misses the January 16, 2026 game against the Cheyenne Pioneers (ankle)."
2190,100477,89924,908,2026-01-29,out,Thackeray (wrist) is out for this game against the Cheyenne Pioneers.
2191,100519,89924,908,2026-02-05,out,Thackeray (concussion) is out for this game against the Honolulu Miners.
2192,100526,89924,908,2026-02-06,out,Thackeray is out for the Austin Sentinels matchup with concussion protocol.
2193,100532,89924,908,2026-02-07,out,"Thackeray misses the February 7, 2026 game against the Des Moines Vultures (concussion)."
2194,100538,89924,908,2026-02-09,out,"Thackeray misses the February 9, 2026 game against the Boise Glaciers (concussion)."
2195,100584,89924,908,2026-02-24,out,Thackeray (calf) is out for this game against the Reno Ridgebacks.
2196,100604,89924,908,2026-02-28,out,Thackeray is out for the Providence Skylarks matchup with a calf strain.
2197,100654,89924,908,2026-03-09,out,Thackeray (wrist) is out for this game against the Richmond Kestrels.
2198,100705,89924,908,2026-03-18,out,"Thackeray misses the March 18, 2026 game against the Spokane Outlaws (calf)."
2199,100051,90115,547,2025-11-01,out,"Ruled out for November 1, 2025, Hargrove cites a calf strain."
2200,100064,90115,547,2025-11-03,out,Hargrove (calf) is out for this game against the Jacksonville Cobras.
2201,100069,90115,547,2025-11-04,out,"Due to a calf strain, Hargrove is out against the Tacoma Talons."
2202,100077,90115,547,2025-11-05,out,"Ruled out for November 5, 2025, Hargrove cites a calf strain."
2203,100079,90115,547,2025-11-07,out,"Due to a calf strain, Hargrove is out against the Spokane Outlaws."
2204,100104,90115,547,2025-11-11,out,Hargrove (calf) is out for this game against the Honolulu Miners.
2205,100109,90115,547,2025-11-12,out,"Ruled out for November 12, 2025, Hargrove cites a calf strain."
2206,100116,90115,547,2025-11-14,out,"Hargrove misses the November 14, 2025 game against the Austin Sentinels (calf)."
2207,100129,90115,547,2025-11-16,out,"Ruled out for November 16, 2025, Hargrove cites a calf strain."
2208,100138,90115,547,2025-11-18,out,Hargrove is out for the Baton Rouge Falcons matchup with a calf strain.
2209,100147,90115,547,2025-11-20,out,"Hargrove will not play on November 20, 2025 because of a calf strain."
2210,100155,90115,547,2025-11-22,out,"Due to a calf strain, Hargrove is out against the Bakersfield Wranglers."
2211,100165,90115,547,2025-11-24,out,"Due to a calf strain, Hargrove is out against the Grand Rapids Drifters."
2212,100180,90115,547,2025-11-29,out,Hargrove (back) is out for this game against the Anchorage Herons.
2213,100212,90115,547,2025-12-05,out,Hargrove is out for the Boise Glaciers matchup with a sprained wrist.
2214,100249,90115,547,2025-12-18,out,"Hargrove misses the December 18, 2025 game against the Providence Skylarks (ankle)."
2215,100253,90115,547,2025-12-19,out,"Ruled out for December 19, 2025, Hargrove cites a sprained ankle."
2216,100292,90115,547,2025-12-27,out,Hargrove is out for the Cincinnati Stallions matchup with a sprained ankle.
2217,100312,90115,547,2025-12-30,out,"Hargrove will not play on December 30, 2025 because of an illness."
2218,100357,90115,547,2026-01-07,out,"Due to knee soreness, Hargrove is out against the Spokane Outlaws."
2219,100369,90115,547,2026-01-10,out,Hargrove is out for the Austin Sentinels matchup with a calf strain.
2220,100376,90115,547,2026-01-11,out,Hargrove (calf) is out for this game against the Albuquerque Lancers.
2221,100416,90115,547,2026-01-17,out,Hargrove (back) is out for this game against the Hartford Comets.
2222,100513,90115,547,2026-02-04,out,"Ruled out for February 4, 2026, Hargrove cites rest."
2223,100521,90115,547,2026-02-05,out,"Hargrove misses the February 5, 2026 game against the Reno Ridgebacks (rest)."
2224,100546,90115,547,2026-02-11,out,"Ruled out for February 11, 2026, Hargrove cites a sprained ankle."
2225,100581,90115,547,2026-02-23,out,"Due to a calf strain, Hargrove is out against the Boise Glaciers."
2226,100585,90115,547,2026-02-24,out,Hargrove is out for the Raleigh Wardens matchup with a calf strain.
2227,100610,90115,547,2026-03-01,out,"Hargrove will not play on March 1, 2026 because of a calf strain."
2228,100621,90115,547,2026-03-03,out,Hargrove (calf) is out for this game against the Birmingham Foxes.
2229,100629,90115,547,2026-03-05,out,Hargrove (calf) is out for this game against the Reno Ridgebacks.
2230,100689,90115,547,2026-03-16,out,"Hargrove will not play on March 16, 2026 because of a sprained wrist."
2231,100701,90115,547,2026-03-18,out,"Due to a sprained wrist, Hargrove is out against the El Paso Ospreys."
2232,100710,90115,547,2026-03-19,out,"Hargrove will not play on March 19, 2026 because of a sprained wrist."
2233,100720,90115,547,2026-03-21,out,"Hargrove will not play on March 21, 2026 because of a sprained wrist."
2234,100730,90115,547,2026-03-22,out,"Due to a sprained wrist, Hargrove is out against the Buffalo Marshals."
2235,100739,90115,547,2026-03-23,out,Hargrove is out for the Fresno Bison matchup with a sprained wrist.
2236,100745,90115,547,2026-03-25,out,"Due to a sprained wrist, Hargrove is out against the Cincinnati Stallions."
2237,100762,90115,547,2026-03-27,out,"Hargrove misses the March 27, 2026 game against the Louisville Nomads (wrist)."
2238,100795,90115,547,2026-04-02,out,Hargrove is out for the Boise Glaciers matchup with personal reasons.
2239,100800,90115,547,2026-04-03,out,"Hargrove misses the April 3, 2026 game against the Reno Ridgebacks (personal)."
2240,100831,90115,547,2026-04-10,out,"Hargrove misses the April 10, 2026 game against the Nashville Tempest (rest)."
2241,100834,90115,547,2026-04-12,out,"Hargrove misses the April 12, 2026 game against the Missoula Anchors (rest)."
2242,100296,91739,933,2025-12-28,out,Cortez is out for the Hartford Comets matchup with back spasms.
2243,100508,91739,933,2026-02-03,out,"Cortez misses the February 3, 2026 game against the Missoula Anchors (personal)."
2244,100526,91739,933,2026-02-06,out,"Cortez misses the February 6, 2026 game against the Baton Rouge Falcons (personal)."
2245,100534,91739,933,2026-02-07,out,"Cortez misses the February 7, 2026 game against the Raleigh Wardens (personal)."
2246,100564,91739,933,2026-02-20,out,"Due to an illness, Cortez is out against the Tacoma Talons."
2247,100580,91739,933,2026-02-23,out,Cortez is out for the Reno Ridgebacks matchup with a calf strain.
2248,100591,91739,933,2026-02-25,out,"Cortez will not play on February 25, 2026 because of a calf strain."
2249,100607,91739,933,2026-03-01,out,"Cortez misses the March 1, 2026 game against the Fresno Bison (wrist)."
2250,100616,91739,933,2026-03-03,out,"Cortez misses the March 3, 2026 game against the Grand Rapids Drifters (wrist)."
2251,100622,91739,933,2026-03-04,out,"Cortez misses the March 4, 2026 game against the Albuquerque Lancers (wrist)."
2252,100632,91739,933,2026-03-05,out,"Ruled out for March 5, 2026, Cortez cites a sprained wrist."
2253,100650,91739,933,2026-03-08,out,Cortez is out for the Hartford Comets matchup with a sprained wrist.
2254,100659,91739,933,2026-03-10,out,"Cortez will not play on March 10, 2026 because of a sprained wrist."
2255,100668,91739,933,2026-03-11,out,"Cortez misses the March 11, 2026 game against the Missoula Anchors (wrist)."
2256,100677,91739,933,2026-03-13,out,"Cortez will not play on March 13, 2026 because of a sprained wrist."
2257,100695,91739,933,2026-03-16,out,Cortez (wrist) is out for this game against the Louisville Nomads.
2258,100702,91739,933,2026-03-18,out,"Cortez will not play on March 18, 2026 because of a sprained wrist."
2259,100724,91739,933,2026-03-21,out,"Cortez will not play on March 21, 2026 because of a sprained wrist."
2260,100735,91739,933,2026-03-23,out,Cortez (wrist) is out for this game against the Bakersfield Wranglers.
2261,100752,91739,933,2026-03-25,out,Cortez (wrist) is out for this game against the Boise Glaciers.
2262,100761,91739,933,2026-03-27,out,Cortez (wrist) is out for this game against the Providence Skylarks.
2263,100765,91739,933,2026-03-28,out,"Cortez misses the March 28, 2026 game against the Richmond Kestrels (wrist)."
2264,100768,91739,933,2026-03-29,out,"Cortez misses the March 29, 2026 game against the Des Moines Vultures (wrist)."
2265,100775,91739,933,2026-03-30,out,Cortez is out for the Albany Condors matchup with a sprained wrist.
2266,100787,91739,933,2026-04-01,out,"Cortez misses the April 1, 2026 game against the Cheyenne Pioneers (wrist)."
2267,100794,91739,933,2026-04-02,out,"Ruled out for April 2, 2026, Cortez cites a sprained wrist."
2268,100803,91739,933,2026-04-05,out,"Cortez misses the April 5, 2026 game against the Columbus Voyagers (wrist)."
2269,100813,91739,933,2026-04-07,out,"Cortez misses the April 7, 2026 game against the Anchorage Herons (wrist)."
2270,100823,91739,933,2026-04-08,out,"Ruled out for April 8, 2026, Cortez cites a sprained wrist."
2271,100828,91739,933,2026-04-10,out,Cortez is out for the Newark Mustangs matchup with a sprained wrist.
2272,100838,91739,933,2026-04-12,out,"Ruled out for April 12, 2026, Cortez cites a sprained wrist."
2273,100053,93251,486,2025-11-01,out,"Ruled out for November 1, 2025, Ramsey cites concussion protocol."
2274,100056,93251,486,2025-11-02,out,"Due to concussion protocol, Ramsey is out against the Cheyenne Pioneers."
2275,100061,93251,486,2025-11-03,out,"Ramsey will not play on November 3, 2025 because of concussion protocol."
2276,100075,93251,486,2025-11-05,out,"Due to concussion protocol, Ramsey is out against the Austin Sentinels."
2277,100079,93251,486,2025-11-07,out,Ramsey is out for the Tulsa Admirals matchup with concussion protocol.
2278,100125,93251,486,2025-11-16,out,Ramsey (rest) is out for this game against the Richmond Kestrels.
2279,100135,93251,486,2025-11-18,out,"Ruled out for November 18, 2025, Ramsey cites rest."
2280,100146,93251,486,2025-11-20,out,"Due to rest, Ramsey is out against the Missoula Anchors."
2281,100151,93251,486,2025-11-21,out,"Ramsey misses the November 21, 2025 game against the Boise Glaciers (rest)."
2282,100163,93251,486,2025-11-24,out,"Due to personal reasons, Ramsey is out against the Honolulu Miners."
2283,100170,93251,486,2025-11-26,out,Ramsey is out for the Tacoma Talons matchup with personal reasons.
2284,100265,93251,486,2025-12-21,out,"Ruled out for December 21, 2025, Ramsey cites an illness."
2285,100311,93251,486,2025-12-30,out,Ramsey is out for the Austin Sentinels matchup with an illness.
2286,100443,93251,486,2026-01-22,out,"Ramsey will not play on January 22, 2026 because of back spasms."
2287,100492,93251,486,2026-01-31,out,Ramsey (ankle) is out for this game against the Columbus Voyagers.
2288,100649,93251,486,2026-03-08,out,"Ruled out for March 8, 2026, Ramsey cites a sprained wrist."
2289,100782,93251,486,2026-03-31,out,"Due to hamstring tightness, Ramsey is out against the Albany Condors."
2290,100013,93460,547,2025-10-24,out,"Carver misses the October 24, 2025 game against the Albany Condors (calf)."
2291,100051,93460,547,2025-11-01,out,"Carver will not play on November 1, 2025 because of personal reasons."
2292,100064,93460,547,2025-11-03,out,"Due to personal reasons, Carver is out against the Jacksonville Cobras."
2293,100069,93460,547,2025-11-04,out,"Ruled out for November 4, 2025, Carver cites personal reasons."
2294,100079,93460,547,2025-11-07,out,"Due to concussion protocol, Carver is out against the Spokane Outlaws."
2295,100104,93460,547,2025-11-11,out,"Carver misses the November 11, 2025 game against the Honolulu Miners (concussion)."
2296,100109,93460,547,2025-11-12,out,"Ruled out for November 12, 2025, Carver cites concussion protocol."
2297,100138,93460,547,2025-11-18,out,"Due to concussion protocol, Carver is out against the Baton Rouge Falcons."
2298,100147,93460,547,2025-11-20,out,"Ruled out for November 20, 2025, Carver cites concussion protocol."
2299,100155,93460,547,2025-11-22,out,Carver is out for the Bakersfield Wranglers matchup with concussion protocol.
2300,100171,93460,547,2025-11-26,out,"Ruled out for November 26, 2025, Carver cites personal reasons."
2301,100212,93460,547,2025-12-05,out,Carver (wrist) is out for this game against the Boise Glaciers.
2302,100216,93460,547,2025-12-06,out,Carver is out for the Missoula Anchors matchup with a sprained wrist.
2303,100249,93460,547,2025-12-18,out,"Due to personal reasons, Carver is out against the Providence Skylarks."
2304,100253,93460,547,2025-12-19,out,"Carver misses the December 19, 2025 game against the Boise Glaciers (personal)."
2305,100312,93460,547,2025-12-30,out,"Ruled out for December 30, 2025, Carver cites back spasms."
2306,100739,93460,547,2026-03-23,out,Carver (calf) is out for this game against the Fresno Bison.
2307,100795,93460,547,2026-04-02,out,Carver (calf) is out for this game against the Boise Glaciers.
2308,100808,93460,547,2026-04-05,out,"Carver misses the April 5, 2026 game against the Albany Condors (calf)."
2309,100818,93460,547,2026-04-07,out,Carver is out for the Cheyenne Pioneers matchup with a calf strain.
2310,100290,94374,162,2025-12-27,out,Thackeray is out for the Newark Mustangs matchup with an illness.
2311,100360,94374,162,2026-01-09,out,Thackeray is out for the El Paso Ospreys matchup with a sprained wrist.
2312,100385,94374,162,2026-01-12,out,"Ruled out for January 12, 2026, Thackeray cites knee soreness."
2313,100392,94374,162,2026-01-13,out,"Thackeray misses the January 13, 2026 game against the Des Moines Vultures (knee)."
2314,100396,94374,162,2026-01-14,out,"Thackeray misses the January 14, 2026 game against the Boise Glaciers (knee)."
2315,100403,94374,162,2026-01-15,out,Thackeray is out for the Boise Glaciers matchup with knee soreness.
2316,100429,94374,162,2026-01-20,out,"Ruled out for January 20, 2026, Thackeray cites knee soreness."
2317,100440,94374,162,2026-01-22,out,"Thackeray misses the January 22, 2026 game against the Cheyenne Pioneers (knee)."
2318,100447,94374,162,2026-01-23,out,Thackeray is out for the Honolulu Miners matchup with knee soreness.
2319,100470,94374,162,2026-01-27,out,Thackeray is out for the Columbus Voyagers matchup with knee soreness.
2320,100474,94374,162,2026-01-28,out,"Thackeray will not play on January 28, 2026 because of knee soreness."
2321,100476,94374,162,2026-01-29,out,"Thackeray misses the January 29, 2026 game against the Spokane Outlaws (knee)."
2322,100491,94374,162,2026-01-31,out,"Due to rest, Thackeray is out against the Missoula Anchors."
2323,100615,94374,162,2026-03-02,out,"Due to a calf strain, Thackeray is out against the Reno Ridgebacks."
2324,100734,94374,162,2026-03-23,out,Thackeray is out for the Des Moines Vultures matchup with concussion protocol.
2325,100143,94795,908,2025-11-19,out,"McAllister misses the November 19, 2025 game against the Fresno Bison (personal)."
2326,100175,94795,908,2025-11-28,out,McAllister (illness) is out for this game against the Fresno Bison.
2327,100190,94795,908,2025-12-01,out,McAllister is out for the Spokane Outlaws matchup with a calf strain.
2328,100197,94795,908,2025-12-03,out,"McAllister will not play on December 3, 2025 because of a calf strain."
2329,100252,94795,908,2025-12-18,out,"Due to a sprained wrist, McAllister is out against the Anchorage Herons."
2330,100310,94795,908,2025-12-30,out,McAllister (concussion) is out for this game against the Anchorage Herons.
2331,100334,94795,908,2026-01-03,out,"Due to a sprained wrist, McAllister is out against the Cheyenne Pioneers."
2332,100343,94795,908,2026-01-05,out,"Due to personal reasons, McAllister is out against the Grand Rapids Drifters."
2333,100383,94795,908,2026-01-12,out,"McAllister will not play on January 12, 2026 because of a calf strain."
2334,100407,94795,908,2026-01-16,out,"McAllister misses the January 16, 2026 game against the Cheyenne Pioneers (calf)."
2335,100417,94795,908,2026-01-18,out,McAllister (calf) is out for this game against the Newark Mustangs.
2336,100451,94795,908,2026-01-23,out,"Due to a sprained wrist, McAllister is out against the Reno Ridgebacks."
2337,100477,94795,908,2026-01-29,out,"Ruled out for January 29, 2026, McAllister cites a sprained wrist."
2338,100495,94795,908,2026-02-01,out,McAllister (concussion) is out for this game against the Albany Condors.
2339,100511,94795,908,2026-02-03,out,McAllister (concussion) is out for this game against the Albuquerque Lancers.
2340,100526,94795,908,2026-02-06,out,McAllister is out for the Austin Sentinels matchup with concussion protocol.
2341,100584,94795,908,2026-02-24,out,"McAllister misses the February 24, 2026 game against the Reno Ridgebacks (back)."
2342,100644,94795,908,2026-03-08,out,"McAllister misses the March 8, 2026 game against the Columbus Voyagers (personal)."
2343,100691,94795,908,2026-03-16,out,McAllister is out for the Boise Glaciers matchup with knee soreness.
2344,100705,94795,908,2026-03-18,out,"McAllister misses the March 18, 2026 game against the Spokane Outlaws (rest)."
2345,100772,94795,908,2026-03-29,out,McAllister (illness) is out for this game against the Cincinnati Stallions.
2346,100804,94795,908,2026-04-05,out,"Due to concussion protocol, McAllister is out against the Fresno Bison."
2347,100814,94795,908,2026-04-07,out,"McAllister misses the April 7, 2026 game against the Grand Rapids Drifters (concussion)."
2348,100821,94795,908,2026-04-08,out,McAllister is out for the Albuquerque Lancers matchup with concussion protocol.
2349,100830,94795,908,2026-04-10,out,"Due to concussion protocol, McAllister is out against the Bakersfield Wranglers."
2350,100836,94795,908,2026-04-12,out,McAllister (concussion) is out for this game against the Nashville Tempest.
2351,100184,94836,908,2025-11-30,out,"Due to an illness, Sutter is out against the Birmingham Foxes."
2352,100299,94836,908,2025-12-28,out,"Sutter will not play on December 28, 2025 because of a sprained ankle."
2353,100310,94836,908,2025-12-30,out,"Due to a sprained ankle, Sutter is out against the Anchorage Herons."
2354,100377,94836,908,2026-01-11,out,Sutter (rest) is out for this game against the Boise Glaciers.
2355,100526,94836,908,2026-02-06,out,"Sutter misses the February 6, 2026 game against the Austin Sentinels (hamstring)."
2356,100559,94836,908,2026-02-19,out,"Sutter will not play on February 19, 2026 because of personal reasons."
2357,100644,94836,908,2026-03-08,out,"Ruled out for March 8, 2026, Sutter cites personal reasons."
2358,100654,94836,908,2026-03-09,out,Sutter (personal) is out for this game against the Richmond Kestrels.
2359,100659,94836,908,2026-03-10,out,"Ruled out for March 10, 2026, Sutter cites personal reasons."
2360,100672,94836,908,2026-03-12,out,"Ruled out for March 12, 2026, Sutter cites a sprained ankle."
2361,100731,94836,908,2026-03-22,out,Sutter is out for the Cincinnati Stallions matchup with a sprained wrist.
2362,100821,94836,908,2026-04-08,out,"Sutter misses the April 8, 2026 game against the Albuquerque Lancers (calf)."
2363,100830,94836,908,2026-04-10,out,Sutter (calf) is out for this game against the Bakersfield Wranglers.
2364,100191,95001,788,2025-12-01,out,"Bellamy will not play on December 1, 2025 because of hamstring tightness."
2365,100231,95001,788,2025-12-11,out,"Due to hamstring tightness, Bellamy is out against the Nashville Tempest."
2366,100239,95001,788,2025-12-14,out,"Ruled out for December 14, 2025, Bellamy cites hamstring tightness."
2367,100287,95001,788,2025-12-26,out,Bellamy (ankle) is out for this game against the Spokane Outlaws.
2368,100353,95001,788,2026-01-07,out,"Bellamy misses the January 7, 2026 game against the Fresno Bison (wrist)."
2369,100358,95001,788,2026-01-08,out,Bellamy is out for the Raleigh Wardens matchup with a sprained wrist.
2370,100362,95001,788,2026-01-09,out,Bellamy is out for the Boise Glaciers matchup with a sprained wrist.
2371,100401,95001,788,2026-01-15,out,"Ruled out for January 15, 2026, Bellamy cites rest."
2372,100407,95001,788,2026-01-16,out,"Bellamy will not play on January 16, 2026 because of rest."
2373,100420,95001,788,2026-01-18,out,"Bellamy misses the January 18, 2026 game against the Grand Rapids Drifters (hamstring)."
2374,100428,95001,788,2026-01-20,out,Bellamy is out for the Richmond Kestrels matchup with hamstring tightness.
2375,100440,95001,788,2026-01-22,out,Bellamy is out for the Albuquerque Lancers matchup with hamstring tightness.
2376,100474,95001,788,2026-01-28,out,Bellamy (ankle) is out for this game against the Albuquerque Lancers.
2377,100477,95001,788,2026-01-29,out,Bellamy is out for the Baton Rouge Falcons matchup with a sprained ankle.
2378,100503,95001,788,2026-02-02,out,"Ruled out for February 2, 2026, Bellamy cites concussion protocol."
2379,100560,95001,788,2026-02-19,out,"Bellamy will not play on February 19, 2026 because of knee soreness."
2380,100565,95001,788,2026-02-20,out,"Due to knee soreness, Bellamy is out against the Missoula Anchors."
2381,100591,95001,788,2026-02-25,out,"Due to knee soreness, Bellamy is out against the Austin Sentinels."
2382,100619,95001,788,2026-03-03,out,Bellamy is out for the Cincinnati Stallions matchup with rest.
2383,100627,95001,788,2026-03-05,out,"Ruled out for March 5, 2026, Bellamy cites rest."
2384,100638,95001,788,2026-03-06,out,Bellamy (rest) is out for this game against the Bakersfield Wranglers.
2385,100660,95001,788,2026-03-10,out,Bellamy (rest) is out for this game against the Columbus Voyagers.
2386,100671,95001,788,2026-03-12,out,"Bellamy misses the March 12, 2026 game against the Hartford Comets (rest)."
2387,100676,95001,788,2026-03-13,out,Bellamy is out for the Anchorage Herons matchup with rest.
2388,100690,95001,788,2026-03-16,out,"Bellamy misses the March 16, 2026 game against the Reno Ridgebacks (rest)."
2389,100704,95001,788,2026-03-18,out,Bellamy (rest) is out for this game against the Boise Glaciers.
2390,100716,95001,788,2026-03-20,out,Bellamy (rest) is out for this game against the Columbus Voyagers.
2391,100722,95001,788,2026-03-21,out,Bellamy is out for the Hartford Comets matchup with rest.
2392,100741,95001,788,2026-03-24,out,Bellamy (rest) is out for this game against the Tacoma Talons.
2393,100750,95001,788,2026-03-25,out,"Due to rest, Bellamy is out against the Newark Mustangs."
2394,100753,95001,788,2026-03-26,out,"Bellamy misses the March 26, 2026 game against the Birmingham Foxes (rest)."
2395,100758,95001,788,2026-03-27,out,"Ruled out for March 27, 2026, Bellamy cites rest."
2396,100779,95001,788,2026-03-30,out,Bellamy is out for the Anchorage Herons matchup with rest.
2397,100784,95001,788,2026-03-31,out,Bellamy is out for the Missoula Anchors matchup with rest.
2398,100787,95001,788,2026-04-01,out,"Bellamy misses the April 1, 2026 game against the Austin Sentinels (rest)."
2399,100792,95001,788,2026-04-02,out,Bellamy (rest) is out for this game against the Anchorage Herons.
2400,100798,95001,788,2026-04-03,out,Bellamy (rest) is out for this game against the Honolulu Miners.
2401,100810,95001,788,2026-04-06,out,"Due to rest, Bellamy is out against the El Paso Ospreys."
2402,100818,95001,788,2026-04-07,out,Bellamy is out for the Tulsa Admirals matchup with rest.
2403,100829,95001,788,2026-04-10,out,Bellamy (rest) is out for this game against the Spokane Outlaws.
2404,100058,95149,162,2025-11-02,out,"Due to personal reasons, Salazar is out against the Bakersfield Wranglers."
2405,100062,95149,162,2025-11-03,out,"Salazar will not play on November 3, 2025 because of personal reasons."
2406,100067,95149,162,2025-11-04,out,"Ruled out for November 4, 2025, Salazar cites personal reasons."
2407,100089,95149,162,2025-11-08,out,"Salazar will not play on November 8, 2025 because of concussion protocol."
2408,100099,95149,162,2025-11-10,out,"Due to concussion protocol, Salazar is out against the Boise Glaciers."
2409,100134,95149,162,2025-11-17,out,Salazar (concussion) is out for this game against the Anchorage Herons.
2410,100140,95149,162,2025-11-19,out,"Ruled out for November 19, 2025, Salazar cites concussion protocol."
2411,100220,95149,162,2025-12-07,out,"Salazar will not play on December 7, 2025 because of back spasms."
2412,100269,95149,162,2025-12-22,out,Salazar (concussion) is out for this game against the Nashville Tempest.
2413,100286,95149,162,2025-12-26,out,Salazar (ankle) is out for this game against the Austin Sentinels.
2414,100302,95149,162,2025-12-29,out,"Due to a calf strain, Salazar is out against the Honolulu Miners."
2415,100312,95149,162,2025-12-30,out,Salazar (calf) is out for this game against the Tulsa Admirals.
2416,100392,95149,162,2026-01-13,out,Salazar is out for the Des Moines Vultures matchup with personal reasons.
2417,100491,95149,162,2026-01-31,out,Salazar is out for the Missoula Anchors matchup with an illness.
2418,100688,95149,162,2026-03-15,out,"Salazar will not play on March 15, 2026 because of an illness."
2419,100811,95149,162,2026-04-06,out,Salazar is out for the Missoula Anchors matchup with a sprained ankle.
2420,100824,95149,162,2026-04-09,out,Salazar is out for the Fresno Bison matchup with a sprained ankle.
2421,100833,95149,162,2026-04-10,out,"Due to a sprained ankle, Salazar is out against the Anchorage Herons."
2422,100024,96469,217,2025-10-26,out,Whitaker is out for the Spokane Outlaws matchup with rest.
2423,100064,96469,217,2025-11-03,out,Whitaker (rest) is out for this game against the Tulsa Admirals.
2424,100067,96469,217,2025-11-04,out,"Whitaker misses the November 4, 2025 game against the Albuquerque Lancers (rest)."
2425,100072,96469,217,2025-11-05,out,"Due to rest, Whitaker is out against the Honolulu Miners."
2426,100088,96469,217,2025-11-08,out,Whitaker is out for the Bakersfield Wranglers matchup with rest.
2427,100108,96469,217,2025-11-12,out,Whitaker is out for the Fresno Bison matchup with rest.
2428,100118,96469,217,2025-11-14,out,Whitaker (rest) is out for this game against the Reno Ridgebacks.
2429,100144,96469,217,2025-11-19,out,"Ruled out for November 19, 2025, Whitaker cites rest."
2430,100198,96469,217,2025-12-03,out,"Whitaker will not play on December 3, 2025 because of rest."
2431,100203,96469,217,2025-12-04,out,Whitaker is out for the Fresno Bison matchup with rest.
2432,100278,96469,217,2025-12-23,out,"Whitaker will not play on December 23, 2025 because of rest."
2433,100298,96469,217,2025-12-28,out,"Whitaker will not play on December 28, 2025 because of rest."
2434,100301,96469,217,2025-12-29,out,Whitaker (rest) is out for this game against the Spokane Outlaws.
2435,100341,96469,217,2026-01-05,out,"Ruled out for January 5, 2026, Whitaker cites rest."
2436,100349,96469,217,2026-01-06,out,"Ruled out for January 6, 2026, Whitaker cites rest."
2437,100378,96469,217,2026-01-11,out,"Whitaker will not play on January 11, 2026 because of rest."
2438,100390,96469,217,2026-01-13,out,"Whitaker misses the January 13, 2026 game against the El Paso Ospreys (rest)."
2439,100424,96469,217,2026-01-19,out,"Whitaker misses the January 19, 2026 game against the Tulsa Admirals (rest)."
2440,100441,96469,217,2026-01-22,out,"Ruled out for January 22, 2026, Whitaker cites concussion protocol."
2441,100481,96469,217,2026-01-29,out,Whitaker is out for the Anchorage Herons matchup with concussion protocol.
2442,100004,98421,789,2025-10-22,out,Vance (ankle) is out for this game against the Austin Sentinels.
2443,100016,98421,789,2025-10-24,out,Vance (ankle) is out for this game against the Fresno Bison.
2444,100018,98421,789,2025-10-25,out,Vance (ankle) is out for this game against the Columbus Voyagers.
2445,100032,98421,789,2025-10-27,out,"Ruled out for October 27, 2025, Vance cites a sprained ankle."
2446,100043,98421,789,2025-10-30,out,"Ruled out for October 30, 2025, Vance cites a sprained ankle."
2447,100047,98421,789,2025-10-31,out,"Vance will not play on October 31, 2025 because of a sprained ankle."
2448,100050,98421,789,2025-11-01,out,"Vance misses the November 1, 2025 game against the Des Moines Vultures (ankle)."
2449,100059,98421,789,2025-11-02,out,"Vance will not play on November 2, 2025 because of a sprained ankle."
2450,100069,98421,789,2025-11-04,out,"Vance misses the November 4, 2025 game against the Tulsa Admirals (ankle)."
2451,100077,98421,789,2025-11-05,out,"Vance misses the November 5, 2025 game against the Tulsa Admirals (ankle)."
2452,100082,98421,789,2025-11-07,out,"Ruled out for November 7, 2025, Vance cites a sprained ankle."
2453,100084,98421,789,2025-11-08,out,"Vance misses the November 8, 2025 game against the Raleigh Wardens (ankle)."
2454,100094,98421,789,2025-11-10,out,Vance (ankle) is out for this game against the Des Moines Vultures.
2455,100101,98421,789,2025-11-11,out,"Vance will not play on November 11, 2025 because of a sprained ankle."
2456,100106,98421,789,2025-11-12,out,Vance (ankle) is out for this game against the Missoula Anchors.
2457,100115,98421,789,2025-11-14,out,"Due to a sprained ankle, Vance is out against the Albuquerque Lancers."
2458,100122,98421,789,2025-11-15,out,"Ruled out for November 15, 2025, Vance cites a sprained ankle."
2459,100127,98421,789,2025-11-16,out,"Ruled out for November 16, 2025, Vance cites a sprained ankle."
2460,100131,98421,789,2025-11-17,out,"Vance misses the November 17, 2025 game against the Bakersfield Wranglers (ankle)."
2461,100149,98421,789,2025-11-21,out,"Vance will not play on November 21, 2025 because of a sprained ankle."
2462,100170,98421,789,2025-11-26,out,"Vance will not play on November 26, 2025 because of a sprained ankle."
2463,100228,98421,789,2025-12-10,out,"Due to back spasms, Vance is out against the Cincinnati Stallions."
2464,100246,98421,789,2025-12-18,out,Vance is out for the Buffalo Marshals matchup with a calf strain.
2465,100274,98421,789,2025-12-23,out,Vance is out for the Spokane Outlaws matchup with hamstring tightness.
2466,100363,98421,789,2026-01-09,out,Vance (ankle) is out for this game against the Spokane Outlaws.
2467,100426,98421,789,2026-01-19,out,"Due to a calf strain, Vance is out against the Boise Glaciers."
2468,100472,98421,789,2026-01-28,out,"Vance misses the January 28, 2026 game against the Raleigh Wardens (personal)."
2469,100564,98421,789,2026-02-20,out,Vance is out for the Austin Sentinels matchup with back spasms.
2470,100608,98421,789,2026-03-01,out,"Vance misses the March 1, 2026 game against the Grand Rapids Drifters (illness)."
2471,100661,98421,789,2026-03-10,out,Vance (wrist) is out for this game against the Newark Mustangs.
2472,100679,98421,789,2026-03-13,out,Vance (illness) is out for this game against the Birmingham Foxes.
2473,100738,98421,789,2026-03-23,out,"Due to concussion protocol, Vance is out against the Spokane Outlaws."
2474,100789,98421,789,2026-04-01,out,"Vance will not play on April 1, 2026 because of a calf strain."
2475,100199,98605,788,2025-12-03,out,"Radford misses the December 3, 2025 game against the Albany Condors (calf)."
2476,100317,98605,788,2025-12-31,out,Radford is out for the Albuquerque Lancers matchup with a sprained ankle.
2477,100326,98605,788,2026-01-02,out,Radford (ankle) is out for this game against the Tacoma Talons.
2478,100334,98605,788,2026-01-03,out,Radford is out for the Baton Rouge Falcons matchup with a sprained ankle.
2479,100353,98605,788,2026-01-07,out,"Radford will not play on January 7, 2026 because of a sprained ankle."
2480,100415,98605,788,2026-01-17,out,Radford is out for the Missoula Anchors matchup with a sprained wrist.
2481,100428,98605,788,2026-01-20,out,"Due to hamstring tightness, Radford is out against the Richmond Kestrels."
2482,100690,98605,788,2026-03-16,out,"Ruled out for March 16, 2026, Radford cites hamstring tightness."
2483,100741,98605,788,2026-03-24,out,"Radford will not play on March 24, 2026 because of rest."
2484,100818,98605,788,2026-04-07,out,Radford is out for the Tulsa Admirals matchup with hamstring tightness.
2485,100058,99241,386,2025-11-02,out,"Ruled out for November 2, 2025, Yates cites a calf strain."
2486,100088,99241,386,2025-11-08,out,"Yates will not play on November 8, 2025 because of personal reasons."
2487,100107,99241,386,2025-11-12,out,"Ruled out for November 12, 2025, Yates cites concussion protocol."
2488,100121,99241,386,2025-11-15,out,Yates is out for the Missoula Anchors matchup with concussion protocol.
2489,100135,99241,386,2025-11-18,out,"Ruled out for November 18, 2025, Yates cites back spasms."
2490,100176,99241,386,2025-11-28,out,"Yates misses the November 28, 2025 game against the Boise Glaciers (ankle)."
2491,100183,99241,386,2025-11-29,out,"Yates will not play on November 29, 2025 because of a sprained ankle."
2492,100204,99241,386,2025-12-04,out,Yates is out for the Honolulu Miners matchup with rest.
2493,100211,99241,386,2025-12-05,out,Yates (rest) is out for this game against the Tacoma Talons.
2494,100226,99241,386,2025-12-08,out,"Due to a sprained ankle, Yates is out against the Tulsa Admirals."
2495,100238,99241,386,2025-12-14,out,Yates is out for the Cincinnati Stallions matchup with a sprained ankle.
2496,100260,99241,386,2025-12-20,out,"Ruled out for December 20, 2025, Yates cites a sprained ankle."
2497,100305,99241,386,2025-12-29,out,Yates is out for the Birmingham Foxes matchup with concussion protocol.
2498,100309,99241,386,2025-12-30,out,Yates is out for the Honolulu Miners matchup with concussion protocol.
2499,100316,99241,386,2025-12-31,out,"Yates misses the December 31, 2025 game against the Tacoma Talons (concussion)."
2500,100412,99241,386,2026-01-17,out,Yates (personal) is out for this game against the Spokane Outlaws.
2501,100483,99241,386,2026-01-30,out,"Due to knee soreness, Yates is out against the Reno Ridgebacks."
2502,100504,99241,386,2026-02-02,out,"Yates will not play on February 2, 2026 because of an illness."
2503,100536,99241,386,2026-02-09,out,"Ruled out for February 9, 2026, Yates cites a sprained ankle."
2504,100549,99241,386,2026-02-11,out,Yates is out for the Hartford Comets matchup with a sprained ankle.
2505,100559,99241,386,2026-02-19,out,Yates (ankle) is out for this game against the Baton Rouge Falcons.
2506,100563,99241,386,2026-02-20,out,Yates (ankle) is out for this game against the Spokane Outlaws.
2507,100617,99241,386,2026-03-03,out,Yates (knee) is out for this game against the Columbus Voyagers.
2508,100657,99241,386,2026-03-10,out,"Yates will not play on March 10, 2026 because of knee soreness."
2509,100664,99241,386,2026-03-11,out,"Ruled out for March 11, 2026, Yates cites knee soreness."
2510,100683,99241,386,2026-03-14,out,"Ruled out for March 14, 2026, Yates cites a sprained wrist."
2511,100706,99241,386,2026-03-18,out,"Due to a sprained wrist, Yates is out against the Buffalo Marshals."
2512,100709,99241,386,2026-03-19,out,"Yates misses the March 19, 2026 game against the Boise Glaciers (wrist)."
2513,100735,99241,386,2026-03-23,out,"Yates will not play on March 23, 2026 because of back spasms."
2514,100796,99241,386,2026-04-03,out,"Due to an illness, Yates is out against the Spokane Outlaws."
2515,100830,99241,386,2026-04-10,out,"Yates will not play on April 10, 2026 because of a sprained wrist."
2516,100057,99632,604,2025-11-02,out,"Sawyer misses the November 2, 2025 game against the Boise Glaciers (knee)."
2517,100093,99632,604,2025-11-09,out,Sawyer (personal) is out for this game against the Bakersfield Wranglers.
2518,100105,99632,604,2025-11-12,out,"Ruled out for November 12, 2025, Sawyer cites back spasms."
2519,100130,99632,604,2025-11-16,out,Sawyer is out for the Reno Ridgebacks matchup with concussion protocol.
2520,100134,99632,604,2025-11-17,out,"Due to concussion protocol, Sawyer is out against the Albuquerque Lancers."
2521,100168,99632,604,2025-11-24,out,Sawyer is out for the Austin Sentinels matchup with personal reasons.
2522,100173,99632,604,2025-11-26,out,"Ruled out for November 26, 2025, Sawyer cites personal reasons."
2523,100180,99632,604,2025-11-29,out,"Due to an illness, Sawyer is out against the Tulsa Admirals."
2524,100206,99632,604,2025-12-04,out,Sawyer (wrist) is out for this game against the Raleigh Wardens.
2525,100209,99632,604,2025-12-05,out,"Sawyer will not play on December 5, 2025 because of a sprained wrist."
2526,100215,99632,604,2025-12-06,out,"Ruled out for December 6, 2025, Sawyer cites a sprained wrist."
2527,100222,99632,604,2025-12-07,out,"Sawyer will not play on December 7, 2025 because of a sprained wrist."
2528,100235,99632,604,2025-12-12,out,"Due to a sprained wrist, Sawyer is out against the Boise Glaciers."
2529,100244,99632,604,2025-12-17,out,"Sawyer misses the December 17, 2025 game against the El Paso Ospreys (wrist)."
2530,100252,99632,604,2025-12-18,out,Sawyer is out for the Baton Rouge Falcons matchup with a sprained wrist.
2531,100256,99632,604,2025-12-20,out,"Sawyer will not play on December 20, 2025 because of a sprained wrist."
2532,100281,99632,604,2025-12-25,out,"Sawyer misses the December 25, 2025 game against the El Paso Ospreys (wrist)."
2533,100291,99632,604,2025-12-27,out,"Sawyer misses the December 27, 2025 game against the Cheyenne Pioneers (wrist)."
2534,100298,99632,604,2025-12-28,out,"Due to a sprained wrist, Sawyer is out against the Jacksonville Cobras."
2535,100308,99632,604,2025-12-29,out,Sawyer (wrist) is out for this game against the Buffalo Marshals.
2536,100310,99632,604,2025-12-30,out,Sawyer is out for the Baton Rouge Falcons matchup with a sprained wrist.
2537,100314,99632,604,2025-12-31,out,Sawyer (wrist) is out for this game against the Nashville Tempest.
2538,100321,99632,604,2026-01-01,out,"Sawyer misses the January 1, 2026 game against the Baton Rouge Falcons (wrist)."
2539,100325,99632,604,2026-01-02,out,Sawyer (wrist) is out for this game against the Tulsa Admirals.
2540,100339,99632,604,2026-01-04,out,Sawyer (wrist) is out for this game against the Cincinnati Stallions.
2541,100348,99632,604,2026-01-06,out,"Sawyer misses the January 6, 2026 game against the Providence Skylarks (wrist)."
2542,100366,99632,604,2026-01-09,out,Sawyer is out for the Richmond Kestrels matchup with rest.
2543,100389,99632,604,2026-01-13,out,Sawyer is out for the Birmingham Foxes matchup with rest.
2544,100402,99632,604,2026-01-15,out,Sawyer is out for the Columbus Voyagers matchup with rest.
2545,100408,99632,604,2026-01-16,out,Sawyer (rest) is out for this game against the Honolulu Miners.
2546,100414,99632,604,2026-01-17,out,"Due to rest, Sawyer is out against the Fresno Bison."
2547,100427,99632,604,2026-01-19,out,"Sawyer misses the January 19, 2026 game against the Louisville Nomads (rest)."
2548,100430,99632,604,2026-01-20,out,Sawyer (rest) is out for this game against the Birmingham Foxes.
2549,100456,99632,604,2026-01-25,out,Sawyer is out for the Columbus Voyagers matchup with rest.
2550,100468,99632,604,2026-01-27,out,"Ruled out for January 27, 2026, Sawyer cites rest."
2551,100588,99632,604,2026-02-25,out,"Sawyer misses the February 25, 2026 game against the Spokane Outlaws (back)."
2552,100805,99632,604,2026-04-05,out,"Sawyer will not play on April 5, 2026 because of back spasms."
2553,100833,99632,604,2026-04-10,out,"Sawyer misses the April 10, 2026 game against the Albuquerque Lancers (rest)."
2554,100074,99908,430,2025-11-05,out,"Castellano will not play on November 5, 2025 because of personal reasons."
2555,100106,99908,430,2025-11-12,out,"Ruled out for November 12, 2025, Castellano cites an illness."
2556,100146,99908,430,2025-11-20,out,"Castellano will not play on November 20, 2025 because of personal reasons."
2557,100177,99908,430,2025-11-28,out,"Due to personal reasons, Castellano is out against the Grand Rapids Drifters."
2558,100496,99908,430,2026-02-01,out,"Due to an illness, Castellano is out against the Hartford Comets."
2559,100520,99908,430,2026-02-05,out,"Due to concussion protocol, Castellano is out against the Richmond Kestrels."
2560,100527,99908,430,2026-02-07,out,"Ruled out for February 7, 2026, Castellano cites concussion protocol."
2561,100536,99908,430,2026-02-09,out,"Castellano will not play on February 9, 2026 because of concussion protocol."
2562,100544,99908,430,2026-02-10,out,"Due to concussion protocol, Castellano is out against the Boise Glaciers."
2563,100565,99908,430,2026-02-20,out,"Castellano misses the February 20, 2026 game against the Cheyenne Pioneers (concussion)."
2564,100570,99908,430,2026-02-21,out,"Ruled out for February 21, 2026, Castellano cites concussion protocol."
2565,100576,99908,430,2026-02-22,out,"Castellano misses the February 22, 2026 game against the Austin Sentinels (concussion)."
2566,100600,99908,430,2026-02-27,out,"Ruled out for February 27, 2026, Castellano cites an illness."
2567,100611,99908,430,2026-03-01,out,"Due to an illness, Castellano is out against the Providence Skylarks."
2568,100613,99908,430,2026-03-02,out,"Due to an illness, Castellano is out against the Baton Rouge Falcons."
2569,100623,99908,430,2026-03-04,out,Castellano is out for the Fresno Bison matchup with an illness.
2570,100634,99908,430,2026-03-06,out,"Ruled out for March 6, 2026, Castellano cites an illness."
2571,100655,99908,430,2026-03-10,out,"Castellano will not play on March 10, 2026 because of an illness."
2572,100668,99908,430,2026-03-11,out,Castellano (illness) is out for this game against the Austin Sentinels.
2573,100694,99908,430,2026-03-16,out,"Castellano will not play on March 16, 2026 because of an illness."
2574,100699,99908,430,2026-03-17,out,Castellano (illness) is out for this game against the Richmond Kestrels.
2575,100700,99908,430,2026-03-18,out,"Ruled out for March 18, 2026, Castellano cites an illness."
2576,100718,99908,430,2026-03-21,out,"Castellano will not play on March 21, 2026 because of an illness."
2577,100736,99908,430,2026-03-23,out,"Due to an illness, Castellano is out against the Birmingham Foxes."
2578,100748,99908,430,2026-03-25,out,Castellano is out for the El Paso Ospreys matchup with an illness.
2579,100755,99908,430,2026-03-27,out,"Castellano misses the March 27, 2026 game against the Jacksonville Cobras (illness)."
2580,100766,99908,430,2026-03-28,out,"Castellano misses the March 28, 2026 game against the Des Moines Vultures (illness)."
2581,100777,99908,430,2026-03-30,out,"Due to an illness, Castellano is out against the Columbus Voyagers."
2582,100784,99908,430,2026-03-31,out,Castellano (illness) is out for this game against the Cheyenne Pioneers.
2583,100799,99908,430,2026-04-03,out,Castellano is out for the Anchorage Herons matchup with an illness.
2584,100811,99908,430,2026-04-06,out,"Ruled out for April 6, 2026, Castellano cites a sprained ankle."
2585,100834,99908,430,2026-04-12,out,"Castellano will not play on April 12, 2026 because of concussion protocol."
2586,100006,78739,662,2025-10-22,probable,"Sinclair was probable with concussion protocol and played on October 22, 2025."
2587,100033,86086,933,2025-10-27,questionable,"Despite a questionable tag for rest, Dupree suited up on October 27, 2025."
2588,100077,29082,789,2025-11-05,probable,"Sutter was probable with a sprained ankle and played on November 5, 2025."
2589,100110,79473,740,2025-11-12,probable,"Emerson was probable with concussion protocol and played on November 12, 2025."
2590,100112,49758,908,2025-11-12,questionable,"Kirby was questionable heading into November 12, 2025 with a sprained wrist and still played."
2591,100116,39103,547,2025-11-14,probable,"Rutledge carried a probable tag for knee soreness but was available on November 14, 2025."
2592,100126,95001,788,2025-11-16,questionable,"Despite a questionable tag for rest, Bellamy suited up on November 16, 2025."
2593,100127,58407,789,2025-11-16,questionable,"Despite a questionable tag for hamstring tightness, Vance suited up on November 16, 2025."
2594,100148,91739,933,2025-11-20,questionable,"Despite a questionable tag for a calf strain, Cortez suited up on November 20, 2025."
2595,100149,81637,108,2025-11-21,probable,"Jennings was probable with back spasms and played on November 21, 2025."
2596,100157,14273,750,2025-11-22,probable,"Listed as probable (knee), Hale took the court against the El Paso Ospreys."
2597,100162,49758,908,2025-11-24,probable,"Listed as probable (personal), Kirby took the court against the Louisville Nomads."
2598,100198,94374,162,2025-12-03,questionable,"Despite a questionable tag for personal reasons, Thackeray suited up on December 3, 2025."
2599,100227,17360,430,2025-12-08,questionable,"Despite a questionable tag for hamstring tightness, Maddox suited up on December 8, 2025."
2600,100234,63515,727,2025-12-12,probable,"Sawyer was probable with concussion protocol and played on December 12, 2025."
2601,100275,34648,273,2025-12-23,questionable,Sinclair (rest) was listed as questionable but played against the Cheyenne Pioneers.
2602,100282,82140,430,2025-12-25,questionable,"Despite a questionable tag for an illness, Granger suited up on December 25, 2025."
2603,100345,97451,554,2026-01-05,questionable,"Despite a questionable tag for rest, McAllister suited up on January 5, 2026."
2604,100378,58808,430,2026-01-11,probable,"Abbott was probable with hamstring tightness and played on January 11, 2026."
2605,100409,67308,740,2026-01-16,probable,"Listed as probable (hamstring), McAllister took the court against the Austin Sentinels."
2606,100417,77461,554,2026-01-18,probable,"Yates carried a probable tag for a sprained ankle but was available on January 18, 2026."
2607,100433,93896,709,2026-01-20,probable,"Listed as probable (concussion), Hargrove took the court against the El Paso Ospreys."
2608,100477,17411,908,2026-01-29,questionable,"Despite a questionable tag for an illness, Sheffield suited up on January 29, 2026."
2609,100480,59761,662,2026-01-29,probable,"Listed as probable (concussion), Ramsey took the court against the Austin Sentinels."
2610,100484,94836,908,2026-01-30,questionable,"Despite a questionable tag for a sprained ankle, Sutter suited up on January 30, 2026."
2611,100503,71124,547,2026-02-02,probable,"Mercer was probable with an illness and played on February 2, 2026."
2612,100513,73406,547,2026-02-04,probable,"Ocampo carried a probable tag for concussion protocol but was available on February 4, 2026."
2613,100532,94795,908,2026-02-07,questionable,"McAllister was questionable heading into February 7, 2026 with hamstring tightness and still played."
2614,100538,53271,908,2026-02-09,questionable,Garner (calf) was listed as questionable but played against the Boise Glaciers.
2615,100541,99632,604,2026-02-09,probable,"Sawyer was probable with an illness and played on February 9, 2026."
2616,100552,79473,740,2026-02-11,probable,"Listed as probable (personal), Emerson took the court against the Fresno Bison."
2617,100554,33364,788,2026-02-12,probable,"Pruitt carried a probable tag for back spasms but was available on February 12, 2026."
2618,100650,91209,709,2026-03-08,probable,"Brennan was probable with a calf strain and played on March 8, 2026."
2619,100700,24597,430,2026-03-18,probable,"Oakley carried a probable tag for a sprained ankle but was available on March 18, 2026."
2620,100726,22845,217,2026-03-21,probable,"Rutledge carried a probable tag for a sprained ankle but was available on March 21, 2026."
2621,100755,56789,430,2026-03-27,probable,"Beckett was probable with back spasms and played on March 27, 2026."
2622,100757,55480,592,2026-03-27,probable,"Listed as probable (concussion), Beckett took the court against the Reno Ridgebacks."
2623,100758,52237,788,2026-03-27,probable,"Pruitt was probable with personal reasons and played on March 27, 2026."
2624,100759,57788,326,2026-03-27,probable,"Navarro carried a probable tag for knee soreness but was available on March 27, 2026."
2625,100787,98605,788,2026-04-01,probable,"Listed as probable (wrist), Radford took the court against the Austin Sentinels."
2626,100815,15951,727,2026-04-07,questionable,"Despite a questionable tag for knee soreness, Sinclair suited up on April 7, 2026."
2627,100840,58609,386,2026-04-12,probable,"Listed as probable (calf), Bellamy took the court against the El Paso Ospreys."
